Rank,Word
1,the
2,of
3,and
4,to
5,in
6,that
7,was
8,he
9,his
10,with
11,is
12,it
13,for
14,as
15,had
16,you
17,not
18,be
19,on
20,at
21,by
22,her
23,which
24,have
25,or
26,from
27,this
28,but
29,all
30,him
31,she
32,were
33,they
34,my
35,are
36,so
37,me
38,their
39,an
40,one
41,de
42,we
43,who
44,would
45,said
46,been
47,no
48,will
49,them
50,when
51,if
52,there
53,out
54,any
55,up
56,into
57,your
58,has
59,do
60,what
61,could
62,our
63,than
64,other
65,some
66,very
67,man
68,upon
69,about
70,its
71,only
72,time
73,may
74,la
75,like
76,little
77,then
78,now
79,should
80,can
81,made
82,did
83,such
84,great
85,must
86,these
87,two
88,before
89,see
90,us
91,over
92,et
93,much
94,know
95,after
96,first
97,good
98,mr
99,down
100,never
101,most
102,where
103,those
104,old
105,men
106,own
107,shall
108,le
109,came
110,project
111,without
112,come
113,make
114,being
115,day
116,might
117,long
118,through
119,himself
120,work
121,how
122,go
123,am
124,way
125,en
126,even
127,que
128,many
129,well
130,say
131,every
132,too
133,think
134,under
135,life
136,went
137,back
138,same
139,last
140,found
141,take
142,people
143,thought
144,here
145,still
146,les
147,just
148,while
149,def
150,also
151,again
152,against
153,place
154,away
155,get
156,young
157,die
158,though
159,yet
160,give
161,hand
162,eyes
163,ever
164,part
165,des
166,left
167,things
168,years
169,took
170,nothing
171,put
172,new
173,three
174,always
175,und
176,off
177,once
178,another
179,right
180,between
181,each
182,face
183,because
184,whom
185,few
186,der
187,tell
188,son
189,love
190,far
191,un
192,seemed
193,house
194,hw
195,got
196,god
197,head
198,called
199,looked
200,whole
201,set
202,find
203,mrs
204,world
205,having
206,thing
207,both
208,told
209,let
210,look
211,night
212,going
213,heard
214,mind
215,knew
216,heart
217,seen
218,se
219,days
220,qui
221,name
222,among
223,done
224,better
225,full
226,something
227,du
228,moment
229,gave
230,country
231,almost
232,gutenberg
233,soon
234,course
235,cannot
236,asked
237,small
238,ne
239,enough
240,il
241,want
242,side
243,woman
244,however
245,home
246,brought
247,whose
248,nor
249,father
250,quite
251,words
252,given
253,till
254,pos
255,taken
256,use
257,hands
258,does
259,until
260,end
261,turned
262,thou
263,best
264,since
265,felt
266,word
267,lord
268,used
269,dans
270,light
271,oh
272,next
273,began
274,less
275,present
276,large
277,water
278,den
279,within
280,door
281,poor
282,certain
283,works
284,pas
285,sent
286,often
287,tt
288,stood
289,power
290,room
291,half
292,public
293,themselves
294,morning
295,sir
296,myself
297,keep
298,money
299,mother
300,une
301,thy
302,hundred
303,ets
304,je
305,kind
306,order
307,war
308,means
309,form
310,pour
311,round
312,received
313,voice
314,believe
315,white
316,miss
317,anything
318,near
319,others
320,thus
321,passed
322,matter
323,year
324,read
325,true
326,point
327,herself
328,friend
329,state
330,person
331,wife
332,already
333,above
334,high
335,met
336,says
337,together
338,why
339,perhaps
340,death
341,dear
342,fact
343,least
344,case
345,hear
346,known
347,english
348,four
349,hope
350,au
351,along
352,leave
353,sure
354,children
355,during
356,open
357,yes
358,several
359,king
360,indeed
361,therefore
362,number
363,feet
364,wish
365,gone
366,girl
367,lay
368,either
369,held
370,whether
371,letter
372,ce
373,help
374,free
375,general
376,vous
377,second
378,alone
379,return
380,women
381,nature
382,times
383,land
384,became
385,become
386,thousand
387,body
388,air
389,thee
390,call
391,sat
392,speak
393,united
394,itself
395,states
396,hour
397,john
398,reason
399,forth
400,feel
401,looking
402,following
403,rest
404,terms
405,business
406,electronic
407,behind
408,making
409,zu
410,cried
411,answered
412,plus
413,really
414,friends
415,towards
416,child
417,lost
418,human
419,replied
420,kept
421,coming
422,five
423,different
424,care
425,fire
426,short
427,manner
428,mean
429,city
430,fell
431,able
432,need
433,french
434,question
435,family
436,cause
437,seems
438,strong
439,par
440,ten
441,england
442,possible
443,dead
444,returned
445,bring
446,foundation
447,live
448,around
449,doubt
450,hard
451,soul
452,ask
453,sort
454,fine
455,hold
456,lady
457,black
458,beautiful
459,sense
460,close
461,subject
462,turn
463,town
464,followed
465,law
466,evening
467,truth
468,sa
469,ground
470,understand
471,show
472,lui
473,written
474,common
475,est
476,ought
477,fear
478,dark
479,party
480,ready
481,force
482,carried
483,early
484,talk
485,account
486,answer
487,ja
488,paid
489,across
490,arms
491,necessary
492,si
493,sometimes
494,earth
495,spirit
496,saying
497,idea
498,ebook
499,character
500,reached
501,copyright
502,sea
503,appeared
504,van
505,sight
506,interest
507,six
508,st
509,von
510,book
511,seem
512,taking
513,ye
514,continued
515,avec
516,spoke
517,strange
518,copy
519,age
520,longer
521,story
522,sn
523,nearly
524,line
525,further
526,feeling
527,footnote
528,later
529,suddenly
530,added
531,sich
532,brother
533,neither
534,stand
535,art
536,real
537,nicht
538,toward
539,rose
540,es
541,beyond
542,laws
543,sie
544,miles
545,chapter
546,everything
547,pretty
548,act
549,suppose
550,comes
551,ich
552,except
553,table
554,hours
555,river
556,cut
557,eye
558,change
559,past
560,nous
561,natural
562,entered
563,none
564,happy
565,position
566,france
567,else
568,clear
569,late
570,american
571,bed
572,laid
573,cold
574,bad
575,sound
576,remember
577,view
578,led
579,low
580,mit
581,forward
582,fair
583,although
584,makes
585,purpose
586,knowledge
587,living
588,pay
589,receive
590,blood
591,comme
592,army
593,daughter
594,note
595,opened
596,run
597,dr
598,el
599,doing
600,fall
601,dem
602,effect
603,pass
604,sun
605,road
606,ety
607,avait
608,ses
609,husband
610,charge
611,tried
612,certainly
613,important
614,literary
615,wanted
616,service
617,front
618,red
619,probably
620,future
621,pr
622,placed
623,especially
624,quill
625,desire
626,elle
627,send
628,office
629,archive
630,london
631,greater
632,te
633,big
634,letters
635,peace
636,hair
637,pleasure
638,lived
639,including
640,fld
641,horse
642,glad
643,remained
644,opinion
645,various
646,hath
647,bien
648,history
649,play
650,agreement
651,died
652,tout
653,cd
654,wrote
655,wild
656,ist
657,ran
658,government
659,donations
660,save
661,als
662,length
663,ah
664,master
665,latter
666,persons
667,col
668,hardly
669,gold
670,paper
671,particular
672,mark
673,information
674,cette
675,bear
676,fellow
677,church
678,attention
679,according
680,wind
681,per
682,ebooks
683,company
684,walked
685,chief
686,strength
687,gentleman
688,mine
689,paris
690,object
691,unless
692,duty
693,drew
694,single
695,distance
696,books
697,deal
698,mais
699,visit
700,foot
701,beauty
702,beginning
703,heavy
704,ein
705,standing
706,knows
707,thinking
708,loved
709,carry
710,immediately
711,captain
712,unto
713,try
714,rich
715,plain
716,sweet
717,madame
718,seeing
719,minutes
720,follow
721,trouble
722,yourself
723,write
724,chance
725,regard
726,filled
727,trees
728,ou
729,presence
730,merely
731,auf
732,secret
733,former
734,mere
735,appear
736,struck
737,learned
738,arm
739,giving
740,happened
741,influence
742,instead
743,condition
744,twenty
745,window
746,george
747,afraid
748,below
749,wrong
750,months
751,silence
752,broken
753,raised
754,outside
755,getting
756,caught
757,simple
758,lips
759,figure
760,ago
761,reach
762,easily
763,noble
764,whatever
765,dit
766,thoughts
767,een
768,ancient
769,blue
770,parts
771,leaving
772,agree
773,generally
774,showed
775,easy
776,ship
777,action
778,stay
779,hat
780,moved
781,property
782,fit
783,enemy
784,grew
785,afterwards
786,born
787,places
788,york
789,impossible
790,worth
791,http
792,arrived
793,occasion
794,remain
795,please
796,green
797,married
798,third
799,mouth
800,sleep
801,period
802,fresh
803,faith
804,system
805,writing
806,boys
807,horses
808,entirely
809,smile
810,blockquote
811,goes
812,usual
813,charles
814,covered
815,appearance
816,bound
817,respect
818,quiet
819,beside
820,dinner
821,expression
822,stopped
823,william
824,slowly
825,considerable
826,somewhat
827,walk
828,wonder
829,mary
830,greatest
831,provide
832,etext
833,german
834,perfect
835,court
836,exclaimed
837,youth
838,cost
839,etc
840,scarcely
841,sudden
842,christian
843,evil
844,danger
845,main
846,battle
847,wished
848,command
849,notice
850,piece
851,political
852,sister
853,trying
854,proper
855,started
856,considered
857,british
858,allowed
859,expected
860,joy
861,private
862,bright
863,result
864,school
865,sit
866,language
867,los
868,individual
869,south
870,mon
871,meant
872,food
873,wide
874,formed
875,week
876,seven
877,tears
878,opportunity
879,copies
880,value
881,och
882,waiting
883,broke
884,observed
885,support
886,due
887,village
888,fight
889,experience
890,reading
891,medium
892,stone
893,begin
894,circumstances
895,domain
896,discovered
897,personal
898,access
899,henry
900,speaking
901,learn
902,lines
903,offered
904,sitting
905,grand
906,efforts
907,society
908,boat
909,sans
910,takes
911,date
912,original
913,believed
914,difficult
915,conversation
916,wait
917,tree
918,produced
919,officers
920,paragraph
921,cast
922,month
923,top
924,supposed
925,tone
926,laughed
927,girls
928,intended
929,determined
930,indian
931,appears
932,step
933,honour
934,direction
935,gives
936,news
937,terrible
938,silent
939,produce
940,eight
941,ces
942,prepared
943,lie
944,scene
945,lives
946,effort
947,attempt
948,likely
949,associated
950,drawn
951,fifty
952,fast
953,street
954,wall
955,turning
956,troops
957,modern
958,usually
959,military
960,author
961,field
962,heaven
963,fee
964,pleased
965,quickly
966,perfectly
967,authority
968,soft
969,bit
970,chair
971,cry
972,hot
973,talking
974,passing
975,named
976,summer
977,dat
978,afternoon
979,allow
980,declared
981,passage
982,music
983,christ
984,soldiers
985,required
986,picture
987,simply
988,pleasant
989,fixed
990,permission
991,speech
992,marriage
993,study
994,race
995,religious
996,west
997,beneath
998,duke
999,ill
1000,tom
1001,official
1002,houses
1003,distribute
1004,spent
1005,roman
1006,ladies
1007,leaves
1008,justice
1009,straight
1010,trust
1011,break
1012,equal
1013,eat
1014,north
1015,killed
1016,threw
1017,physical
1018,religion
1019,watch
1020,understood
1021,forget
1022,ex
1023,instant
1024,ordered
1025,middle
1026,looks
1027,sin
1028,success
1029,built
1030,matters
1031,using
1032,obliged
1033,fortune
1034,spite
1035,wise
1036,provided
1037,moral
1038,keeping
1039,meeting
1040,aux
1041,plan
1042,walls
1043,touch
1044,closed
1045,running
1046,rise
1047,flowers
1048,social
1049,higher
1050,rate
1051,garden
1052,changed
1053,corner
1054,james
1055,steps
1056,orders
1057,eine
1058,island
1059,spring
1060,offer
1061,pain
1062,wood
1063,instance
1064,vain
1065,directly
1066,sufficient
1067,happiness
1068,journey
1069,pale
1070,dress
1071,ourselves
1072,conduct
1073,worthy
1074,lead
1075,non
1076,lying
1077,grave
1078,possession
1079,legal
1080,queen
1081,lower
1082,caused
1083,special
1084,cases
1085,stop
1086,nation
1087,al
1088,warm
1089,degree
1090,memory
1091,shown
1092,promise
1093,wie
1094,situation
1095,names
1096,spoken
1097,foreign
1098,deux
1099,greek
1100,rome
1101,members
1102,vast
1103,ma
1104,escape
1105,sake
1106,loss
1107,proved
1108,complete
1109,passion
1110,leur
1111,shot
1112,difficulty
1113,courage
1114,forced
1115,ordinary
1116,mighty
1117,fallen
1118,native
1119,concerning
1120,accepted
1121,board
1122,serious
1123,spread
1124,ways
1125,del
1126,marked
1127,spot
1128,colonel
1129,twelve
1130,wonderful
1131,questions
1132,prevent
1133,expect
1134,camp
1135,di
1136,move
1137,winter
1138,excellent
1139,additional
1140,america
1141,michael
1142,tax
1143,consider
1144,fait
1145,car
1146,faire
1147,distribution
1148,example
1149,silver
1150,glass
1151,share
1152,century
1153,engaged
1154,forms
1155,class
1156,start
1157,shook
1158,train
1159,mentioned
1160,minute
1161,lot
1162,europe
1163,enter
1164,decided
1165,particularly
1166,greatly
1167,method
1168,finally
1169,curious
1170,opposite
1171,prove
1172,described
1173,pure
1174,floor
1175,promised
1176,existence
1177,thirty
1178,xpage
1179,worse
1180,refund
1181,affairs
1182,sorry
1183,servant
1184,besides
1185,safe
1186,working
1187,anxious
1188,doctor
1189,thrown
1190,extent
1191,narrow
1192,pride
1193,breath
1194,repeated
1195,similar
1196,surprise
1197,exactly
1198,obtain
1199,march
1200,dog
1201,iron
1202,gentlemen
1203,marry
1204,crowd
1205,sought
1206,con
1207,knowing
1208,rule
1209,dollars
1210,page
1211,accept
1212,watched
1213,holding
1214,shore
1215,trademark
1216,drink
1217,officer
1218,judge
1219,serve
1220,attack
1221,movement
1222,possessed
1223,meaning
1224,million
1225,glance
1226,laugh
1227,trade
1228,lose
1229,search
1230,talked
1231,broad
1232,grace
1233,distant
1234,sign
1235,presented
1236,highest
1237,advantage
1238,peter
1239,difference
1240,clearly
1241,honest
1242,freely
1243,jesus
1244,royal
1245,july
1246,indians
1247,louis
1248,interesting
1249,seat
1250,heads
1251,illustration
1252,path
1253,proud
1254,posted
1255,finished
1256,space
1257,request
1258,fully
1259,sad
1260,quick
1261,ideas
1262,evidence
1263,sky
1264,auch
1265,ones
1266,fancy
1267,choose
1268,dropped
1269,dry
1270,taste
1271,sword
1272,confidence
1273,amount
1274,health
1275,liberty
1276,feelings
1277,wine
1278,rising
1279,lies
1280,da
1281,shut
1282,ships
1283,settled
1284,report
1285,conditions
1286,created
1287,june
1288,secure
1289,permitted
1290,remembered
1291,agreed
1292,daily
1293,seek
1294,obtained
1295,regarded
1296,national
1297,tall
1298,principal
1299,monsieur
1300,portion
1301,carefully
1302,points
1303,mountains
1304,add
1305,measure
1306,glory
1307,expressed
1308,dare
1309,clothes
1310,importance
1311,powers
1312,peculiar
1313,building
1314,brave
1315,smiled
1316,honor
1317,dream
1318,hung
1319,refused
1320,mountain
1321,license
1322,gentle
1323,occupied
1324,ears
1325,weeks
1326,sick
1327,president
1328,thick
1329,progress
1330,darkness
1331,claim
1332,pieces
1333,im
1334,game
1335,aid
1336,check
1337,immediate
1338,hearts
1339,succeeded
1340,aside
1341,file
1342,contrary
1343,fond
1344,reply
1345,served
1346,draw
1347,tu
1348,holy
1349,growing
1350,throughout
1351,bottom
1352,distributed
1353,events
1354,grow
1355,emperor
1356,animal
1357,leading
1358,touched
1359,false
1360,expense
1361,telling
1362,section
1363,judgment
1364,numerous
1365,sides
1366,spanish
1367,finding
1368,frequently
1369,creature
1370,hill
1371,altogether
1372,washington
1373,famous
1374,equally
1375,opening
1376,otherwise
1377,played
1378,cross
1379,active
1380,sharp
1381,bank
1382,surely
1383,tous
1384,forgotten
1385,advance
1386,capital
1387,jack
1388,sons
1389,facts
1390,desired
1391,willing
1392,surprised
1393,seized
1394,contact
1395,robert
1396,che
1397,hills
1398,necessity
1399,powerful
1400,naturally
1401,taught
1402,op
1403,established
1404,golden
1405,entire
1406,streets
1407,intellectual
1408,employed
1409,servants
1410,anyone
1411,kill
1412,bread
1413,crossed
1414,presently
1415,thin
1416,failed
1417,suffered
1418,fate
1419,phrase
1420,hart
1421,evidently
1422,sont
1423,november
1424,thomas
1425,waited
1426,stream
1427,coast
1428,hall
1429,david
1430,popular
1431,aware
1432,pointed
1433,appointed
1434,las
1435,bent
1436,gathered
1437,slight
1438,group
1439,aber
1440,apparently
1441,remarkable
1442,remains
1443,neck
1444,faces
1445,forest
1446,hast
1447,encore
1448,removed
1449,bore
1450,grown
1451,published
1452,birds
1453,midst
1454,divine
1455,distributing
1456,tells
1457,papers
1458,carriage
1459,joined
1460,noch
1461,characters
1462,population
1463,direct
1464,wealth
1465,comfort
1466,list
1467,blow
1468,tender
1469,stranger
1470,species
1471,december
1472,handsome
1473,worked
1474,prepare
1475,sacred
1476,liked
1477,noticed
1478,actually
1479,yellow
1480,surface
1481,consequence
1482,pity
1483,throw
1484,january
1485,habit
1486,weak
1487,putting
1488,congress
1489,distinguished
1490,pray
1491,nations
1492,freedom
1493,stage
1494,angry
1495,brown
1496,satisfied
1497,rain
1498,express
1499,principle
1500,advanced
1501,owner
1502,tired
1503,poet
1504,practice
1505,familiar
1506,reader
1507,por
1508,delight
1509,becomes
1510,weather
1511,fish
1512,oli
1513,nine
1514,interested
1515,approach
1516,weight
1517,truly
1518,material
1519,rules
1520,fingers
1521,carrying
1522,accompanied
1523,suggested
1524,rode
1525,total
1526,grass
1527,walking
1528,resolved
1529,richard
1530,principles
1531,quarter
1532,rights
1533,style
1534,regular
1535,dangerous
1536,song
1537,og
1538,saved
1539,education
1540,shadow
1541,wholly
1542,contain
1543,drive
1544,virtue
1545,fashion
1546,driven
1547,proceeded
1548,follows
1549,spirits
1550,gate
1551,dressed
1552,sentence
1553,twice
1554,wore
1555,extraordinary
1556,guard
1557,hearing
1558,beat
1559,informed
1560,august
1561,burst
1562,calm
1563,dont
1564,forces
1565,watching
1566,animals
1567,price
1568,wants
1569,science
1570,increased
1571,treated
1572,lifted
1573,thank
1574,discover
1575,receiving
1576,stands
1577,nur
1578,based
1579,april
1580,explained
1581,proposed
1582,heat
1583,ear
1584,address
1585,aus
1586,previous
1587,genius
1588,constant
1589,sending
1590,imagine
1591,guess
1592,chose
1593,hopes
1594,nach
1595,waters
1596,impression
1597,uncle
1598,valley
1599,snow
1600,su
1601,unknown
1602,printed
1603,statement
1604,comply
1605,machine
1606,woods
1607,windows
1608,suffer
1609,farther
1610,quietly
1611,interests
1612,occurred
1613,fut
1614,rank
1615,listened
1616,arrival
1617,needed
1618,tongue
1619,remarked
1620,relations
1621,absolutely
1622,final
1623,lo
1624,larger
1625,edge
1626,ii
1627,ceased
1628,loud
1629,capable
1630,moon
1631,mention
1632,box
1633,struggle
1634,season
1635,wounded
1636,philip
1637,double
1638,forty
1639,drove
1640,calling
1641,moving
1642,qex
1643,favour
1644,spain
1645,enemies
1646,october
1647,moi
1648,burning
1649,bearing
1650,fifteen
1651,volunteers
1652,busy
1653,title
1654,series
1655,pounds
1656,admitted
1657,countries
1658,collection
1659,slaves
1660,mission
1661,size
1662,possibly
1663,duties
1664,upper
1665,priest
1666,vessel
1667,subjects
1668,companion
1669,faithful
1670,minds
1671,height
1672,nice
1673,destroy
1674,separate
1675,suffering
1676,absence
1677,breast
1678,ni
1679,parties
1680,content
1681,noise
1682,demand
1683,inhabitants
1684,hoped
1685,listen
1686,release
1687,pair
1688,numbers
1689,buy
1690,gods
1691,remove
1692,sympathy
1693,completely
1694,sum
1695,moments
1696,falling
1697,slow
1698,begun
1699,hurt
1700,qau
1701,shoulders
1702,current
1703,wisdom
1704,continue
1705,niet
1706,rapidly
1707,amongst
1708,gained
1709,affection
1710,splendid
1711,advice
1712,join
1713,square
1714,whispered
1715,bitter
1716,mich
1717,alive
1718,majesty
1719,italy
1720,han
1721,pressed
1722,addition
1723,drawing
1724,task
1725,fool
1726,kingdom
1727,cruel
1728,sunday
1729,shape
1730,slave
1731,birth
1732,policy
1733,post
1734,credit
1735,sold
1736,superior
1737,professor
1738,relation
1739,yours
1740,storm
1741,catch
1742,delicate
1743,palace
1744,seated
1745,peu
1746,won
1747,constantly
1748,ihm
1749,loose
1750,legs
1751,zijn
1752,soldier
1753,italian
1754,empty
1755,ils
1756,imagination
1757,demanded
1758,practical
1759,unable
1760,quality
1761,sorrow
1762,belief
1763,civil
1764,bird
1765,um
1766,dozen
1767,committed
1768,station
1769,nearer
1770,chosen
1771,affair
1772,explain
1773,satisfaction
1774,shows
1775,friendly
1776,fort
1777,happen
1778,admit
1779,smoke
1780,germany
1781,dying
1782,consideration
1783,fighting
1784,brief
1785,kindly
1786,huge
1787,literature
1788,bought
1789,addressed
1790,apply
1791,proof
1792,gradually
1793,spiritual
1794,increase
1795,ik
1796,ihr
1797,flesh
1798,partly
1799,fruit
1800,deeply
1801,east
1802,connected
1803,paying
1804,brilliant
1805,hij
1806,supply
1807,coat
1808,edward
1809,limited
1810,thinks
1811,firm
1812,nobody
1813,ride
1814,pwh
1815,ring
1816,shoulder
1817,enjoy
1818,centre
1819,worst
1820,member
1821,bringing
1822,whenever
1823,friendship
1824,supper
1825,useful
1826,wear
1827,reasons
1828,sooner
1829,attached
1830,instantly
1831,shame
1832,rough
1833,minister
1834,protect
1835,intention
1836,assistance
1837,highly
1838,bodies
1839,sein
1840,applied
1841,soil
1842,features
1843,stated
1844,cover
1845,objects
1846,smiling
1847,couple
1848,inside
1849,rocks
1850,commanded
1851,fought
1852,count
1853,breakfast
1854,crime
1855,grief
1856,irish
1857,conscience
1858,fields
1859,notes
1860,exercise
1861,understanding
1862,assured
1863,require
1864,det
1865,relief
1866,fail
1867,buried
1868,female
1869,welcome
1870,playing
1871,dignity
1872,hate
1873,needs
1874,countenance
1875,site
1876,lands
1877,motion
1878,rendered
1879,blind
1880,extreme
1881,fairly
1882,mad
1883,mile
1884,process
1885,showing
1886,editions
1887,bare
1888,poetry
1889,brain
1890,drop
1891,surrounded
1892,parents
1893,rare
1894,asking
1895,entrance
1896,introduced
1897,degrees
1898,control
1899,careful
1900,print
1901,clean
1902,conscious
1903,stones
1904,durch
1905,variety
1906,donc
1907,immense
1908,etait
1909,becoming
1910,devoted
1911,everybody
1912,level
1913,figures
1914,virginia
1915,directed
1916,raise
1917,dull
1918,aunt
1919,eager
1920,stars
1921,sacrifice
1922,compelled
1923,faint
1924,teeth
1925,thoroughly
1926,labor
1927,pulled
1928,text
1929,escaped
1930,colour
1931,cup
1932,gray
1933,strike
1934,lest
1935,description
1936,citizens
1937,tea
1938,precious
1939,custom
1940,message
1941,rooms
1942,choice
1943,divided
1944,older
1945,granted
1946,excited
1947,sous
1948,einen
1949,knees
1950,laughing
1951,connection
1952,prayer
1953,mercy
1954,results
1955,awful
1956,closely
1957,fly
1958,whilst
1959,accustomed
1960,evident
1961,fees
1962,avoid
1963,solemn
1964,composed
1965,mental
1966,doors
1967,computer
1968,theory
1969,suit
1970,ended
1971,cities
1972,sprang
1973,recognized
1974,devil
1975,stories
1976,term
1977,weary
1978,arose
1979,violent
1980,fault
1981,crown
1982,seldom
1983,intelligence
1984,actual
1985,hidden
1986,acquaintance
1987,volume
1988,status
1989,color
1990,sufficiently
1991,hurried
1992,aussi
1993,mistress
1994,excitement
1995,september
1996,requirements
1997,praise
1998,writer
1999,plenty
2000,delivered
2001,dust
2002,pocket
2003,ihn
2004,represented
2005,protection
2006,una
2007,event
2008,arranged
2009,goods
2010,approached
2011,nose
2012,dreadful
2013,tale
2014,terror
2015,concerned
2016,chamber
2017,kissed
2018,containing
2019,scattered
2020,remaining
2021,attitude
2022,visited
2023,returning
2024,ei
2025,whence
2026,perceived
2027,innocent
2028,fill
2029,utterly
2030,quand
2031,chiefly
2032,natives
2033,yards
2034,cool
2035,article
2036,attended
2037,cousin
2038,pictures
2039,circle
2040,energy
2041,union
2042,extremely
2043,learning
2044,february
2045,included
2046,dire
2047,prison
2048,liability
2049,wishes
2050,ascii
2051,singing
2052,providing
2053,temps
2054,favor
2055,younger
2056,production
2057,kindness
2058,votre
2059,souls
2060,calls
2061,clouds
2062,ahead
2063,wenn
2064,provisions
2065,acts
2066,harry
2067,vessels
2068,smith
2069,causes
2070,anger
2071,fellows
2072,worn
2073,plans
2074,absolute
2075,contained
2076,charming
2077,yesterday
2078,salt
2079,reported
2080,manners
2081,rushed
2082,expenses
2083,victory
2084,local
2085,att
2086,joseph
2087,castle
2088,lover
2089,increasing
2090,vision
2091,pages
2092,bold
2093,severe
2094,rien
2095,explanation
2096,services
2097,leurs
2098,miserable
2099,successful
2100,branches
2101,san
2102,views
2103,oder
2104,performed
2105,observe
2106,ease
2107,lake
2108,signs
2109,teach
2110,worship
2111,stock
2112,ireland
2113,quantity
2114,kinds
2115,earlier
2116,interrupted
2117,apart
2118,voices
2119,confess
2120,convinced
2121,valuable
2122,sell
2123,roof
2124,growth
2125,commercial
2126,aan
2127,articles
2128,pardon
2129,record
2130,replacement
2131,development
2132,stepped
2133,base
2134,treatment
2135,dogs
2136,arthur
2137,fat
2138,type
2139,wir
2140,mistake
2141,napoleon
2142,glorious
2143,inclined
2144,anywhere
2145,milk
2146,bridge
2147,excuse
2148,humble
2149,everywhere
2150,meat
2151,cela
2152,skin
2153,gently
2154,likewise
2155,dick
2156,affected
2157,consent
2158,generous
2159,adopted
2160,acquainted
2161,helped
2162,guide
2163,parliament
2164,wit
2165,setting
2166,throne
2167,indicate
2168,visible
2169,flat
2170,formerly
2171,armed
2172,wicked
2173,universal
2174,exact
2175,readily
2176,ignorant
2177,voyage
2178,thousands
2179,related
2180,striking
2181,homme
2182,paused
2183,toute
2184,latin
2185,foolish
2186,israel
2187,trial
2188,unfortunate
2189,singular
2190,sees
2191,anybody
2192,gift
2193,proportion
2194,feared
2195,hotel
2196,spend
2197,fled
2198,attend
2199,witness
2200,remark
2201,mysterious
2202,european
2203,audience
2204,safety
2205,eternal
2206,skill
2207,guns
2208,located
2209,bow
2210,readable
2211,fierce
2212,earnest
2213,kings
2214,shalt
2215,destroyed
2216,sail
2217,bill
2218,suis
2219,extended
2220,cattle
2221,pushed
2222,sounds
2223,plants
2224,temple
2225,admiration
2226,alle
2227,band
2228,links
2229,med
2230,dance
2231,refuse
2232,doubtless
2233,prisoner
2234,details
2235,blessed
2236,police
2237,enjoyed
2238,patient
2239,iii
2240,gay
2241,source
2242,anxiety
2243,swept
2244,flight
2245,domestic
2246,abroad
2247,toujours
2248,glanced
2249,division
2250,unhappy
2251,stretched
2252,fatal
2253,effects
2254,displayed
2255,forgot
2256,ends
2257,einer
2258,win
2259,sang
2260,wound
2261,guilty
2262,lack
2263,store
2264,doctrine
2265,picked
2266,belong
2267,slept
2268,disk
2269,labour
2270,kiss
2271,library
2272,slightly
2273,conclusion
2274,shining
2275,troubled
2276,range
2277,islands
2278,changes
2279,habits
2280,lately
2281,wondered
2282,temper
2283,applicable
2284,furnished
2285,afford
2286,render
2287,departure
2288,hatte
2289,qualities
2290,hence
2291,toutes
2292,slavery
2293,gets
2294,painted
2295,utmost
2296,delighted
2297,image
2298,uttered
2299,sentiment
2300,ruin
2301,resolution
2302,belonged
2303,argument
2304,arise
2305,melancholy
2306,maid
2307,wet
2308,regret
2309,files
2310,online
2311,thence
2312,einem
2313,banks
2314,strongly
2315,compliance
2316,governor
2317,curiosity
2318,lighted
2319,reference
2320,hide
2321,prisoners
2322,displaying
2323,opinions
2324,rapid
2325,disposed
2326,breaking
2327,waste
2328,defective
2329,ball
2330,behold
2331,inquired
2332,families
2333,desert
2334,mes
2335,reaching
2336,ice
2337,hitherto
2338,reduced
2339,branch
2340,necessarily
2341,mounted
2342,methods
2343,doth
2344,bei
2345,obs
2346,discovery
2347,companions
2348,fn
2349,midnight
2350,retired
2351,entre
2352,possess
2353,occasionally
2354,invited
2355,dared
2356,celebrated
2357,plant
2358,shade
2359,acted
2360,cloud
2361,plainly
2362,ashamed
2363,expedition
2364,reasonable
2365,press
2366,frightened
2367,trembling
2368,thanks
2369,concluded
2370,self
2371,profit
2372,proceed
2373,loves
2374,forgive
2375,begged
2376,utter
2377,triumph
2378,sand
2379,reality
2380,web
2381,permanent
2382,university
2383,limitation
2384,properly
2385,consciousness
2386,nos
2387,distinct
2388,reputation
2389,spn
2390,harm
2391,listening
2392,agreeable
2393,wings
2394,uns
2395,flung
2396,suggestion
2397,comfortable
2398,savage
2399,bowed
2400,rage
2401,egypt
2402,classes
2403,ere
2404,gazed
2405,measures
2406,origin
2407,despair
2408,confusion
2409,region
2410,creatures
2411,accomplished
2412,jamais
2413,equivalent
2414,thine
2415,shop
2416,recent
2417,probable
2418,stick
2419,frank
2420,fourth
2421,majority
2422,reign
2423,catholic
2424,preserve
2425,risk
2426,chinese
2427,major
2428,dreams
2429,urged
2430,flower
2431,appeal
2432,fleet
2433,turns
2434,sugar
2435,murder
2436,cheeks
2437,asleep
2438,violence
2439,copying
2440,male
2441,difficulties
2442,shouted
2443,grey
2444,spare
2445,announced
2446,derived
2447,solid
2448,poem
2449,approaching
2450,elizabeth
2451,blame
2452,belonging
2453,borne
2454,assumed
2455,magnificent
2456,fois
2457,benefit
2458,millions
2459,calculated
2460,household
2461,disposition
2462,flying
2463,estate
2464,painful
2465,host
2466,rolled
2467,boston
2468,waves
2469,profits
2470,towns
2471,gun
2472,vor
2473,doch
2474,thrust
2475,russian
2476,destruction
2477,bosom
2478,corps
2479,speed
2480,market
2481,punishment
2482,kitchen
2483,noon
2484,materials
2485,finger
2486,handed
2487,attempted
2488,frequent
2489,quelque
2490,raising
2491,suspicion
2492,ages
2493,keen
2494,fame
2495,opposition
2496,design
2497,philosophy
2498,gaze
2499,grant
2500,compared
2501,patience
2502,co
2503,horror
2504,stairs
2505,hanging
2506,finds
2507,moins
2508,emotion
2509,lonely
2510,para
2511,build
2512,softly
2513,somewhere
2514,wretched
2515,secretary
2516,delightful
2517,ignorance
2518,lieu
2519,lights
2520,managed
2521,ha
2522,beloved
2523,amid
2524,costs
2525,jour
2526,error
2527,disease
2528,laughter
2529,mystery
2530,smooth
2531,disappeared
2532,cease
2533,accident
2534,nevertheless
2535,selected
2536,hundreds
2537,format
2538,mi
2539,vol
2540,prefer
2541,guests
2542,confirmed
2543,niin
2544,reward
2545,smaller
2546,corn
2547,boats
2548,burned
2549,essential
2550,margaret
2551,circumstance
2552,mixed
2553,delay
2554,artist
2555,mode
2556,agent
2557,priests
2558,cloth
2559,loving
2560,pp
2561,independent
2562,issue
2563,sind
2564,wooden
2565,maintain
2566,knight
2567,readers
2568,movements
2569,charm
2570,pursued
2571,sidenote
2572,treat
2573,apparent
2574,career
2575,treaty
2576,earl
2577,stared
2578,weakness
2579,travel
2580,email
2581,substance
2582,frame
2583,notion
2584,practically
2585,sheep
2586,murmured
2587,accordance
2588,alike
2589,horrible
2590,hole
2591,eggs
2592,dutch
2593,perform
2594,slipped
2595,misery
2596,acquired
2597,scheme
2598,speaks
2599,enormous
2600,pause
2601,seine
2602,key
2603,preserved
2604,mortal
2605,merry
2606,femme
2607,atmosphere
2608,warranties
2609,electronically
2610,damages
2611,oil
2612,cries
2613,zij
2614,pope
2615,assure
2616,nervous
2617,distinction
2618,deck
2619,warranty
2620,occasions
2621,vague
2622,dawn
2623,performing
2624,claims
2625,poured
2626,farm
2627,trace
2628,opposed
2629,nay
2630,permit
2631,stronger
2632,yeux
2633,rude
2634,deny
2635,secured
2636,constitution
2637,instinct
2638,inches
2639,brings
2640,experienced
2641,entitled
2642,purposes
2643,entering
2644,verse
2645,leader
2646,charged
2647,reports
2648,dim
2649,derive
2650,throat
2651,hit
2652,desperate
2653,crowded
2654,meal
2655,impulse
2656,available
2657,resumed
2658,writers
2659,notre
2660,voor
2661,conviction
2662,declare
2663,flame
2664,russia
2665,helen
2666,wird
2667,port
2668,ideal
2669,jim
2670,princess
2671,vie
2672,avoir
2673,haste
2674,route
2675,dread
2676,requires
2677,stayed
2678,alexander
2679,bishop
2680,bell
2681,clever
2682,flew
2683,recovered
2684,decision
2685,aspect
2686,western
2687,bible
2688,insisted
2689,afterward
2690,quelques
2691,exist
2692,threatened
2693,silk
2694,separated
2695,ont
2696,northern
2697,descended
2698,supported
2699,leaned
2700,remarks
2701,joe
2702,accounts
2703,eleven
2704,exposed
2705,owing
2706,stern
2707,vote
2708,hier
2709,centuries
2710,tied
2711,saint
2712,steady
2713,sorts
2714,falls
2715,creating
2716,rush
2717,references
2718,defence
2719,discussion
2720,werden
2721,collected
2722,referred
2723,idle
2724,yield
2725,departed
2726,quarters
2727,cavalry
2728,characteristic
2729,seeking
2730,rear
2731,johnson
2732,forehead
2733,ambition
2734,zum
2735,profound
2736,occur
2737,version
2738,crying
2739,sank
2740,observation
2741,sensible
2742,comment
2743,senate
2744,scientific
2745,gates
2746,founded
2747,obtaining
2748,burden
2749,scenes
2750,district
2751,hastily
2752,jane
2753,developed
2754,bones
2755,sovereign
2756,ocean
2757,communication
2758,rested
2759,britain
2760,uniform
2761,gratitude
2762,council
2763,vers
2764,imagined
2765,humanity
2766,mankind
2767,kuin
2768,donate
2769,perceive
2770,useless
2771,enthusiasm
2772,exceedingly
2773,selbst
2774,fix
2775,elements
2776,venture
2777,christmas
2778,princes
2779,critical
2780,riding
2781,nearest
2782,abandoned
2783,errors
2784,notwithstanding
2785,jeune
2786,hers
2787,chez
2788,cared
2789,staff
2790,contributions
2791,na
2792,southern
2793,prospect
2794,instrument
2795,shadows
2796,royalty
2797,territory
2798,fr
2799,continually
2800,contents
2801,leaning
2802,slightest
2803,odd
2804,cheerful
2805,pipe
2806,begins
2807,somehow
2808,luck
2809,hurry
2810,sole
2811,cap
2812,grateful
2813,capacity
2814,daughters
2815,jean
2816,voir
2817,beast
2818,edition
2819,arrangement
2820,astonished
2821,prayers
2822,cf
2823,settle
2824,brow
2825,lofty
2826,apt
2827,province
2828,counsel
2829,interview
2830,community
2831,organization
2832,nights
2833,bless
2834,seriously
2835,trois
2836,cet
2837,display
2838,accordingly
2839,college
2840,actions
2841,grande
2842,inner
2843,incident
2844,shone
2845,caesar
2846,correct
2847,martin
2848,pen
2849,examined
2850,faut
2851,attacked
2852,fearful
2853,supreme
2854,pressure
2855,prevented
2856,drank
2857,infinite
2858,contains
2859,noted
2860,touching
2861,multitude
2862,rid
2863,senses
2864,defend
2865,hang
2866,sleeping
2867,recently
2868,retreat
2869,changing
2870,winds
2871,deed
2872,como
2873,cheek
2874,chain
2875,writes
2876,knife
2877,mississippi
2878,studied
2879,maintained
2880,fears
2881,owns
2882,depends
2883,dieu
2884,annual
2885,warning
2886,failure
2887,commerce
2888,consequently
2889,swift
2890,marched
2891,confined
2892,issued
2893,wives
2894,tide
2895,widow
2896,schools
2897,repeat
2898,driving
2899,industry
2900,commonly
2901,arrive
2902,saturday
2903,throwing
2904,trop
2905,intense
2906,francis
2907,somebody
2908,eating
2909,intimate
2910,hated
2911,contempt
2912,unusual
2913,holds
2914,firmly
2915,suspected
2916,beheld
2917,payments
2918,landed
2919,sixty
2920,acting
2921,ate
2922,devotion
2923,moreover
2924,merit
2925,stir
2926,intelligent
2927,africa
2928,tribes
2929,gross
2930,average
2931,runs
2932,shelter
2933,meanwhile
2934,passions
2935,damage
2936,element
2937,concealed
2938,til
2939,carolina
2940,coffee
2941,iv
2942,diese
2943,creation
2944,fathers
2945,exception
2946,bid
2947,angel
2948,jews
2949,marie
2950,contre
2951,largely
2952,instructions
2953,var
2954,herr
2955,sailed
2956,eagerly
2957,restored
2958,fever
2959,announcement
2960,problem
2961,parted
2962,fired
2963,revealed
2964,tent
2965,sex
2966,haar
2967,teaching
2968,signed
2969,cent
2970,debt
2971,deeper
2972,ainsi
2973,enabled
2974,devant
2975,puis
2976,passes
2977,offering
2978,sounded
2979,cape
2980,scarce
2981,realized
2982,legally
2983,provision
2984,generation
2985,roads
2986,sisters
2987,profession
2988,paragraphs
2989,assembled
2990,era
2991,af
2992,conducted
2993,china
2994,staring
2995,romans
2996,oxford
2997,examination
2998,favourite
2999,denn
3000,queer
3001,rev
3002,interior
3003,hollow
3004,cook
3005,holder
3006,residence
3007,harmless
3008,gifts
3009,establishment
3010,execution
3011,swear
3012,nurse
3013,shed
3014,cabin
3015,dancing
3016,obey
3017,additions
3018,hell
3019,commenced
3020,marks
3021,completed
3022,beings
3023,aim
3024,tribe
3025,supplied
3026,sentiments
3027,bon
3028,politics
3029,aloud
3030,standard
3031,possibility
3032,pains
3033,alarm
3034,walter
3035,empire
3036,masters
3037,crew
3038,zich
3039,scott
3040,signal
3041,row
3042,outer
3043,gazing
3044,etexts
3045,hid
3046,operation
3047,lamp
3048,pull
3049,tail
3050,exists
3051,reflection
3052,walks
3053,quarrel
3054,forever
3055,rarely
3056,torn
3057,lit
3058,bar
3059,nodded
3060,oath
3061,registered
3062,security
3063,wieder
3064,shaking
3065,naked
3066,endure
3067,folks
3068,wherever
3069,star
3070,francs
3071,goodness
3072,steadily
3073,elder
3074,election
3075,kun
3076,persuaded
3077,km
3078,considering
3079,buildings
3080,presents
3081,marble
3082,hastened
3083,poets
3084,mood
3085,drinking
3086,folk
3087,central
3088,succeed
3089,scotland
3090,exchange
3091,beaten
3092,deserted
3093,application
3094,match
3095,ours
3096,dan
3097,strain
3098,owe
3099,remote
3100,armies
3101,safely
3102,sources
3103,dragged
3104,sins
3105,mexico
3106,whereas
3107,previously
3108,folly
3109,preceding
3110,wrath
3111,bottle
3112,regiment
3113,dwell
3114,wrought
3115,gather
3116,distress
3117,pronounced
3118,card
3119,mistaken
3120,mehr
3121,ability
3122,authorities
3123,definite
3124,poverty
3125,wave
3126,describe
3127,activity
3128,tiny
3129,coup
3130,rang
3131,leaders
3132,shoes
3133,resistance
3134,distinctly
3135,commission
3136,tot
3137,receipt
3138,disturbed
3139,butter
3140,slain
3141,roi
3142,hatred
3143,burn
3144,waren
3145,christians
3146,bay
3147,belongs
3148,arts
3149,exhausted
3150,hungry
3151,existed
3152,include
3153,manage
3154,county
3155,decide
3156,coach
3157,determine
3158,gloomy
3159,genuine
3160,examine
3161,settlement
3162,crossing
3163,lightly
3164,tendency
3165,mingled
3166,relative
3167,wherein
3168,furniture
3169,encouraged
3170,alice
3171,hommes
3172,entity
3173,thither
3174,tower
3175,wondering
3176,shared
3177,conception
3178,inspired
3179,eighteen
3180,corrupt
3181,overcome
3182,deeds
3183,provinces
3184,lift
3185,portrait
3186,haben
3187,cottage
3188,user
3189,historical
3190,nun
3191,peut
3192,generations
3193,meme
3194,naar
3195,ad
3196,operations
3197,seed
3198,implied
3199,lively
3200,fitted
3201,anne
3202,leg
3203,steel
3204,startled
3205,trail
3206,depth
3207,bears
3208,deliver
3209,complying
3210,hunting
3211,porte
3212,restrictions
3213,sig
3214,strangers
3215,wanting
3216,fortunate
3217,passages
3218,solitary
3219,pointing
3220,regarding
3221,contrast
3222,purple
3223,payment
3224,beasts
3225,represent
3226,conceived
3227,cutting
3228,shock
3229,apartment
3230,suitable
3231,moses
3232,induced
3233,guest
3234,existing
3235,laying
3236,desires
3237,heavily
3238,jerusalem
3239,equipment
3240,mademoiselle
3241,schon
3242,preferred
3243,sunshine
3244,rivers
3245,obvious
3246,respectable
3247,admirable
3248,denied
3249,flow
3250,plate
3251,wandering
3252,derivative
3253,saith
3254,feels
3255,reflected
3256,clerk
3257,newspaper
3258,stuff
3259,track
3260,maar
3261,poems
3262,plays
3263,pick
3264,grounds
3265,lincoln
3266,heavens
3267,ed
3268,sus
3269,flag
3270,proprietary
3271,condemned
3272,fruits
3273,yard
3274,assist
3275,magic
3276,advantages
3277,dieser
3278,sam
3279,instances
3280,solicit
3281,suspect
3282,holland
3283,ugly
3284,consequences
3285,campaign
3286,roll
3287,thereof
3288,imposed
3289,testimony
3290,feed
3291,keeps
3292,attracted
3293,muttered
3294,forming
3295,recognize
3296,realize
3297,monde
3298,vanilla
3299,preparing
3300,rope
3301,individuals
3302,finish
3303,stirred
3304,zo
3305,churches
3306,songs
3307,owed
3308,pursuit
3309,performance
3310,slender
3311,motive
3312,leads
3313,civilization
3314,regards
3315,spaniards
3316,organized
3317,mostly
3318,depend
3319,recall
3320,resist
3321,handle
3322,masses
3323,lesson
3324,discourse
3325,enable
3326,offers
3327,consists
3328,detail
3329,positive
3330,unexpected
3331,tear
3332,inch
3333,refuge
3334,wilt
3335,estimate
3336,relieved
3337,feeble
3338,tenderness
3339,absurd
3340,avaient
3341,disclaimers
3342,summoned
3343,succession
3344,breach
3345,concern
3346,drunk
3347,satisfy
3348,alas
3349,financial
3350,copied
3351,directions
3352,hypertext
3353,blessing
3354,thereby
3355,ton
3356,cleared
3357,verses
3358,administration
3359,specific
3360,clemens
3361,agents
3362,indifferent
3363,bonaparte
3364,compressed
3365,create
3366,trip
3367,approved
3368,test
3369,awake
3370,beating
3371,gathering
3372,precisely
3373,losing
3374,gracious
3375,finest
3376,treasure
3377,merchant
3378,troubles
3379,inferior
3380,graceful
3381,cat
3382,fun
3383,coeur
3384,shoot
3385,software
3386,victim
3387,lawyer
3388,proofread
3389,ceremony
3390,wordforms
3391,ruined
3392,smell
3393,petit
3394,purchase
3395,colored
3396,defect
3397,zur
3398,tant
3399,altar
3400,knocked
3401,mutual
3402,involved
3403,autre
3404,courts
3405,astonishment
3406,ihre
3407,samuel
3408,construction
3409,cotton
3410,limbs
3411,structure
3412,sale
3413,eaten
3414,shortly
3415,favorite
3416,suggest
3417,tones
3418,attempts
3419,maiden
3420,wearing
3421,convey
3422,absent
3423,defects
3424,basis
3425,elected
3426,seiner
3427,teacher
3428,americans
3429,demands
3430,criminal
3431,alteration
3432,steep
3433,locked
3434,training
3435,exquisite
3436,feast
3437,theatre
3438,resources
3439,happens
3440,claimed
3441,earliest
3442,prosperity
3443,fancied
3444,ventured
3445,indignation
3446,adventure
3447,depths
3448,employment
3449,passionate
3450,converted
3451,jealous
3452,groups
3453,novel
3454,conceal
3455,silly
3456,christianity
3457,accepting
3458,gallant
3459,grows
3460,intercourse
3461,badly
3462,estimated
3463,obedience
3464,enterprise
3465,captured
3466,fury
3467,stout
3468,alles
3469,responsible
3470,accompany
3471,propose
3472,someone
3473,depuis
3474,brethren
3475,assume
3476,cure
3477,misfortune
3478,germans
3479,occupation
3480,limits
3481,pretended
3482,autumn
3483,sighed
3484,missed
3485,maria
3486,privilege
3487,rolling
3488,simplicity
3489,risen
3490,determination
3491,extensive
3492,crept
3493,consisted
3494,fastened
3495,dearest
3496,scale
3497,furnish
3498,respects
3499,vanished
3500,mein
3501,vanity
3502,florence
3503,hostile
3504,balance
3505,republic
3506,ranks
3507,cs
3508,doubtful
3509,ministers
3510,root
3511,flash
3512,breeze
3513,data
3514,responsibility
3515,pace
3516,intervals
3517,reminded
3518,zeal
3519,burnt
3520,welche
3521,jumped
3522,rival
3523,submit
3524,voix
3525,occasional
3526,originally
3527,opportunities
3528,physician
3529,job
3530,deadly
3531,bride
3532,pleasures
3533,introduction
3534,inquiry
3535,independence
3536,gesture
3537,unconscious
3538,daring
3539,travelling
3540,earnestly
3541,tales
3542,sincere
3543,publication
3544,pleasing
3545,fed
3546,eastern
3547,puts
3548,student
3549,appearing
3550,comparison
3551,boots
3552,slip
3553,virtues
3554,offices
3555,romantic
3556,indicated
3557,invitation
3558,commander
3559,betrayed
3560,chest
3561,veil
3562,jag
3563,supplies
3564,impressed
3565,autres
3566,procession
3567,external
3568,wandered
3569,defeat
3570,destined
3571,longing
3572,pressing
3573,federal
3574,sixteen
3575,vengeance
3576,reckon
3577,swiftly
3578,covering
3579,seats
3580,institutions
3581,grain
3582,combined
3583,club
3584,absorbed
3585,wire
3586,sensation
3587,accused
3588,elsewhere
3589,conflict
3590,entertained
3591,peaceful
3592,products
3593,dies
3594,fourteen
3595,vigorous
3596,prize
3597,stupid
3598,soit
3599,har
3600,pierre
3601,fetch
3602,adam
3603,perfection
3604,dirty
3605,pendant
3606,humour
3607,acknowledged
3608,customs
3609,helpless
3610,whisper
3611,mount
3612,curse
3613,yonder
3614,admired
3615,regions
3616,stiff
3617,outward
3618,sunk
3619,correspondence
3620,beard
3621,baron
3622,negro
3623,assez
3624,hither
3625,studies
3626,villages
3627,railway
3628,unter
3629,largest
3630,dollar
3631,greeks
3632,musical
3633,model
3634,coarse
3635,mild
3636,indirectly
3637,motives
3638,preparations
3639,washed
3640,adding
3641,grasp
3642,composition
3643,modest
3644,pays
3645,flashed
3646,amused
3647,closer
3648,perpetual
3649,association
3650,harmony
3651,counted
3652,intend
3653,fires
3654,flood
3655,establish
3656,angels
3657,hesitated
3658,alors
3659,confused
3660,enjoyment
3661,papa
3662,jours
3663,flour
3664,wars
3665,monarch
3666,messenger
3667,tradition
3668,stole
3669,resting
3670,talent
3671,advised
3672,narrative
3673,gr
3674,arguments
3675,eut
3676,kann
3677,exclusion
3678,stroke
3679,discipline
3680,mud
3681,thunder
3682,lee
3683,liberal
3684,pound
3685,feature
3686,rent
3687,hint
3688,yielded
3689,modification
3690,swung
3691,recalled
3692,charity
3693,deemed
3694,hugh
3695,observations
3696,strangely
3697,appointment
3698,alter
3699,conceive
3700,gas
3701,committee
3702,sheet
3703,citizen
3704,planted
3705,starting
3706,tables
3707,cents
3708,weapons
3709,international
3710,neglected
3711,farmer
3712,dwelt
3713,cloak
3714,arrested
3715,roses
3716,jealousy
3717,instruction
3718,intellect
3719,ter
3720,roots
3721,confessed
3722,plains
3723,primitive
3724,silently
3725,bob
3726,namely
3727,behalf
3728,austria
3729,prayed
3730,clock
3731,climbed
3732,tour
3733,reserve
3734,judges
3735,revolution
3736,proposition
3737,arrange
3738,mixture
3739,score
3740,gardens
3741,engagement
3742,roused
3743,ay
3744,wrapped
3745,situated
3746,gloom
3747,area
3748,glow
3749,dreamed
3750,gratefully
3751,aged
3752,fuer
3753,lucy
3754,damaged
3755,revenge
3756,vulgar
3757,careless
3758,sore
3759,spectacle
3760,erected
3761,comparatively
3762,tremendous
3763,undoubtedly
3764,afforded
3765,hun
3766,agony
3767,ridiculous
3768,convenient
3769,nom
3770,neighbourhood
3771,meantime
3772,specified
3773,donation
3774,inform
3775,deceived
3776,wedding
3777,canada
3778,seize
3779,uit
3780,uncertain
3781,disappointed
3782,pious
3783,leisure
3784,inn
3785,reception
3786,column
3787,greece
3788,affectionate
3789,railroad
3790,wages
3791,moderate
3792,searched
3793,indifference
3794,neglect
3795,unlike
3796,blows
3797,roar
3798,bark
3799,bin
3800,authors
3801,dig
3802,employ
3803,nobles
3804,temporary
3805,satisfactory
3806,identify
3807,trained
3808,assembly
3809,wheel
3810,statements
3811,platform
3812,disgrace
3813,wake
3814,trusted
3815,sagte
3816,economic
3817,arrangements
3818,assurance
3819,quit
3820,stephen
3821,proceedings
3822,respecting
3823,exempt
3824,injury
3825,reverence
3826,medical
3827,funeral
3828,restore
3829,seas
3830,colony
3831,objection
3832,cares
3833,travelled
3834,heures
3835,clothing
3836,knights
3837,pretend
3838,emotions
3839,ohio
3840,preparation
3841,wept
3842,educated
3843,jest
3844,vital
3845,deserve
3846,englishman
3847,id
3848,warned
3849,dangers
3850,conquered
3851,cunning
3852,rises
3853,billy
3854,trembled
3855,shakespeare
3856,tragedy
3857,weeping
3858,zoo
3859,amusement
3860,formal
3861,childhood
3862,pink
3863,avant
3864,desk
3865,providence
3866,impatient
3867,saddle
3868,cultivated
3869,quoted
3870,hunger
3871,pouvait
3872,calculate
3873,solution
3874,internal
3875,restless
3876,volumes
3877,eu
3878,owned
3879,letting
3880,parish
3881,income
3882,attained
3883,inc
3884,merchants
3885,dine
3886,distinguish
3887,lasted
3888,criticism
3889,dispute
3890,visits
3891,inevitable
3892,incomplete
3893,anna
3894,earthly
3895,leagues
3896,mot
3897,nest
3898,expecting
3899,depart
3900,breathing
3901,struggling
3902,culture
3903,romance
3904,fig
3905,includes
3906,scorn
3907,artillery
3908,formidable
3909,sharply
3910,persuade
3911,metal
3912,eh
3913,streams
3914,wont
3915,bloody
3916,despite
3917,countess
3918,dir
3919,commanding
3920,dramatic
3921,nyt
3922,petite
3923,abide
3924,immer
3925,massachusetts
3926,promoting
3927,leaf
3928,disappointment
3929,dwelling
3930,hospital
3931,writings
3932,ceux
3933,proceeding
3934,jones
3935,blew
3936,stuck
3937,shout
3938,paint
3939,dried
3940,ample
3941,shak
3942,admire
3943,ruins
3944,visitor
3945,employees
3946,alarmed
3947,justly
3948,obviously
3949,ruth
3950,judged
3951,translation
3952,cave
3953,plot
3954,representative
3955,department
3956,easier
3957,atlantic
3958,strictly
3959,sets
3960,acknowledge
3961,lion
3962,maybe
3963,joka
3964,fille
3965,varied
3966,heavenly
3967,siege
3968,strict
3969,seul
3970,renewed
3971,wing
3972,maurice
3973,professional
3974,steam
3975,grandfather
3976,stately
3977,betty
3978,lessons
3979,habe
3980,bestowed
3981,saving
3982,mail
3983,closing
3984,warriors
3985,zeit
3986,promptly
3987,remainder
3988,mille
3989,dann
3990,heap
3991,trick
3992,executive
3993,mist
3994,prominent
3995,representation
3996,candle
3997,promises
3998,glimpse
3999,farewell
4000,obscure
4001,powder
4002,purely
4003,warmth
4004,effective
4005,painting
4006,lightning
4007,surrender
4008,solitude
4009,govern
4010,types
4011,mort
4012,cardinal
4013,lovers
4014,chin
4015,newspapers
4016,shell
4017,vos
4018,chairs
4019,sehr
4020,chances
4021,refer
4022,followers
4023,subsequent
4024,wash
4025,recover
4026,offence
4027,poison
4028,lieutenant
4029,formats
4030,giant
4031,av
4032,incapable
4033,tobacco
4034,advancing
4035,foe
4036,gladly
4037,maximum
4038,records
4039,deprived
4040,grim
4041,pile
4042,leaped
4043,protected
4044,statue
4045,download
4046,beds
4047,japanese
4048,fortunes
4049,nog
4050,daylight
4051,hut
4052,jackson
4053,pursue
4054,ben
4055,beaucoup
4056,management
4057,capture
4058,lords
4059,assigned
4060,parting
4061,va
4062,heroic
4063,climate
4064,rays
4065,mischief
4066,chiefs
4067,roger
4068,folded
4069,dish
4070,therein
4071,coal
4072,toil
4073,shores
4074,yer
4075,youthful
4076,prevailed
4077,product
4078,prohibition
4079,summit
4080,plunged
4081,secretly
4082,editor
4083,wilderness
4084,openly
4085,healthy
4086,vice
4087,seinen
4088,garrison
4089,instruments
4090,ned
4091,wohl
4092,illness
4093,whither
4094,horizon
4095,eldest
4096,reserved
4097,selfish
4098,venice
4099,confession
4100,serait
4101,fifth
4102,loaded
4103,retained
4104,flushed
4105,recognition
4106,heartily
4107,hunt
4108,california
4109,wishing
4110,faced
4111,repose
4112,discharge
4113,dates
4114,improved
4115,justified
4116,meine
4117,nichts
4118,colours
4119,monday
4120,furious
4121,homes
4122,marquis
4123,eene
4124,linen
4125,stolen
4126,vivid
4127,knee
4128,elegant
4129,improvement
4130,certainty
4131,subtle
4132,manifest
4133,titles
4134,surrounding
4135,straw
4136,asia
4137,brass
4138,widest
4139,joke
4140,madam
4141,bonne
4142,students
4143,lowest
4144,occupy
4145,preliminary
4146,institution
4147,combination
4148,sink
4149,floating
4150,desirable
4151,premier
4152,wounds
4153,divisions
4154,alla
4155,experiment
4156,faded
4157,contented
4158,believing
4159,designed
4160,prey
4161,amidst
4162,recorded
4163,imperial
4164,rushing
4165,contract
4166,sport
4167,park
4168,arrest
4169,drops
4170,upright
4171,wilson
4172,electric
4173,upward
4174,forests
4175,shield
4176,doubts
4177,replace
4178,springs
4179,bis
4180,eminent
4181,pack
4182,douglas
4183,weapon
4184,dined
4185,calmly
4186,concept
4187,beach
4188,inquire
4189,picturesque
4190,illustrious
4191,clasped
4192,nephew
4193,awakened
4194,loyal
4195,envy
4196,celui
4197,mainly
4198,dashed
4199,esteem
4200,likes
4201,cards
4202,races
4203,mirror
4204,nerves
4205,abandon
4206,cheap
4207,chapel
4208,obeyed
4209,universe
4210,endless
4211,willingly
4212,frau
4213,trunk
4214,tomb
4215,flames
4216,sunset
4217,defeated
4218,placing
4219,load
4220,discussed
4221,ralph
4222,abundance
4223,conquest
4224,cheer
4225,seeming
4226,visitors
4227,gregory
4228,abruptly
4229,columns
4230,exhibited
4231,oft
4232,modified
4233,sits
4234,killing
4235,joint
4236,ganz
4237,eines
4238,amusing
4239,intent
4240,consisting
4241,spell
4242,commands
4243,abode
4244,center
4245,medicine
4246,convention
4247,sais
4248,nuit
4249,sailors
4250,thanked
4251,learnt
4252,submitted
4253,luxury
4254,reproach
4255,garments
4256,handkerchief
4257,wo
4258,interval
4259,delicious
4260,mas
4261,altered
4262,executed
4263,acid
4264,saints
4265,favourable
4266,filename
4267,remedy
4268,curtain
4269,favorable
4270,foul
4271,temperature
4272,waved
4273,drama
4274,desirous
4275,array
4276,basket
4277,motionless
4278,injured
4279,hoping
4280,machinery
4281,frederick
4282,ze
4283,viewed
4284,unpleasant
4285,invisible
4286,craft
4287,flowing
4288,smoking
4289,canoe
4290,african
4291,fragments
4292,egyptian
4293,questioned
4294,berlin
4295,gegen
4296,ta
4297,rifle
4298,codes
4299,greatness
4300,fiery
4301,declined
4302,whatsoever
4303,infantry
4304,guessed
4305,hopeless
4306,steamer
4307,contest
4308,longed
4309,advise
4310,stretch
4311,charms
4312,honourable
4313,ohne
4314,requested
4315,stopping
4316,crushed
4317,recognised
4318,duchess
4319,prominently
4320,suited
4321,amiable
4322,sera
4323,ans
4324,translated
4325,moonlight
4326,missouri
4327,sensitive
4328,lean
4329,invention
4330,coin
4331,maison
4332,mieux
4333,lend
4334,undertake
4335,albert
4336,taxes
4337,disagreeable
4338,awoke
4339,retire
4340,robe
4341,program
4342,exercised
4343,crimes
4344,landing
4345,limit
4346,ashes
4347,procure
4348,fatigue
4349,void
4350,passengers
4351,introduce
4352,ardent
4353,jacob
4354,tie
4355,observing
4356,affect
4357,riches
4358,duc
4359,dealing
4360,images
4361,answers
4362,greeted
4363,puzzled
4364,ghost
4365,bells
4366,tempted
4367,spared
4368,declaration
4369,dorothy
4370,oak
4371,ole
4372,talents
4373,conveyed
4374,stores
4375,steal
4376,corresponding
4377,andrew
4378,happily
4379,protest
4380,parallel
4381,aller
4382,faisait
4383,kan
4384,maintaining
4385,expressions
4386,purchased
4387,commit
4388,inaccurate
4389,attractive
4390,embrace
4391,wheels
4392,breathed
4393,clay
4394,speedily
4395,timber
4396,glowing
4397,milieu
4398,altname
4399,decent
4400,recollection
4401,net
4402,vu
4403,expectation
4404,encourage
4405,push
4406,induce
4407,infringement
4408,climb
4409,protestant
4410,trifle
4411,ook
4412,proposal
4413,artificial
4414,traces
4415,artistic
4416,heels
4417,texas
4418,periodic
4419,agitation
4420,heir
4421,faults
4422,examples
4423,tore
4424,terre
4425,affections
4426,extend
4427,insult
4428,mutta
4429,bras
4430,aroused
4431,sober
4432,conversion
4433,secrets
4434,infant
4435,boiling
4436,endeavoured
4437,shine
4438,leather
4439,unworthy
4440,wealthy
4441,searching
4442,knock
4443,adventures
4444,eloquence
4445,constitutional
4446,peine
4447,uses
4448,pacific
4449,mij
4450,descent
4451,retain
4452,illinois
4453,murdered
4454,polite
4455,norman
4456,spake
4457,consented
4458,relating
4459,haue
4460,fishing
4461,virus
4462,subscribe
4463,transcribe
4464,offended
4465,effected
4466,ward
4467,alliance
4468,bitterly
4469,fro
4470,immortal
4471,string
4472,dealt
4473,abundant
4474,lock
4475,minor
4476,measured
4477,indemnify
4478,comrades
4479,heroes
4480,dost
4481,philosopher
4482,returns
4483,doubted
4484,laura
4485,slope
4486,anguish
4487,neighborhood
4488,pb
4489,responded
4490,hamilton
4491,interfere
4492,hideous
4493,dich
4494,bushes
4495,humor
4496,bench
4497,cruelty
4498,withdrew
4499,wheat
4500,vi
4501,relieve
4502,mamma
4503,gens
4504,prudent
4505,bending
4506,complain
4507,witnesses
4508,murmur
4509,vom
4510,transcription
4511,piano
4512,clothed
4513,funny
4514,deg
4515,gown
4516,simon
4517,binary
4518,personally
4519,recommended
4520,sei
4521,anchor
4522,uneasy
4523,charges
4524,economy
4525,daniel
4526,formation
4527,wasted
4528,normal
4529,sung
4530,halted
4531,jewels
4532,abraham
4533,sweep
4534,dependent
4535,innocence
4536,addressing
4537,neat
4538,sphere
4539,assisted
4540,avez
4541,smallest
4542,bend
4543,telephone
4544,extending
4545,memories
4546,sublime
4547,cabinet
4548,danced
4549,inclination
4550,conclude
4551,sadly
4552,sickness
4553,ancestors
4554,pine
4555,jo
4556,shouting
4557,peasant
4558,copper
4559,companies
4560,erect
4561,painter
4562,sinking
4563,belle
4564,pu
4565,disclaimer
4566,jacques
4567,jewish
4568,liable
4569,dismissed
4570,persian
4571,heed
4572,stomach
4573,deer
4574,doorway
4575,gravely
4576,boldly
4577,thirteen
4578,considerably
4579,kentucky
4580,endeavour
4581,hearty
4582,nonsense
4583,resemblance
4584,threatening
4585,purse
4586,temptation
4587,mme
4588,strongest
4589,prendre
4590,disturb
4591,convert
4592,confident
4593,scarlet
4594,particulars
4595,justify
4596,speeches
4597,salvation
4598,parce
4599,porter
4600,sufferings
4601,clung
4602,pl
4603,dislike
4604,differences
4605,bone
4606,swore
4607,accomplish
4608,encounter
4609,remembrance
4610,horace
4611,filling
4612,fence
4613,conspicuous
4614,temples
4615,quel
4616,latitude
4617,colonies
4618,miracle
4619,constructed
4620,charlotte
4621,alternatively
4622,worry
4623,remedies
4624,portuguese
4625,suite
4626,sketch
4627,shooting
4628,twilight
4629,indirect
4630,welfare
4631,rejoined
4632,session
4633,japan
4634,fitness
4635,compare
4636,wagon
4637,widely
4638,incidental
4639,survive
4640,polly
4641,charitable
4642,communicated
4643,consequential
4644,asks
4645,punitive
4646,negligence
4647,weep
4648,colors
4649,virtuous
4650,frightful
4651,fashionable
4652,rightly
4653,evils
4654,forbidden
4655,indemnity
4656,honorable
4657,savages
4658,licensed
4659,choses
4660,celle
4661,crimson
4662,sustained
4663,answering
4664,replaced
4665,thyself
4666,witnessed
4667,chambre
4668,tin
4669,border
4670,henri
4671,unwilling
4672,presume
4673,dos
4674,suspended
4675,combat
4676,guards
4677,waving
4678,juan
4679,facing
4680,totally
4681,violently
4682,deductible
4683,checked
4684,disclaims
4685,continent
4686,jetzt
4687,rejected
4688,hay
4689,gallery
4690,educational
4691,donner
4692,georgia
4693,yourselves
4694,bedroom
4695,inward
4696,ut
4697,chicago
4698,injustice
4699,petty
4700,bands
4701,experiences
4702,engage
4703,chase
4704,privileges
4705,smiles
4706,avoided
4707,gleam
4708,unity
4709,courtesy
4710,hasty
4711,purity
4712,rebellion
4713,intentions
4714,pauvre
4715,civilized
4716,acres
4717,processing
4718,ici
4719,everyone
4720,hesitation
4721,pennsylvania
4722,mains
4723,carries
4724,impatience
4725,royalties
4726,punished
4727,corners
4728,footsteps
4729,peril
4730,practised
4731,relate
4732,francisco
4733,probability
4734,severely
4735,enjoying
4736,invariably
4737,seulement
4738,tennessee
4739,sweetness
4740,ebcdic
4741,portions
4742,adams
4743,hired
4744,rescue
4745,adapted
4746,clergy
4747,guarded
4748,shaken
4749,visiting
4750,madness
4751,destiny
4752,exchanged
4753,appropriate
4754,stirring
4755,mothers
4756,filed
4757,prophet
4758,channel
4759,viewing
4760,engine
4761,landlord
4762,extra
4763,flies
4764,doute
4765,egg
4766,tribute
4767,fain
4768,nobility
4769,prejudice
4770,breathe
4771,thread
4772,tight
4773,joan
4774,ashore
4775,producing
4776,seinem
4777,blank
4778,lifting
4779,julia
4780,sunlight
4781,fer
4782,projected
4783,costume
4784,surprising
4785,excess
4786,rice
4787,specially
4788,dropping
4789,notions
4790,loudly
4791,enfin
4792,seeds
4793,procured
4794,wretch
4795,presque
4796,icke
4797,lent
4798,interpreted
4799,admiral
4800,fur
4801,adds
4802,indicating
4803,lip
4804,facility
4805,dedicated
4806,crowned
4807,innumerable
4808,latest
4809,crisis
4810,convent
4811,sermon
4812,personne
4813,embraced
4814,ihrer
4815,pulling
4816,staying
4817,asserted
4818,fairy
4819,torture
4820,collect
4821,shells
4822,sites
4823,frankly
4824,etwas
4825,dumb
4826,alfred
4827,wurde
4828,recommend
4829,marvellous
4830,appreciate
4831,contrived
4832,stored
4833,frontier
4834,positively
4835,andere
4836,insist
4837,beau
4838,resulting
4839,inspiration
4840,header
4841,legislation
4842,mob
4843,velvet
4844,chaque
4845,wf
4846,invented
4847,impressions
4848,sailing
4849,incidents
4850,upstairs
4851,bitterness
4852,duly
4853,ann
4854,designs
4855,cambridge
4856,shirt
4857,elect
4858,spoil
4859,bodily
4860,instructed
4861,guilt
4862,horrid
4863,backward
4864,adopt
4865,deliberately
4866,bills
4867,clara
4868,holes
4869,bij
4870,fund
4871,teachers
4872,vii
4873,marching
4874,friday
4875,philadelphia
4876,barbara
4877,morality
4878,elles
4879,pockets
4880,damp
4881,driver
4882,bald
4883,encountered
4884,discuss
4885,deserved
4886,contributed
4887,traveller
4888,foremost
4889,trifling
4890,sails
4891,rings
4892,revenue
4893,awkward
4894,rue
4895,unjust
4896,superiority
4897,etre
4898,edith
4899,released
4900,elaborate
4901,seventy
4902,estates
4903,neighbors
4904,fanny
4905,research
4906,literally
4907,scotch
4908,prudence
4909,landscape
4910,seconds
4911,blown
4912,lecture
4913,rejoice
4914,unnecessary
4915,ridge
4916,glasses
4917,helping
4918,woe
4919,appetite
4920,dense
4921,reflect
4922,deceive
4923,soir
4924,edited
4925,drowned
4926,respective
4927,fin
4928,borrowed
4929,merits
4930,today
4931,jury
4932,apprehension
4933,warrant
4934,betray
4935,blowing
4936,separation
4937,pot
4938,viz
4939,frozen
4940,carved
4941,compliment
4942,dreary
4943,magazine
4944,regularly
4945,remind
4946,reform
4947,hereafter
4948,sheer
4949,districts
4950,abuse
4951,lowered
4952,allies
4953,glittering
4954,attacks
4955,twisted
4956,adv
4957,reste
4958,whip
4959,struggled
4960,meetings
4961,problems
4962,manuscript
4963,treasures
4964,fils
4965,attributed
4966,quoth
4967,lunch
4968,ob
4969,ambitious
4970,solemnly
4971,perish
4972,serving
4973,worldly
4974,infinitely
4975,wat
4976,brains
4977,niece
4978,neighbours
4979,faculty
4980,timid
4981,jew
4982,planned
4983,ai
4984,subdued
4985,descend
4986,kate
4987,fortnight
4988,expressing
4989,ging
4990,robbed
4991,document
4992,feathers
4993,recollect
4994,cursed
4995,tend
4996,countrymen
4997,ami
4998,manly
4999,promotion
5000,stable
5001,chains
5002,tres
5003,cannon
5004,thoughtful
5005,influences
5006,sailor
5007,punish
5008,sworn
5009,prime
5010,catherine
5011,arrows
5012,fitting
5013,complaint
5014,representatives
5015,bet
5016,ascended
5017,quatre
5018,representations
5019,respected
5020,venerable
5021,unfortunately
5022,reasoning
5023,attendant
5024,fountain
5025,cell
5026,sexual
5027,victims
5028,swords
5029,resembling
5030,awaiting
5031,consolation
5032,tossed
5033,polished
5034,austrian
5035,barren
5036,chap
5037,entertain
5038,childish
5039,industrial
5040,thirst
5041,mig
5042,governed
5043,firing
5044,viii
5045,protested
5046,mann
5047,prose
5048,boxes
5049,inquiries
5050,convince
5051,barely
5052,packed
5053,ville
5054,map
5055,jump
5056,victor
5057,lewis
5058,transfer
5059,creek
5060,complained
5061,organ
5062,din
5063,commons
5064,representing
5065,guided
5066,brush
5067,doctrines
5068,withdraw
5069,venait
5070,athens
5071,continues
5072,glancing
5073,documents
5074,log
5075,beforehand
5076,opera
5077,flock
5078,susan
5079,oppose
5080,liquid
5081,eighty
5082,poetic
5083,rows
5084,curiously
5085,delicacy
5086,oliver
5087,deepest
5088,palm
5089,louisiana
5090,nicholas
5091,consult
5092,curtains
5093,experiments
5094,confirmation
5095,personality
5096,feminine
5097,catching
5098,bot
5099,seventeen
5100,desolate
5101,boast
5102,winding
5103,pitch
5104,mill
5105,monster
5106,pistol
5107,collar
5108,mechanical
5109,ellen
5110,sofa
5111,occurs
5112,officials
5113,os
5114,grandeur
5115,traced
5116,significance
5117,aught
5118,differ
5119,grasped
5120,oldest
5121,complexion
5122,partner
5123,gigantic
5124,fools
5125,prices
5126,praised
5127,swamp
5128,leap
5129,veins
5130,warn
5131,plates
5132,selection
5133,worden
5134,divide
5135,supposing
5136,clad
5137,awaited
5138,speaker
5139,lots
5140,ascertain
5141,proclaimed
5142,monstrous
5143,pupils
5144,pris
5145,newly
5146,herbert
5147,attachment
5148,couch
5149,attending
5150,fare
5151,vieux
5152,orleans
5153,excite
5154,shew
5155,dignified
5156,disciples
5157,relatives
5158,subsequently
5159,customary
5160,neighbouring
5161,strife
5162,theirs
5163,jolly
5164,studying
5165,occasioned
5166,opens
5167,assault
5168,spear
5169,comprehend
5170,donors
5171,plw
5172,dame
5173,loin
5174,brick
5175,warrior
5176,describes
5177,breadth
5178,fundamental
5179,sondern
5180,heights
5181,vent
5182,nigh
5183,believes
5184,cream
5185,shallow
5186,awhile
5187,sacrifices
5188,promising
5189,peculiarly
5190,response
5191,thief
5192,exceeding
5193,foes
5194,waist
5195,revelation
5196,ruled
5197,decree
5198,gar
5199,knelt
5200,successfully
5201,anxiously
5202,performances
5203,repair
5204,outline
5205,viel
5206,select
5207,obligation
5208,cow
5209,proofs
5210,positions
5211,monument
5212,travellers
5213,apartments
5214,significant
5215,jersey
5216,sarah
5217,invite
5218,mourning
5219,turkish
5220,brute
5221,gravity
5222,ingenious
5223,tidings
5224,caution
5225,faithfully
5226,negroes
5227,vienna
5228,declaring
5229,ending
5230,swallowed
5231,sends
5232,mis
5233,depended
5234,melted
5235,threshold
5236,tragic
5237,mines
5238,weighed
5239,appealed
5240,elevation
5241,hiding
5242,awe
5243,compassion
5244,clergyman
5245,devait
5246,dated
5247,yo
5248,improve
5249,parent
5250,phrases
5251,paperwork
5252,peasants
5253,represents
5254,sprung
5255,journal
5256,examining
5257,holiday
5258,refined
5259,happier
5260,redistributing
5261,exalted
5262,artists
5263,boiled
5264,vile
5265,beer
5266,dreaded
5267,paths
5268,decline
5269,possessions
5270,moves
5271,shops
5272,continual
5273,porch
5274,muscles
5275,phenomena
5276,readiness
5277,ihren
5278,communicate
5279,newsletter
5280,conservative
5281,missing
5282,loyalty
5283,finishing
5284,eagerness
5285,drag
5286,billion
5287,incredible
5288,linked
5289,irregular
5290,behaviour
5291,flowed
5292,tents
5293,produces
5294,joyous
5295,consulted
5296,sage
5297,essentially
5298,backs
5299,kitty
5300,allowing
5301,pupil
5302,squire
5303,ons
5304,battles
5305,herd
5306,briefly
5307,solomon
5308,lodge
5309,scholar
5310,bloom
5311,elevated
5312,upwards
5313,eloquent
5314,valleys
5315,vrai
5316,fertile
5317,coloured
5318,bonds
5319,ultimate
5320,tenderly
5321,attain
5322,periods
5323,despised
5324,bush
5325,guardian
5326,solely
5327,commencement
5328,bars
5329,block
5330,lace
5331,imitation
5332,satan
5333,earn
5334,specimens
5335,wij
5336,admission
5337,nowhere
5338,casting
5339,swell
5340,pg
5341,connecticut
5342,attempting
5343,naples
5344,essence
5345,retorted
5346,veux
5347,potatoes
5348,animated
5349,rigid
5350,languages
5351,forbid
5352,ollut
5353,hebrew
5354,suspicious
5355,bits
5356,generals
5357,transferred
5358,hesitate
5359,anthony
5360,diesem
5361,towers
5362,games
5363,review
5364,santa
5365,agitated
5366,debts
5367,disguise
5368,accessible
5369,oppressed
5370,resentment
5371,imp
5372,arch
5373,bargain
5374,wel
5375,sharing
5376,defended
5377,reckoned
5378,whereupon
5379,felix
5380,ringing
5381,westminster
5382,preceded
5383,adorned
5384,bond
5385,wonders
5386,spots
5387,illustrated
5388,specimen
5389,virgin
5390,scent
5391,investigation
5392,sentences
5393,shy
5394,functions
5395,gang
5396,howard
5397,heeft
5398,continuous
5399,ecclesiastical
5400,entertainment
5401,dis
5402,dishes
5403,eve
5404,strikes
5405,akin
5406,adjoining
5407,visage
5408,quaint
5409,thorough
5410,belt
5411,breaks
5412,cigar
5413,joys
5414,netherlands
5415,allah
5416,encoding
5417,entry
5418,corporation
5419,extremity
5420,spreading
5421,enters
5422,saxon
5423,shouts
5424,legend
5425,haunted
5426,kansas
5427,este
5428,assert
5429,mexican
5430,shillings
5431,disgust
5432,avail
5433,woke
5434,despise
5435,maine
5436,rejoiced
5437,cart
5438,bout
5439,harbour
5440,peoples
5441,porque
5442,quitted
5443,rational
5444,accurate
5445,proves
5446,ca
5447,diesen
5448,effet
5449,reveal
5450,accord
5451,bulk
5452,pledge
5453,barn
5454,successive
5455,fiction
5456,indignant
5457,harder
5458,everlasting
5459,volunteer
5460,amazed
5461,defense
5462,canvas
5463,substantial
5464,harold
5465,alternate
5466,radiant
5467,wonderfully
5468,tread
5469,salary
5470,morrow
5471,terribly
5472,pathetic
5473,invasion
5474,neighbour
5475,wider
5476,exciting
5477,horn
5478,louise
5479,olisi
5480,chill
5481,acquire
5482,brook
5483,resolve
5484,ambassador
5485,generosity
5486,aboard
5487,pouring
5488,amuse
5489,pushing
5490,columbia
5491,allen
5492,tune
5493,comte
5494,preach
5495,robin
5496,magistrate
5497,dreaming
5498,sympathetic
5499,lawrence
5500,raison
5501,skall
5502,terrified
5503,vacant
5504,heathen
5505,sincerity
5506,hospitality
5507,floated
5508,encouragement
5509,vexed
5510,faculties
5511,balls
5512,keine
5513,crops
5514,fred
5515,approval
5516,conference
5517,mansion
5518,ueber
5519,hen
5520,doctors
5521,hurrying
5522,haughty
5523,arriving
5524,prussia
5525,corpse
5526,allied
5527,tyranny
5528,exhibit
5529,likeness
5530,prosperous
5531,forgetting
5532,excessive
5533,lawful
5534,cultivation
5535,quantities
5536,resort
5537,florida
5538,ikke
5539,realm
5540,triumphant
5541,williams
5542,legitimate
5543,wits
5544,emily
5545,winning
5546,tremble
5547,stem
5548,pit
5549,westward
5550,ch
5551,frenchman
5552,petition
5553,background
5554,max
5555,enthusiastic
5556,dressing
5557,director
5558,bath
5559,selling
5560,weil
5561,monks
5562,bundle
5563,rubbed
5564,liquor
5565,identical
5566,inheritance
5567,parler
5568,remembering
5569,behaved
5570,grands
5571,disaster
5572,milton
5573,faintly
5574,quoi
5575,temperament
5576,discharged
5577,wales
5578,downloading
5579,network
5580,exclusive
5581,prompt
5582,pierced
5583,femmes
5584,workmen
5585,repeating
5586,crop
5587,boil
5588,maintenant
5589,scenery
5590,dieses
5591,lads
5592,traditions
5593,compass
5594,characteristics
5595,disorder
5596,richmond
5597,reduce
5598,cheerfully
5599,lamps
5600,varieties
5601,einmal
5602,edinburgh
5603,bewildered
5604,gospel
5605,exile
5606,hears
5607,partial
5608,ladder
5609,hebben
5610,doit
5611,offensive
5612,unite
5613,thankful
5614,robes
5615,beautifully
5616,wander
5617,skies
5618,gilbert
5619,youngest
5620,manifested
5621,sixth
5622,interpretation
5623,tongues
5624,sheets
5625,welcomed
5626,seule
5627,crazy
5628,consumed
5629,lettre
5630,concerns
5631,demanda
5632,isaac
5633,ihnen
5634,preached
5635,sweeping
5636,refusal
5637,sacrificed
5638,snatched
5639,lap
5640,stretching
5641,bidding
5642,caroline
5643,amazement
5644,perished
5645,succeeding
5646,equality
5647,sincerely
5648,beef
5649,unseen
5650,fox
5651,bred
5652,fog
5653,develop
5654,influenced
5655,ruler
5656,allusion
5657,fantastic
5658,cake
5659,proceeds
5660,wreck
5661,fist
5662,scottish
5663,accent
5664,ms
5665,inhabited
5666,mouths
5667,ferdinand
5668,sparkling
5669,australia
5670,suspicions
5671,fearing
5672,achieved
5673,regiments
5674,dug
5675,draws
5676,geen
5677,whereof
5678,deserves
5679,ragged
5680,farmers
5681,unconsciously
5682,partie
5683,blazing
5684,endured
5685,sticks
5686,checks
5687,agricultural
5688,contemporary
5689,didst
5690,aurait
5691,tastes
5692,considerations
5693,arrow
5694,toi
5695,pattern
5696,excellence
5697,sorrows
5698,vegetables
5699,deliberate
5700,testament
5701,exclusively
5702,whereby
5703,vb
5704,senator
5705,stare
5706,league
5707,appreciation
5708,droit
5709,git
5710,swinging
5711,subjected
5712,blush
5713,ripe
5714,prolonged
5715,memorable
5716,bowl
5717,cooking
5718,vegetable
5719,receives
5720,echoed
5721,urge
5722,horseback
5723,costly
5724,donne
5725,rod
5726,bounds
5727,malice
5728,harvest
5729,righteousness
5730,revolt
5731,failing
5732,precise
5733,allait
5734,challenge
5735,conquer
5736,staircase
5737,eux
5738,proclamation
5739,hats
5740,approve
5741,brutal
5742,reaches
5743,sue
5744,applause
5745,reckless
5746,emerged
5747,almighty
5748,possesses
5749,congregation
5750,ultimately
5751,murray
5752,souvent
5753,sobre
5754,manager
5755,prior
5756,strove
5757,votes
5758,matin
5759,theme
5760,mettre
5761,suppressed
5762,chanced
5763,plusieurs
5764,seventh
5765,finer
5766,sums
5767,circles
5768,fulfilled
5769,perception
5770,pseud
5771,descending
5772,nerve
5773,lordship
5774,abstract
5775,apple
5776,li
5777,esteemed
5778,transport
5779,zou
5780,lingered
5781,honestly
5782,adequate
5783,jan
5784,displays
5785,dresses
5786,yielding
5787,cathedral
5788,rests
5789,survey
5790,cash
5791,surgeon
5792,allowance
5793,anticipated
5794,blessings
5795,imperfect
5796,defiance
5797,stations
5798,goddess
5799,critics
5800,thursday
5801,ceremonies
5802,debate
5803,propriety
5804,cherished
5805,navy
5806,modesty
5807,honesty
5808,sombre
5809,penny
5810,shocked
5811,damned
5812,despatched
5813,undertaken
5814,stake
5815,removal
5816,vicinity
5817,indispensable
5818,brows
5819,hanged
5820,reads
5821,preaching
5822,wholesome
5823,bows
5824,grandmother
5825,bunch
5826,professed
5827,reigned
5828,shades
5829,laquelle
5830,workers
5831,dismal
5832,escort
5833,twain
5834,inherited
5835,token
5836,lantern
5837,cooked
5838,orange
5839,fortress
5840,fiercely
5841,talks
5842,rosy
5843,neighbor
5844,severity
5845,missionary
5846,wolf
5847,wiser
5848,carriages
5849,throng
5850,whoever
5851,hade
5852,glances
5853,righteous
5854,horns
5855,decisive
5856,apres
5857,stooped
5858,intimacy
5859,pan
5860,preference
5861,accepts
5862,blaze
5863,pool
5864,passer
5865,persisted
5866,visions
5867,sorte
5868,schemes
5869,cliff
5870,cups
5871,discretion
5872,strip
5873,cheese
5874,reflections
5875,ett
5876,chorus
5877,constituted
5878,sealed
5879,neighboring
5880,partially
5881,poetical
5882,declares
5883,exclamation
5884,publicly
5885,consist
5886,pole
5887,theories
5888,tuesday
5889,scholars
5890,assertion
5891,noblest
5892,wherefore
5893,shrewd
5894,cars
5895,organs
5896,morals
5897,vaan
5898,captive
5899,hunted
5900,texts
5901,await
5902,machines
5903,deposited
5904,ornaments
5905,heel
5906,conventional
5907,todo
5908,elbow
5909,diamonds
5910,function
5911,negative
5912,successor
5913,philosophical
5914,symptoms
5915,plague
5916,symbol
5917,repaired
5918,bullet
5919,tumult
5920,owners
5921,pertaining
5922,apparatus
5923,greeting
5924,bite
5925,treasury
5926,concert
5927,manhood
5928,gale
5929,cordial
5930,globe
5931,obligations
5932,flush
5933,corruption
5934,spending
5935,massive
5936,annoyed
5937,novels
5938,endowed
5939,patron
5940,trap
5941,principally
5942,obsolete
5943,candles
5944,fidelity
5945,alternative
5946,lodging
5947,hurriedly
5948,historian
5949,cliffs
5950,upset
5951,earned
5952,sovereignty
5953,avons
5954,argued
5955,attract
5956,sept
5957,tan
5958,extravagant
5959,uncommon
5960,defined
5961,superstition
5962,marrying
5963,goal
5964,shrill
5965,mask
5966,sire
5967,modify
5968,washing
5969,turks
5970,carpet
5971,min
5972,faster
5973,janet
5974,kindred
5975,dominion
5976,sadness
5977,autour
5978,stillness
5979,genus
5980,termed
5981,constitute
5982,causing
5983,submission
5984,meadows
5985,besoin
5986,bernard
5987,extension
5988,factory
5989,telegraph
5990,truths
5991,locks
5992,columbus
5993,attendance
5994,borders
5995,imaginary
5996,decidedly
5997,roaring
5998,cargo
5999,singularly
6000,trillion
6001,leben
6002,compact
6003,headed
6004,startling
6005,astonishing
6006,unnatural
6007,stove
6008,undertaking
6009,gut
6010,wildly
6011,canal
6012,feeding
6013,preacher
6014,bestow
6015,taylor
6016,alleged
6017,jerry
6018,rachel
6019,commence
6020,battery
6021,headquarters
6022,obedient
6023,bronze
6024,warfare
6025,wisely
6026,crack
6027,posts
6028,irresistible
6029,attraction
6030,monk
6031,observer
6032,notable
6033,momentary
6034,cher
6035,warmly
6036,keys
6037,waking
6038,whites
6039,parlor
6040,esta
6041,englishmen
6042,touches
6043,crowds
6044,indiana
6045,etaient
6046,securing
6047,husbands
6048,thrill
6049,victorious
6050,piety
6051,laden
6052,mysteries
6053,blade
6054,tricks
6055,republican
6056,kein
6057,spy
6058,pillow
6059,echo
6060,benjamin
6061,awfully
6062,gossip
6063,afflicted
6064,forthwith
6065,homage
6066,augustus
6067,competent
6068,slew
6069,lined
6070,vow
6071,ti
6072,code
6073,indulge
6074,traffic
6075,patiently
6076,archbishop
6077,governments
6078,paa
6079,eventually
6080,stealing
6081,pencil
6082,praying
6083,rail
6084,wuz
6085,treachery
6086,cicero
6087,soup
6088,resigned
6089,br
6090,graham
6091,honom
6092,conferred
6093,ix
6094,strained
6095,continuing
6096,undertook
6097,lawn
6098,delayed
6099,seasons
6100,beauties
6101,omitted
6102,ascertained
6103,contracted
6104,noisy
6105,barbarous
6106,lasting
6107,comedy
6108,refusing
6109,zal
6110,ass
6111,compliments
6112,elderly
6113,spoiled
6114,quivering
6115,drift
6116,sullen
6117,xiv
6118,trousers
6119,wednesday
6120,gaining
6121,jove
6122,kneeling
6123,architecture
6124,decay
6125,lazy
6126,funds
6127,cinq
6128,pint
6129,climbing
6130,mirth
6131,drifted
6132,tools
6133,clinging
6134,victoria
6135,kam
6136,divers
6137,extract
6138,acute
6139,lodgings
6140,augen
6141,enclosed
6142,instincts
6143,objections
6144,resembled
6145,flashing
6146,paces
6147,clearing
6148,philosophers
6149,split
6150,cab
6151,dainty
6152,breed
6153,splendour
6154,venus
6155,juice
6156,surtout
6157,russell
6158,prevail
6159,enlightened
6160,vaguely
6161,strengthened
6162,plato
6163,anyway
6164,regulating
6165,inflicted
6166,prejudices
6167,restrain
6168,freed
6169,exercises
6170,withdrawn
6171,foliage
6172,festival
6173,remarkably
6174,serene
6175,fails
6176,reprit
6177,liking
6178,wool
6179,varying
6180,statues
6181,attendants
6182,inscription
6183,softened
6184,ports
6185,nominally
6186,confounded
6187,cautiously
6188,roland
6189,bliss
6190,slay
6191,ftp
6192,pretence
6193,whistle
6194,alluded
6195,mournful
6196,nombre
6197,overwhelmed
6198,soll
6199,honoured
6200,dusk
6201,exhibition
6202,corrected
6203,sections
6204,systems
6205,distressed
6206,tops
6207,welt
6208,harbor
6209,prof
6210,lamb
6211,regretted
6212,creeping
6213,deaf
6214,diamond
6215,imposing
6216,critic
6217,negotiations
6218,buying
6219,evenings
6220,accompanying
6221,usage
6222,expose
6223,comparative
6224,lane
6225,gordon
6226,henceforth
6227,suggestions
6228,longtemps
6229,ridicule
6230,summons
6231,wax
6232,accounted
6233,gabriel
6234,cows
6235,stamped
6236,lodged
6237,heure
6238,handful
6239,reverse
6240,consul
6241,piled
6242,wondrous
6243,rates
6244,gloves
6245,acceptance
6246,enfant
6247,menschen
6248,brigade
6249,morris
6250,supporting
6251,renamed
6252,labours
6253,aided
6254,byron
6255,pursuing
6256,ornament
6257,detected
6258,scandal
6259,trials
6260,expensive
6261,fancies
6262,agriculture
6263,bigger
6264,labors
6265,boundary
6266,utterance
6267,stripped
6268,dios
6269,wiped
6270,homer
6271,stamp
6272,candidate
6273,vices
6274,vater
6275,mijn
6276,arising
6277,chambers
6278,gasped
6279,versions
6280,intensity
6281,addresses
6282,nov
6283,dec
6284,tommy
6285,oui
6286,shapes
6287,captains
6288,drunken
6289,grieved
6290,hereditary
6291,seemingly
6292,esq
6293,striving
6294,hasten
6295,comrade
6296,halt
6297,antiquity
6298,amis
6299,highness
6300,uncomfortable
6301,urgent
6302,repeatedly
6303,pieds
6304,troop
6305,arnold
6306,sagde
6307,blast
6308,ghastly
6309,ministry
6310,motor
6311,bottles
6312,savoir
6313,begging
6314,mix
6315,spectators
6316,charley
6317,paradise
6318,rural
6319,circular
6320,peuple
6321,pepper
6322,occurrence
6323,manufacture
6324,disait
6325,stages
6326,pourquoi
6327,analysis
6328,wears
6329,arab
6330,shaped
6331,pillars
6332,magistrates
6333,heated
6334,stormy
6335,creed
6336,nouveau
6337,voted
6338,payable
6339,richly
6340,penalty
6341,della
6342,legislative
6343,judicial
6344,possessing
6345,glare
6346,reaction
6347,hinder
6348,descendants
6349,pleaded
6350,guy
6351,tightly
6352,pitched
6353,waar
6354,contemplation
6355,bury
6356,shower
6357,luke
6358,presenting
6359,rounded
6360,affecting
6361,profitable
6362,complex
6363,skins
6364,intolerable
6365,skilful
6366,corridor
6367,cum
6368,jurisdiction
6369,picking
6370,settlers
6371,ceiling
6372,bursting
6373,todos
6374,breathless
6375,commonplace
6376,execute
6377,penetrated
6378,proportions
6379,darkened
6380,rendre
6381,indebted
6382,serves
6383,shaft
6384,venir
6385,resulted
6386,banished
6387,nancy
6388,tyrant
6389,aug
6390,ciel
6391,provincial
6392,matthew
6393,errand
6394,humbly
6395,valued
6396,ang
6397,crois
6398,indulged
6399,oct
6400,complaints
6401,davis
6402,swim
6403,gorgeous
6404,catholics
6405,quote
6406,daar
6407,baggage
6408,ly
6409,universally
6410,lorsque
6411,honours
6412,plead
6413,lawyers
6414,isabel
6415,tons
6416,hue
6417,restoration
6418,ali
6419,devote
6420,describing
6421,obstinate
6422,revived
6423,rugged
6424,fright
6425,enfants
6426,isolated
6427,apples
6428,treason
6429,kissing
6430,trouve
6431,substitute
6432,items
6433,conspiracy
6434,oblige
6435,swing
6436,garment
6437,celestial
6438,concentrated
6439,swallow
6440,limb
6441,seeks
6442,identification
6443,sustain
6444,statesman
6445,classical
6446,lesser
6447,charities
6448,konnte
6449,torrent
6450,quelle
6451,murderer
6452,tracks
6453,brandy
6454,objected
6455,springing
6456,preservation
6457,onward
6458,ab
6459,insects
6460,devils
6461,dirt
6462,indulgence
6463,embarrassed
6464,interference
6465,pavement
6466,gradual
6467,comfortably
6468,pleasantly
6469,voulait
6470,mois
6471,phil
6472,crest
6473,boards
6474,grip
6475,doom
6476,dew
6477,deaths
6478,valiant
6479,complicated
6480,converse
6481,cependant
6482,ham
6483,respectful
6484,naught
6485,basin
6486,diminished
6487,graves
6488,promote
6489,personage
6490,lakes
6491,crowns
6492,miracles
6493,invested
6494,storms
6495,snake
6496,sales
6497,device
6498,foreigners
6499,dusty
6500,misfortunes
6501,refrain
6502,efficient
6503,primary
6504,wickedness
6505,gij
6506,crush
6507,meets
6508,splendor
6509,compel
6510,slaughter
6511,patriotic
6512,indies
6513,vue
6514,telegram
6515,logical
6516,restraint
6517,tenth
6518,habitual
6519,semblait
6520,hunter
6521,especial
6522,sultan
6523,axe
6524,cautious
6525,discussing
6526,rebels
6527,unique
6528,sally
6529,jefferson
6530,scanning
6531,clause
6532,meals
6533,whispering
6534,doomed
6535,sherman
6536,terrace
6537,vainly
6538,resume
6539,grove
6540,draught
6541,surroundings
6542,screen
6543,scripture
6544,downward
6545,suits
6546,seizing
6547,pleases
6548,yea
6549,prussian
6550,gott
6551,troublesome
6552,impress
6553,serpent
6554,endeavor
6555,fortunately
6556,roared
6557,diseases
6558,furent
6559,detach
6560,mots
6561,shrugged
6562,flattered
6563,prospects
6564,arkansas
6565,sentimental
6566,detained
6567,smote
6568,patriotism
6569,delaware
6570,compromise
6571,democratic
6572,ser
6573,evolution
6574,genial
6575,lange
6576,consistent
6577,kaikki
6578,throws
6579,actor
6580,academy
6581,competition
6582,dispose
6583,bonnet
6584,shepherd
6585,revolver
6586,trains
6587,argue
6588,flows
6589,rely
6590,solicited
6591,bee
6592,explanatory
6593,remorse
6594,portugal
6595,dimly
6596,tempest
6597,sens
6598,soames
6599,andern
6600,benefits
6601,reeds
6602,stress
6603,constantinople
6604,associations
6605,destroying
6606,horsemen
6607,prit
6608,saluted
6609,deze
6610,detached
6611,plane
6612,voluntary
6613,relates
6614,nm
6615,prodigious
6616,bas
6617,greet
6618,removing
6619,dragging
6620,euch
6621,sweat
6622,airs
6623,deceased
6624,eighteenth
6625,shadowy
6626,lays
6627,contemplated
6628,diana
6629,resemble
6630,imprisoned
6631,resolute
6632,framed
6633,covers
6634,ties
6635,rob
6636,sancho
6637,bruit
6638,patent
6639,feu
6640,pero
6641,recovery
6642,vit
6643,restrained
6644,delights
6645,trivial
6646,mare
6647,effectually
6648,hearth
6649,roofs
6650,conclusions
6651,warlike
6652,vigour
6653,rapidity
6654,martha
6655,painfully
6656,diplomatic
6657,discoveries
6658,joyful
6659,inasmuch
6660,detailed
6661,obstacle
6662,maggie
6663,sheltered
6664,stuart
6665,eastward
6666,sanoi
6667,scared
6668,travels
6669,jonathan
6670,beams
6671,dix
6672,downstairs
6673,diameter
6674,disposal
6675,motions
6676,erst
6677,supernatural
6678,confederate
6679,embarrassment
6680,hail
6681,jimmy
6682,cynthia
6683,armour
6684,foundations
6685,pretext
6686,carelessly
6687,tedious
6688,northward
6689,canadian
6690,wagons
6691,decorated
6692,sway
6693,haut
6694,bravely
6695,portraits
6696,pilot
6697,majestic
6698,admiring
6699,controversy
6700,rendering
6701,tasted
6702,lighter
6703,hurled
6704,tete
6705,goodly
6706,courteous
6707,excepting
6708,jos
6709,coffin
6710,envelope
6711,controlled
6712,tranquil
6713,sensations
6714,contribute
6715,detective
6716,keenly
6717,fits
6718,parole
6719,perceiving
6720,humility
6721,energetic
6722,saviour
6723,steward
6724,abbe
6725,messrs
6726,lang
6727,dining
6728,pub
6729,dernier
6730,withered
6731,wrongs
6732,regulations
6733,pied
6734,requisite
6735,saa
6736,enlarged
6737,expert
6738,gratified
6739,marshal
6740,obstacles
6741,compilation
6742,plantation
6743,perilous
6744,arabs
6745,grandes
6746,losses
6747,oppression
6748,secondary
6749,feb
6750,honored
6751,ink
6752,boughs
6753,pearls
6754,frost
6755,assistant
6756,definition
6757,expressly
6758,proofreading
6759,amounted
6760,coward
6761,gleaming
6762,offspring
6763,expend
6764,kin
6765,horrors
6766,sommes
6767,alabama
6768,fulfil
6769,fortified
6770,gleich
6771,worried
6772,praises
6773,tended
6774,prophecy
6775,explaining
6776,louder
6777,cells
6778,exaggerated
6779,cellar
6780,moore
6781,apology
6782,ayant
6783,oriental
6784,behave
6785,percy
6786,transformed
6787,trouver
6788,turkey
6789,expenditures
6790,strings
6791,roughly
6792,edgar
6793,pipes
6794,stationed
6795,marine
6796,hon
6797,settling
6798,veut
6799,meiner
6800,strive
6801,resignation
6802,lectures
6803,proprietor
6804,borrow
6805,impressive
6806,democracy
6807,traitor
6808,molly
6809,amazing
6810,meadow
6811,prophets
6812,ammunition
6813,employee
6814,quest
6815,intensely
6816,chariot
6817,expedient
6818,joining
6819,bounded
6820,identity
6821,quod
6822,gulf
6823,legislature
6824,fragrant
6825,afar
6826,luther
6827,mute
6828,shrank
6829,slopes
6830,traits
6831,darted
6832,synonymous
6833,smoked
6834,folds
6835,spacious
6836,hire
6837,avenue
6838,cured
6839,sylvia
6840,villain
6841,advances
6842,emma
6843,compensation
6844,esther
6845,richest
6846,revolutionary
6847,brightness
6848,realised
6849,lain
6850,earnestness
6851,tearing
6852,beggar
6853,solicitation
6854,canoes
6855,expressive
6856,eyebrows
6857,rewarded
6858,accuracy
6859,pitiful
6860,subordinate
6861,emphasis
6862,engineer
6863,kindled
6864,circulation
6865,team
6866,iowa
6867,dublin
6868,famille
6869,attentive
6870,choked
6871,proudly
6872,franklin
6873,passe
6874,alongside
6875,rhine
6876,odious
6877,spectacles
6878,cage
6879,barrier
6880,dean
6881,oregon
6882,machen
6883,chemical
6884,circuit
6885,qualified
6886,maids
6887,fallait
6888,instinctively
6889,mules
6890,possibilities
6891,tomorrow
6892,hampshire
6893,harriet
6894,reins
6895,salon
6896,kisses
6897,listing
6898,actors
6899,assent
6900,flattering
6901,endeavored
6902,imprisonment
6903,chapters
6904,canst
6905,granite
6906,inspection
6907,superb
6908,beam
6909,destitute
6910,analyzed
6911,aucun
6912,overwhelming
6913,charmed
6914,illusion
6915,sturdy
6916,sack
6917,aristocratic
6918,oven
6919,campbell
6920,consumption
6921,wollte
6922,michigan
6923,swimming
6924,ernest
6925,issues
6926,technical
6927,alert
6928,renew
6929,struggles
6930,excellency
6931,counter
6932,intending
6933,guerre
6934,robinson
6935,edges
6936,vicious
6937,holmes
6938,insignificant
6939,footing
6940,shattered
6941,ihrem
6942,unexpectedly
6943,confidential
6944,editing
6945,nevada
6946,swiss
6947,patch
6948,grk
6949,southward
6950,lingering
6951,antonio
6952,unusually
6953,aloft
6954,uncertainty
6955,anderson
6956,cigarette
6957,crude
6958,typical
6959,chancellor
6960,elapsed
6961,processes
6962,authorized
6963,demande
6964,aimed
6965,inspire
6966,favoured
6967,pouvoir
6968,bishops
6969,nails
6970,inevitably
6971,recht
6972,sagen
6973,museum
6974,refers
6975,surrendered
6976,guidance
6977,rulers
6978,sorrowful
6979,prescribed
6980,publish
6981,resisted
6982,scanty
6983,vigor
6984,blocks
6985,tries
6986,speculation
6987,threats
6988,flank
6989,tract
6990,maintenance
6991,assuming
6992,verge
6993,blankets
6994,cane
6995,jupiter
6996,lacking
6997,elsie
6998,toe
6999,elephant
7000,mock
7001,pony
7002,suffice
7003,trunks
7004,plunge
7005,tramp
7006,collecting
7007,urging
7008,tropical
7009,ivory
7010,betwixt
7011,ideals
7012,blossoms
7013,privately
7014,calamity
7015,communications
7016,dearly
7017,ho
7018,recognise
7019,falsehood
7020,champion
7021,strengthen
7022,uneasiness
7023,persia
7024,crystal
7025,tolerably
7026,pension
7027,computers
7028,anyhow
7029,doings
7030,crash
7031,entrusted
7032,cord
7033,curve
7034,empress
7035,policeman
7036,ins
7037,waiter
7038,beatrice
7039,prevailing
7040,blanket
7041,navigation
7042,nineteen
7043,shorter
7044,historic
7045,owen
7046,improvements
7047,cakes
7048,gli
7049,inland
7050,repetition
7051,eagle
7052,treating
7053,syn
7054,strode
7055,graces
7056,hedge
7057,voulu
7058,exertion
7059,palaces
7060,fold
7061,messages
7062,persecution
7063,rites
7064,rash
7065,tube
7066,suggests
7067,logs
7068,hostility
7069,browning
7070,monuments
7071,attribute
7072,werd
7073,margin
7074,banquet
7075,logic
7076,hoarse
7077,nobleman
7078,oars
7079,chimney
7080,imitate
7081,deem
7082,coldly
7083,dismay
7084,disturbance
7085,tip
7086,sait
7087,clark
7088,livres
7089,needle
7090,spark
7091,bleeding
7092,sings
7093,fascinating
7094,exceed
7095,forgiveness
7096,worlds
7097,disappear
7098,transparent
7099,distrust
7100,acquaintances
7101,epoch
7102,lame
7103,repent
7104,orderly
7105,nie
7106,tandis
7107,numbered
7108,jeg
7109,jeanne
7110,mutter
7111,appearances
7112,entertaining
7113,sanction
7114,humorous
7115,precaution
7116,mayor
7117,finely
7118,nineteenth
7119,pourtant
7120,arises
7121,forgiven
7122,marguerite
7123,merciful
7124,weigh
7125,dazzling
7126,hostess
7127,punctuation
7128,honors
7129,convenience
7130,backed
7131,rubbing
7132,pet
7133,onder
7134,swelling
7135,flocks
7136,pig
7137,productions
7138,forcing
7139,abbey
7140,barrel
7141,eternity
7142,zeer
7143,keith
7144,eben
7145,helena
7146,rescued
7147,agnes
7148,worshipped
7149,accuse
7150,lighting
7151,counting
7152,countless
7153,essay
7154,valet
7155,kick
7156,pretending
7157,condemn
7158,insolent
7159,hailed
7160,confronted
7161,crooked
7162,appreciated
7163,sleepy
7164,favored
7165,oxen
7166,leaping
7167,dort
7168,mantle
7169,sweetest
7170,torment
7171,vols
7172,infernal
7173,switzerland
7174,leonard
7175,popularity
7176,courses
7177,weekly
7178,despatch
7179,salute
7180,exertions
7181,verdict
7182,bonheur
7183,compound
7184,diet
7185,definitely
7186,hosts
7187,russians
7188,piercing
7189,morgan
7190,stained
7191,chicken
7192,allein
7193,hangs
7194,skirts
7195,associate
7196,julius
7197,comic
7198,mai
7199,desperately
7200,antique
7201,xi
7202,pa
7203,casual
7204,johnny
7205,discovering
7206,melody
7207,flatter
7208,phenomenon
7209,disclaim
7210,arisen
7211,panic
7212,raging
7213,militia
7214,evelyn
7215,aristocracy
7216,famine
7217,yoke
7218,sped
7219,nile
7220,energies
7221,bois
7222,threat
7223,politeness
7224,snapped
7225,discontinue
7226,mediterranean
7227,closet
7228,plu
7229,judging
7230,bowing
7231,tame
7232,originator
7233,zwei
7234,treacherous
7235,thieves
7236,pedro
7237,angles
7238,hal
7239,expresses
7240,forlorn
7241,annually
7242,trustees
7243,coats
7244,settlements
7245,scope
7246,adj
7247,cheval
7248,perplexed
7249,frail
7250,properties
7251,lust
7252,hare
7253,groaned
7254,burke
7255,vehicle
7256,stricken
7257,organizations
7258,deprive
7259,goals
7260,communion
7261,verb
7262,nought
7263,prompted
7264,modes
7265,reared
7266,assuredly
7267,confided
7268,benevolent
7269,eleanor
7270,skull
7271,hinted
7272,vermont
7273,float
7274,gifted
7275,mars
7276,pomp
7277,cecilia
7278,angrily
7279,rhode
7280,monarchy
7281,bother
7282,sitten
7283,weariness
7284,mistakes
7285,worthless
7286,pronounce
7287,penetrate
7288,divorce
7289,petits
7290,doe
7291,rags
7292,nick
7293,maidens
7294,impatiently
7295,uttering
7296,compose
7297,hist
7298,pulse
7299,brighter
7300,paroles
7301,passionately
7302,loses
7303,classic
7304,encouraging
7305,seamen
7306,vais
7307,feather
7308,amy
7309,knot
7310,contributing
7311,dante
7312,contribution
7313,gothic
7314,demonstration
7315,kicked
7316,venetian
7317,jacket
7318,shudder
7319,marvel
7320,scream
7321,stockings
7322,accidents
7323,hunters
7324,richer
7325,traveling
7326,respectfully
7327,underneath
7328,bees
7329,staggered
7330,cong
7331,inserted
7332,knocking
7333,writ
7334,panting
7335,superstitious
7336,nouvelle
7337,ingenuity
7338,dissolved
7339,statesmen
7340,topic
7341,xii
7342,parlour
7343,clerks
7344,tiger
7345,violates
7346,fewer
7347,appeals
7348,descriptions
7349,practise
7350,pines
7351,locations
7352,dispersed
7353,hannah
7354,rejoicing
7355,consecrated
7356,veiled
7357,commissioners
7358,shift
7359,shrine
7360,muy
7361,passive
7362,heaps
7363,profoundly
7364,duel
7365,vient
7366,fills
7367,agency
7368,admirably
7369,reine
7370,stumbled
7371,neatly
7372,ghosts
7373,integrity
7374,ascribed
7375,babylon
7376,luncheon
7377,screamed
7378,announce
7379,organic
7380,forts
7381,novelty
7382,lions
7383,shrink
7384,provoked
7385,arbitrary
7386,referring
7387,overhead
7388,blushed
7389,meinen
7390,liberties
7391,milan
7392,plunder
7393,discontent
7394,sixteenth
7395,repentance
7396,cromwell
7397,handled
7398,retreated
7399,wearied
7400,pulpit
7401,sympathies
7402,pledged
7403,zijne
7404,confirm
7405,butler
7406,perpetually
7407,constance
7408,lungs
7409,blamed
7410,mystic
7411,oe
7412,marcus
7413,insight
7414,correspondent
7415,guides
7416,photograph
7417,anderen
7418,advocate
7419,sua
7420,fuel
7421,standards
7422,ensuring
7423,sabbath
7424,chester
7425,injure
7426,opposing
7427,karl
7428,saul
7429,stature
7430,homely
7431,feverish
7432,madrid
7433,vows
7434,administered
7435,sands
7436,affords
7437,covenant
7438,expenditure
7439,zwischen
7440,attributes
7441,annoyance
7442,conjecture
7443,stanley
7444,bags
7445,phase
7446,happiest
7447,halls
7448,flee
7449,stating
7450,skilled
7451,interposed
7452,font
7453,frantic
7454,fairbanks
7455,messengers
7456,pin
7457,drum
7458,renders
7459,thrice
7460,rouse
7461,wid
7462,ruling
7463,daisy
7464,ic
7465,extends
7466,lequel
7467,embarked
7468,nod
7469,realise
7470,hoe
7471,fragment
7472,lacked
7473,attentions
7474,jail
7475,reasonably
7476,exceptions
7477,censure
7478,farms
7479,requiring
7480,weaker
7481,huts
7482,aucune
7483,gilded
7484,fra
7485,squadron
7486,sunrise
7487,starts
7488,natures
7489,jaws
7490,youths
7491,dale
7492,chercher
7493,perfume
7494,quebec
7495,luxurious
7496,assumption
7497,nobler
7498,link
7499,firmness
7500,colonial
7501,exporting
7502,females
7503,croire
7504,monotonous
7505,detachment
7506,factor
7507,binding
7508,unsolicited
7509,skirt
7510,dominions
7511,industrious
7512,enforced
7513,traversed
7514,cas
7515,travail
7516,rascal
7517,arabic
7518,fugitive
7519,hammer
7520,charlie
7521,satin
7522,recourse
7523,montana
7524,travers
7525,discern
7526,keeper
7527,plea
7528,imported
7529,rains
7530,resolutions
7531,stepping
7532,tranquillity
7533,inquiring
7534,overthrow
7535,allegiance
7536,dakota
7537,cats
7538,escaping
7539,ascend
7540,happening
7541,warmed
7542,gilt
7543,banner
7544,hints
7545,cable
7546,offend
7547,dijo
7548,destructive
7549,garde
7550,thumb
7551,quart
7552,hae
7553,hardy
7554,ascent
7555,trenches
7556,terrific
7557,ibid
7558,capitaine
7559,kingdoms
7560,unbroken
7561,deja
7562,tion
7563,elders
7564,engines
7565,relationship
7566,beseech
7567,boundaries
7568,egyptians
7569,hateful
7570,reflecting
7571,rotten
7572,physicians
7573,tortured
7574,toen
7575,establishing
7576,eller
7577,hook
7578,depression
7579,wolves
7580,recovering
7581,mouvement
7582,supposition
7583,chem
7584,patients
7585,sergeant
7586,desiring
7587,cuando
7588,morn
7589,gravel
7590,hymn
7591,contend
7592,poles
7593,coachman
7594,reconciled
7595,yon
7596,highway
7597,dessen
7598,sciences
7599,shares
7600,explosion
7601,asterisk
7602,vary
7603,aaron
7604,syria
7605,bridges
7606,heretofore
7607,disguised
7608,substances
7609,nelson
7610,directing
7611,groan
7612,questioning
7613,assented
7614,ropes
7615,hounds
7616,sinister
7617,exposure
7618,mould
7619,batteries
7620,whipped
7621,jenny
7622,illustrate
7623,sinner
7624,posterity
7625,luminous
7626,resign
7627,instinctive
7628,infamous
7629,antony
7630,enchanted
7631,birthday
7632,rolls
7633,currents
7634,housekeeper
7635,displeasure
7636,bacon
7637,sweden
7638,flaming
7639,owes
7640,ribbon
7641,survived
7642,moist
7643,poland
7644,insurrection
7645,sounding
7646,hector
7647,cometh
7648,chateau
7649,fling
7650,mentions
7651,lance
7652,tal
7653,clarence
7654,societies
7655,cousins
7656,missionaries
7657,elegance
7658,gen
7659,approbation
7660,spears
7661,parti
7662,docs
7663,exerted
7664,signature
7665,edmund
7666,petersburg
7667,joie
7668,tavern
7669,shelf
7670,summon
7671,invalidity
7672,parcel
7673,laisser
7674,ethel
7675,crosses
7676,incessant
7677,males
7678,reminds
7679,pluck
7680,reprinted
7681,shots
7682,exclusions
7683,gratify
7684,homeward
7685,semble
7686,ticket
7687,beiden
7688,stops
7689,christopher
7690,interruption
7691,equipped
7692,longitude
7693,disastrous
7694,partners
7695,alien
7696,familiarity
7697,notifies
7698,apollo
7699,embroidered
7700,andy
7701,sydney
7702,wee
7703,fraud
7704,trumpet
7705,clubs
7706,impose
7707,soleil
7708,eugene
7709,isle
7710,expectations
7711,newby
7712,frances
7713,ascending
7714,creep
7715,underline
7716,needful
7717,tenant
7718,tilde
7719,shawl
7720,humans
7721,devout
7722,shabby
7723,socrates
7724,forme
7725,brushed
7726,vegetation
7727,parson
7728,redistribution
7729,wallace
7730,afore
7731,ford
7732,orator
7733,tumbled
7734,attacking
7735,reject
7736,slumber
7737,trusting
7738,protecting
7739,curled
7740,irritated
7741,processors
7742,redistribute
7743,accessed
7744,wisconsin
7745,insulted
7746,outdated
7747,sweetly
7748,claude
7749,olivat
7750,herren
7751,plaisir
7752,elections
7753,endeavouring
7754,transmit
7755,accusation
7756,raoul
7757,drooping
7758,hopeful
7759,hardened
7760,peur
7761,frown
7762,healing
7763,ver
7764,growled
7765,patches
7766,retirement
7767,projects
7768,nebraska
7769,drifting
7770,xv
7771,slid
7772,austin
7773,breeding
7774,snowy
7775,listed
7776,pie
7777,merchantability
7778,chevalier
7779,sade
7780,accurately
7781,warren
7782,lists
7783,speedy
7784,feudal
7785,desolation
7786,notorious
7787,stony
7788,flags
7789,updated
7790,excursion
7791,joshua
7792,unlink
7793,comforted
7794,darker
7795,revenues
7796,proving
7797,bored
7798,deletions
7799,pleading
7800,melan
7801,resembles
7802,vein
7803,pglaf
7804,gbnewby
7805,fan
7806,distributor
7807,nonproprietary
7808,merchantibility
7809,unenforceability
7810,insane
7811,excused
7812,menace
7813,julian
7814,hugo
7815,transported
7816,anew
7817,ing
7818,curls
7819,damsel
7820,utah
7821,brussels
7822,italians
7823,dice
7824,diligence
7825,grievous
7826,ida
7827,furiously
7828,belgium
7829,adoption
7830,arches
7831,alexandria
7832,irs
7833,distracted
7834,cradle
7835,cruelly
7836,ya
7837,activities
7838,memoirs
7839,efter
7840,transmitted
7841,tribunal
7842,ridden
7843,mess
7844,drives
7845,practices
7846,eng
7847,abrupt
7848,freshness
7849,gentleness
7850,precautions
7851,founder
7852,staid
7853,shines
7854,vernon
7855,bolt
7856,grotesque
7857,miller
7858,jungle
7859,tough
7860,courtyard
7861,forbade
7862,choir
7863,robbers
7864,coleridge
7865,jar
7866,fixing
7867,foi
7868,josephine
7869,entreated
7870,lib
7871,fairest
7872,hasta
7873,penetrating
7874,printing
7875,employer
7876,ditch
7877,soothing
7878,clare
7879,theology
7880,thoughtfully
7881,witch
7882,zealous
7883,judgments
7884,approaches
7885,loan
7886,ty
7887,expends
7888,poisoned
7889,thickly
7890,neutral
7891,withal
7892,unreasonable
7893,studio
7894,variation
7895,xiii
7896,coolness
7897,relics
7898,vigorously
7899,doubled
7900,rapture
7901,sehen
7902,mason
7903,bathed
7904,weeds
7905,grains
7906,jaw
7907,tends
7908,elephants
7909,rustic
7910,continuance
7911,impulses
7912,affliction
7913,masculine
7914,dances
7915,associates
7916,hazard
7917,webster
7918,encamped
7919,shaded
7920,frighten
7921,vincent
7922,palms
7923,quixote
7924,reduction
7925,hospitable
7926,invalid
7927,clumsy
7928,fluid
7929,seventeenth
7930,villa
7931,politicians
7932,lendemain
7933,insensible
7934,trading
7935,entreat
7936,pere
7937,pond
7938,pretensions
7939,voltaire
7940,magnificence
7941,displeased
7942,asp
7943,eighth
7944,indication
7945,yahweh
7946,municipal
7947,chemin
7948,monastery
7949,forcibly
7950,thereupon
7951,abolition
7952,infancy
7953,gratification
7954,comforts
7955,backwards
7956,efficiency
7957,outrage
7958,stadt
7959,schooner
7960,communities
7961,esprit
7962,loveliness
7963,adjacent
7964,irene
7965,kennedy
7966,loneliness
7967,excluded
7968,xvi
7969,humiliation
7970,icy
7971,aspects
7972,consequent
7973,unlucky
7974,devised
7975,martial
7976,sauce
7977,gestures
7978,preserving
7979,chaucer
7980,paved
7981,annie
7982,delete
7983,invaded
7984,muddy
7985,occupations
7986,extinguished
7987,kleine
7988,catastrophe
7989,implies
7990,choosing
7991,cote
7992,strolled
7993,mounting
7994,cracked
7995,traveled
7996,swelled
7997,dagger
7998,sexes
7999,odor
8000,users
8001,gotten
8002,chivalry
8003,stray
8004,replies
8005,acceptable
8006,hastings
8007,prairie
8008,idol
8009,anonymous
8010,congratulate
8011,kent
8012,theological
8013,fishes
8014,moisture
8015,ouml
8016,distances
8017,dashing
8018,muss
8019,suspense
8020,damit
8021,violation
8022,inviting
8023,rifles
8024,necessities
8025,yankee
8026,cultivate
8027,oaths
8028,rio
8029,width
8030,wooded
8031,attorney
8032,blossom
8033,slim
8034,stain
8035,heb
8036,adored
8037,cour
8038,bessie
8039,passenger
8040,steed
8041,abominable
8042,fathoms
8043,abilities
8044,unfit
8045,mari
8046,victories
8047,beads
8048,herds
8049,arranging
8050,indem
8051,selfishness
8052,grieve
8053,stubborn
8054,patrick
8055,occupying
8056,formally
8057,versailles
8058,swollen
8059,wenig
8060,sorely
8061,opponents
8062,digging
8063,detect
8064,vines
8065,jeunes
8066,differently
8067,onze
8068,blake
8069,commodities
8070,gorge
8071,bullets
8072,aims
8073,shoe
8074,besieged
8075,productive
8076,sheriff
8077,hatten
8078,howells
8079,cuts
8080,glided
8081,packet
8082,ordering
8083,confine
8084,harris
8085,confer
8086,lassen
8087,turf
8088,sights
8089,vois
8090,pres
8091,ambassadors
8092,swam
8093,parker
8094,jr
8095,puisque
8096,lastly
8097,handling
8098,moss
8099,sundry
8100,headlong
8101,sprach
8102,solemnity
8103,accumulated
8104,intently
8105,odds
8106,wordsworth
8107,drawer
8108,streaming
8109,kom
8110,departments
8111,rub
8112,tact
8113,potent
8114,demon
8115,rattle
8116,gladness
8117,shameful
8118,ecstasy
8119,morton
8120,brightly
8121,welcher
8122,grasping
8123,variations
8124,gran
8125,persistent
8126,superficial
8127,trouvait
8128,anon
8129,resident
8130,enforce
8131,murmuring
8132,liverpool
8133,waistcoat
8134,emerson
8135,illuminated
8136,cheered
8137,mike
8138,achievement
8139,dome
8140,fetched
8141,appoint
8142,eminence
8143,vieille
8144,terrors
8145,treatise
8146,proclaim
8147,tenants
8148,lifetime
8149,marian
8150,overlooked
8151,spaces
8152,alaska
8153,ally
8154,persuasion
8155,canon
8156,dialogue
8157,disturbing
8158,ancients
8159,brisk
8160,explains
8161,voi
8162,curved
8163,hin
8164,nostrils
8165,ganze
8166,tutor
8167,boundless
8168,swayed
8169,destination
8170,understands
8171,airy
8172,companionship
8173,exceptional
8174,rogers
8175,ensued
8176,zyn
8177,lionel
8178,coolly
8179,recollections
8180,verily
8181,sobbing
8182,saloon
8183,tard
8184,colonists
8185,deposit
8186,supremacy
8187,heavier
8188,sternly
8189,senior
8190,accidental
8191,sighs
8192,threaten
8193,foam
8194,episode
8195,sovereigns
8196,rainy
8197,exterior
8198,vint
8199,slipping
8200,stammered
8201,planet
8202,tanto
8203,pillar
8204,easter
8205,moyen
8206,refinement
8207,clearer
8208,insolence
8209,vnto
8210,behavior
8211,assailed
8212,disgusted
8213,camels
8214,teaches
8215,watchful
8216,leisurely
8217,sanctuary
8218,helps
8219,thompson
8220,pictured
8221,wisest
8222,grade
8223,cowardly
8224,endurance
8225,marion
8226,mineral
8227,herz
8228,identified
8229,retiring
8230,protestants
8231,arabian
8232,personages
8233,ft
8234,lets
8235,toch
8236,reconcile
8237,peaks
8238,aforesaid
8239,ella
8240,deliverance
8241,ranged
8242,ken
8243,boyish
8244,ellos
8245,hush
8246,drinks
8247,lump
8248,sown
8249,minded
8250,leicester
8251,parmi
8252,prostrate
8253,sermons
8254,fruitful
8255,mischievous
8256,bridle
8257,parle
8258,allan
8259,mining
8260,crawled
8261,legends
8262,enduring
8263,flora
8264,balcony
8265,starving
8266,voluntarily
8267,pelle
8268,reverend
8269,autant
8270,dien
8271,apron
8272,shewed
8273,oklahoma
8274,malicious
8275,attire
8276,watches
8277,virgil
8278,coins
8279,ness
8280,shifting
8281,demanding
8282,eyelids
8283,sinful
8284,transportation
8285,hudson
8286,veel
8287,cited
8288,hy
8289,hamlet
8290,liebe
8291,deren
8292,import
8293,duration
8294,suppress
8295,remnant
8296,disliked
8297,satire
8298,zealand
8299,gewesen
8300,valour
8301,memorial
8302,wherewith
8303,welsh
8304,attach
8305,ladyship
8306,pots
8307,grassy
8308,emptied
8309,pang
8310,weakened
8311,hoofs
8312,civilisation
8313,bureau
8314,blushing
8315,suo
8316,bravery
8317,howling
8318,exit
8319,allows
8320,pursuits
8321,gallop
8322,simplest
8323,emotional
8324,sed
8325,pairs
8326,guarantee
8327,injurious
8328,resided
8329,zone
8330,shifted
8331,imaginative
8332,donna
8333,eminently
8334,vowed
8335,crushing
8336,maryland
8337,heureux
8338,grandson
8339,carlyle
8340,sheridan
8341,furnace
8342,ordained
8343,reluctance
8344,dove
8345,perchance
8346,scriptures
8347,traditional
8348,shivering
8349,compte
8350,achieve
8351,theodore
8352,weird
8353,wouldst
8354,michel
8355,anchored
8356,transaction
8357,sara
8358,edifice
8359,irony
8360,objective
8361,meinem
8362,demander
8363,fragrance
8364,miraculous
8365,pigs
8366,nodding
8367,aversion
8368,captivity
8369,rushes
8370,gleamed
8371,bruce
8372,grammar
8373,disdain
8374,forwards
8375,sidney
8376,tolerable
8377,beans
8378,regained
8379,magnitude
8380,peered
8381,wan
8382,populace
8383,spur
8384,groves
8385,chef
8386,commanders
8387,projecting
8388,divinity
8389,surveyed
8390,shelley
8391,knives
8392,radical
8393,coasts
8394,flanders
8395,cling
8396,dreadfully
8397,lapse
8398,comprehensive
8399,gaily
8400,thrilling
8401,temporal
8402,dusky
8403,strokes
8404,pamphlet
8405,emancipation
8406,fireplace
8407,tegen
8408,fork
8409,fascination
8410,unequal
8411,sketches
8412,tossing
8413,witty
8414,blanche
8415,burial
8416,obscurity
8417,contradiction
8418,deference
8419,clenched
8420,territories
8421,goethe
8422,wrist
8423,characterized
8424,mature
8425,torch
8426,estimation
8427,fifteenth
8428,hardships
8429,correctly
8430,ranges
8431,reluctant
8432,paternal
8433,yearly
8434,troy
8435,abused
8436,monte
8437,shady
8438,denmark
8439,kommen
8440,amour
8441,junction
8442,sleeve
8443,reluctantly
8444,chacun
8445,peculiarities
8446,nursery
8447,malcolm
8448,avoiding
8449,engaging
8450,muscular
8451,heaped
8452,alternately
8453,voyait
8454,defy
8455,flourishing
8456,disputes
8457,beset
8458,consultation
8459,sect
8460,frenchmen
8461,applying
8462,recommendation
8463,gaiety
8464,silken
8465,whirled
8466,burton
8467,melt
8468,dimensions
8469,veritable
8470,involuntarily
8471,involuntary
8472,environment
8473,ungrateful
8474,athos
8475,coups
8476,players
8477,truce
8478,reporter
8479,sour
8480,noticing
8481,syllable
8482,horizontal
8483,considers
8484,gerald
8485,whistling
8486,weighing
8487,confinement
8488,groote
8489,devoured
8490,goats
8491,nail
8492,vault
8493,conductor
8494,spurs
8495,pistols
8496,delivery
8497,excuses
8498,immortality
8499,thickness
8500,ersten
8501,counsels
8502,thrilled
8503,wanton
8504,tel
8505,dividing
8506,tes
8507,discouraged
8508,fluttering
8509,eyed
8510,pathos
8511,historians
8512,relish
8513,offerings
8514,interrupt
8515,secondly
8516,gros
8517,gains
8518,renowned
8519,blacks
8520,miriam
8521,fundraising
8522,launched
8523,chairman
8524,telle
8525,seines
8526,conceptions
8527,aye
8528,console
8529,defending
8530,needless
8531,cock
8532,foreigner
8533,practicable
8534,hardware
8535,foregoing
8536,isabella
8537,uno
8538,mac
8539,lily
8540,toes
8541,denounced
8542,ovat
8543,toast
8544,electricity
8545,savait
8546,vingt
8547,layer
8548,boasted
8549,involve
8550,hypothesis
8551,permanently
8552,irritation
8553,armor
8554,combine
8555,conversations
8556,mechanically
8557,casa
8558,creative
8559,alps
8560,manila
8561,inconvenience
8562,wasting
8563,boyhood
8564,olla
8565,grecian
8566,channels
8567,constrained
8568,depressed
8569,mortals
8570,plucked
8571,shuddered
8572,marches
8573,grapes
8574,schedule
8575,geht
8576,planning
8577,terminated
8578,pastoral
8579,bids
8580,contemplate
8581,landlady
8582,judah
8583,brooding
8584,buffalo
8585,indications
8586,precision
8587,darwin
8588,babies
8589,edit
8590,sinners
8591,confidently
8592,harness
8593,nowadays
8594,conqueror
8595,resurrection
8596,secrecy
8597,anders
8598,engagements
8599,spoils
8600,veteran
8601,indicates
8602,kommt
8603,wheeled
8604,cordially
8605,wort
8606,accession
8607,moderation
8608,intrigue
8609,norway
8610,role
8611,presumed
8612,moods
8613,lustre
8614,turner
8615,signify
8616,imply
8617,violet
8618,superfluous
8619,lever
8620,jotka
8621,kid
8622,regulation
8623,dependence
8624,doen
8625,exert
8626,gdp
8627,foule
8628,shilling
8629,ore
8630,nl
8631,geographical
8632,politely
8633,wright
8634,kit
8635,spies
8636,robbery
8637,judicious
8638,flourish
8639,vite
8640,corrections
8641,monkey
8642,pitt
8643,baffled
8644,dripping
8645,quarrels
8646,suicide
8647,yacht
8648,blinded
8649,observes
8650,alten
8651,echoes
8652,convictions
8653,tire
8654,charter
8655,relaxed
8656,brahman
8657,em
8658,orthodox
8659,expansion
8660,awaken
8661,kaiser
8662,lime
8663,pasture
8664,ale
8665,clapped
8666,manufacturing
8667,suggestive
8668,jordan
8669,alarming
8670,instruct
8671,welches
8672,disclosed
8673,pagan
8674,tense
8675,curate
8676,licenses
8677,mohammed
8678,raymond
8679,blended
8680,customers
8681,duchesse
8682,chickens
8683,surpassed
8684,aloof
8685,caprice
8686,shivered
8687,ave
8688,ferocious
8689,wretches
8690,towering
8691,valor
8692,departing
8693,frenzy
8694,presumption
8695,hymns
8696,fashioned
8697,improving
8698,persians
8699,epic
8700,throbbing
8701,undisturbed
8702,envoy
8703,inadequate
8704,vertical
8705,tint
8706,delegates
8707,audacity
8708,sloping
8709,alan
8710,haggard
8711,semblance
8712,workman
8713,lament
8714,sleeps
8715,stocks
8716,forsake
8717,frivolous
8718,dialect
8719,porthos
8720,pinch
8721,refreshing
8722,bruised
8723,gauche
8724,crouched
8725,cavern
8726,calculation
8727,frowned
8728,prone
8729,realization
8730,sophia
8731,gracefully
8732,hester
8733,decisions
8734,directors
8735,rustling
8736,twinkling
8737,hello
8738,player
8739,floods
8740,imperious
8741,dismiss
8742,ganzen
8743,brood
8744,privileged
8745,certaine
8746,spontaneous
8747,mabel
8748,pmb
8749,revival
8750,scruples
8751,quiver
8752,respectively
8753,amelia
8754,blazed
8755,shocking
8756,tenait
8757,briskly
8758,hesitating
8759,pausing
8760,plantations
8761,gud
8762,walt
8763,generously
8764,gardener
8765,glimpses
8766,souvenir
8767,gouvernement
8768,cataloguers
8769,fowls
8770,herrn
8771,droite
8772,trench
8773,vale
8774,mast
8775,deserts
8776,formula
8777,drown
8778,grinned
8779,newsletters
8780,straining
8781,rouge
8782,burns
8783,decrees
8784,sic
8785,giovanni
8786,peculiarity
8787,pork
8788,renown
8789,temptations
8790,sourire
8791,millennium
8792,mismo
8793,otto
8794,malignant
8795,sagacity
8796,habitually
8797,cameron
8798,sighing
8799,fortifications
8800,calme
8801,signor
8802,footman
8803,livre
8804,slide
8805,baptism
8806,ribs
8807,loi
8808,undergone
8809,lamented
8810,conversing
8811,strains
8812,puritan
8813,comments
8814,bachelor
8815,partake
8816,lyons
8817,asylum
8818,tage
8819,shelves
8820,herewith
8821,painters
8822,institute
8823,mutton
8824,lb
8825,cairo
8826,sweeter
8827,whispers
8828,clasping
8829,provoke
8830,degradation
8831,haus
8832,lucien
8833,comparing
8834,patty
8835,caste
8836,tool
8837,operate
8838,miseries
8839,stoop
8840,invent
8841,substituted
8842,vexation
8843,baker
8844,mills
8845,cosa
8846,sob
8847,via
8848,rubbish
8849,histories
8850,ensuite
8851,gait
8852,hardest
8853,commonwealth
8854,overtook
8855,journeys
8856,assemble
8857,gallantry
8858,facile
8859,blest
8860,revive
8861,buckingham
8862,nina
8863,dawned
8864,dispatched
8865,rooted
8866,immensely
8867,knit
8868,foster
8869,slippers
8870,impetuous
8871,conducting
8872,stella
8873,tails
8874,blooming
8875,determining
8876,interpreter
8877,voici
8878,rats
8879,login
8880,longue
8881,inexplicable
8882,violin
8883,diverted
8884,eccentric
8885,swedish
8886,kleinen
8887,whig
8888,verbal
8889,fading
8890,extracted
8891,shrieked
8892,decreed
8893,harrison
8894,rabbit
8895,deputy
8896,faites
8897,quil
8898,mingling
8899,contra
8900,wage
8901,yields
8902,fared
8903,chant
8904,wedded
8905,insufficient
8906,angelo
8907,charleston
8908,extracts
8909,gems
8910,rudely
8911,beckoned
8912,comprehended
8913,seite
8914,godfrey
8915,dryden
8916,expanse
8917,boss
8918,bounty
8919,protector
8920,solo
8921,aramis
8922,reside
8923,chaise
8924,fable
8925,oppressive
8926,inference
8927,fluttered
8928,pose
8929,anticipate
8930,adventurous
8931,dein
8932,tickets
8933,favours
8934,dissatisfied
8935,mists
8936,condemnation
8937,diego
8938,gratifying
8939,physically
8940,rowed
8941,shipping
8942,imminent
8943,banners
8944,montague
8945,fishermen
8946,candid
8947,weer
8948,wordt
8949,precipice
8950,escorted
8951,galleries
8952,manufactured
8953,tray
8954,ducks
8955,purposely
8956,commented
8957,obstinacy
8958,legions
8959,sane
8960,hannibal
8961,sagt
8962,mortality
8963,sculpture
8964,rebecca
8965,bake
8966,bridegroom
8967,cleveland
8968,intimated
8969,arouse
8970,prophetic
8971,strenuous
8972,summary
8973,beholding
8974,perseverance
8975,stimulus
8976,securely
8977,maxim
8978,goed
8979,boers
8980,prohibited
8981,exhaustion
8982,suffers
8983,luggage
8984,tonight
8985,fade
8986,larmes
8987,leven
8988,tracts
8989,comprehension
8990,zwar
8991,showers
8992,whistled
8993,refreshed
8994,squares
8995,faltered
8996,patriot
8997,regulate
8998,vanish
8999,flavor
9000,uncovered
9001,scruple
9002,wreath
9003,advertisement
9004,deepened
9005,cref
9006,deliberation
9007,resorted
9008,damn
9009,sortir
9010,virtually
9011,loaf
9012,swarm
9013,informing
9014,quae
9015,curses
9016,restricted
9017,quant
9018,mused
9019,waits
9020,chalk
9021,follies
9022,darauf
9023,farthest
9024,disgraceful
9025,beide
9026,uproar
9027,outset
9028,manuscripts
9029,suggesting
9030,conformity
9031,expects
9032,issuing
9033,undone
9034,quickened
9035,journals
9036,petites
9037,balanced
9038,tarzan
9039,presentation
9040,orchestra
9041,descendant
9042,citadel
9043,methinks
9044,nel
9045,peru
9046,undergo
9047,forte
9048,maps
9049,manuel
9050,persecuted
9051,quicker
9052,trampled
9053,mastered
9054,enmity
9055,essays
9056,interpret
9057,shrinking
9058,zy
9059,caves
9060,poorer
9061,correspond
9062,jeder
9063,diminish
9064,joints
9065,senor
9066,shiver
9067,thereto
9068,olen
9069,symbols
9070,lifeless
9071,vigilance
9072,statutes
9073,fearfully
9074,frequented
9075,adverse
9076,tempting
9077,negotiation
9078,packing
9079,rug
9080,vin
9081,define
9082,hors
9083,ga
9084,solche
9085,devoir
9086,infer
9087,nursed
9088,trait
9089,denial
9090,religions
9091,robber
9092,successors
9093,tasks
9094,mar
9095,treats
9096,yelled
9097,prowess
9098,jesuits
9099,apostle
9100,ende
9101,asiatic
9102,unkind
9103,diary
9104,beware
9105,conceit
9106,snatch
9107,cowardice
9108,constable
9109,random
9110,devise
9111,hound
9112,feebly
9113,inflict
9114,fisherman
9115,fruitless
9116,granting
9117,laborers
9118,phillips
9119,fuss
9120,secular
9121,button
9122,incline
9123,sanguine
9124,re
9125,blindly
9126,grudge
9127,savez
9128,barrels
9129,concealment
9130,bluff
9131,einige
9132,ensemble
9133,intrusted
9134,pense
9135,publishing
9136,tumbling
9137,cecil
9138,judas
9139,barbarians
9140,rim
9141,contemptible
9142,imperative
9143,entendre
9144,rivals
9145,trot
9146,imparted
9147,dwells
9148,onto
9149,straightened
9150,appalling
9151,location
9152,ounce
9153,exploits
9154,stark
9155,drain
9156,oftener
9157,runways
9158,quam
9159,leapt
9160,substantially
9161,affectation
9162,impartial
9163,poisonous
9164,exquisitely
9165,inventor
9166,mortification
9167,mingle
9168,foreseen
9169,berries
9170,heal
9171,achilles
9172,authentic
9173,weise
9174,invincible
9175,claws
9176,betrothed
9177,fasten
9178,twins
9179,denying
9180,keinen
9181,pues
9182,solicitude
9183,materially
9184,barons
9185,feat
9186,laboured
9187,zag
9188,disciple
9189,idols
9190,bearer
9191,toy
9192,celtic
9193,rattled
9194,envied
9195,bristol
9196,sujet
9197,exhibits
9198,acre
9199,cooper
9200,ignore
9201,ark
9202,musicians
9203,spectator
9204,altsp
9205,gateway
9206,lass
9207,ri
9208,ib
9209,discontented
9210,bat
9211,colorado
9212,subsistence
9213,kon
9214,inwardly
9215,powdered
9216,wills
9217,fullest
9218,perpendicular
9219,raged
9220,rosa
9221,musician
9222,wronged
9223,excursions
9224,interrupting
9225,monopoly
9226,metallic
9227,instituted
9228,havde
9229,signified
9230,beaux
9231,entreaties
9232,idly
9233,brightened
9234,breeches
9235,upp
9236,obliging
9237,christendom
9238,fritz
9239,utility
9240,partir
9241,affects
9242,alma
9243,dares
9244,inventions
9245,orphan
9246,systematic
9247,cushions
9248,depot
9249,underground
9250,unit
9251,manchester
9252,frowning
9253,whereon
9254,mechanism
9255,busily
9256,paintings
9257,dazed
9258,celles
9259,seigneur
9260,bricks
9261,baptized
9262,ceases
9263,client
9264,snakes
9265,births
9266,contending
9267,rodin
9268,engraved
9269,marius
9270,lowly
9271,arched
9272,apostles
9273,conversed
9274,stung
9275,annals
9276,girdle
9277,plausible
9278,camped
9279,nasty
9280,seconde
9281,norfolk
9282,sino
9283,blackness
9284,modo
9285,steered
9286,brilliancy
9287,deity
9288,wellington
9289,magnetic
9290,prizes
9291,tuli
9292,chocolate
9293,expelled
9294,deficient
9295,clouded
9296,predecessors
9297,rods
9298,gambling
9299,rhythm
9300,explore
9301,giants
9302,abuses
9303,disant
9304,facilities
9305,monotony
9306,occupies
9307,disadvantage
9308,volcanic
9309,sweetheart
9310,wer
9311,leadership
9312,researches
9313,haze
9314,geworden
9315,eliza
9316,ble
9317,ballad
9318,vinegar
9319,expanded
9320,smothered
9321,ludicrous
9322,sizes
9323,malheureux
9324,despotism
9325,feller
9326,gaunt
9327,ghostly
9328,mien
9329,lydia
9330,ribbons
9331,seclusion
9332,successively
9333,briefest
9334,enterprises
9335,kneel
9336,colleagues
9337,devour
9338,diversion
9339,recompense
9340,sparkled
9341,superintendent
9342,risks
9343,subsided
9344,ivan
9345,bathing
9346,hadden
9347,supplying
9348,durst
9349,pierce
9350,quivered
9351,individuality
9352,plaster
9353,phantom
9354,chevaux
9355,tim
9356,fulness
9357,tenor
9358,winchester
9359,marshall
9360,stems
9361,faite
9362,thirteenth
9363,nurses
9364,concentration
9365,craving
9366,howl
9367,industries
9368,chagrin
9369,henderson
9370,thermometer
9371,informs
9372,councils
9373,excessively
9374,liver
9375,louisa
9376,sundays
9377,recalling
9378,visibly
9379,koko
9380,imitated
9381,refreshment
9382,stead
9383,teaspoonful
9384,worker
9385,trimmed
9386,conquests
9387,strips
9388,naughty
9389,shepherds
9390,evans
9391,concealing
9392,bust
9393,cigars
9394,overboard
9395,kinsman
9396,taas
9397,rubber
9398,reproaches
9399,impertinent
9400,overtaken
9401,eden
9402,exposition
9403,fourteenth
9404,involves
9405,wed
9406,churchyard
9407,whiteness
9408,kwam
9409,furnishing
9410,prevalent
9411,regrets
9412,tests
9413,giles
9414,impudent
9415,plough
9416,hunne
9417,io
9418,revealing
9419,diligently
9420,laughs
9421,contrive
9422,ff
9423,hovering
9424,availed
9425,seals
9426,tunnel
9427,propos
9428,philosophic
9429,canterbury
9430,plank
9431,leslie
9432,sinks
9433,whirl
9434,circus
9435,machte
9436,choking
9437,otro
9438,murderous
9439,psychological
9440,labored
9441,ornamental
9442,plymouth
9443,lavish
9444,robespierre
9445,nouvelles
9446,discomfort
9447,markets
9448,tension
9449,robust
9450,premiers
9451,crowding
9452,screw
9453,spoon
9454,purchasing
9455,gehen
9456,challenged
9457,anecdotes
9458,assumes
9459,limitations
9460,contracts
9461,habia
9462,magazines
9463,tap
9464,requesting
9465,jahre
9466,unfinished
9467,aura
9468,counts
9469,toilet
9470,barry
9471,mss
9472,stimulated
9473,soothed
9474,timothy
9475,congenial
9476,amply
9477,commended
9478,creditors
9479,belles
9480,dose
9481,phases
9482,tiresome
9483,franz
9484,dazu
9485,alte
9486,gripped
9487,endlich
9488,fulfilment
9489,intervening
9490,tenir
9491,unlikely
9492,handing
9493,tips
9494,docteur
9495,slice
9496,buck
9497,carts
9498,cavalier
9499,silloin
9500,disinterested
9501,plunging
9502,amsterdam
9503,heroism
9504,outburst
9505,peep
9506,franks
9507,edwin
9508,ted
9509,deals
9510,sufficed
9511,monseigneur
9512,successes
9513,manger
9514,laisse
9515,endeavoring
9516,felicity
9517,noir
9518,retaining
9519,enlisted
9520,conquering
9521,shakes
9522,convict
9523,toda
9524,juste
9525,subjection
9526,employing
9527,jerked
9528,confide
9529,factories
9530,huddled
9531,monthly
9532,whale
9533,bud
9534,eenige
9535,catalogue
9536,connections
9537,schoolmaster
9538,transports
9539,implements
9540,aesthetic
9541,vivre
9542,involving
9543,manifestly
9544,parut
9545,acquiring
9546,hermit
9547,literal
9548,hause
9549,malady
9550,puzzle
9551,schien
9552,nigger
9553,sprinkled
9554,cluster
9555,watson
9556,attractions
9557,silenced
9558,railroads
9559,wesen
9560,normandy
9561,glistening
9562,mariage
9563,smoothly
9564,ejaculated
9565,apparel
9566,thronged
9567,editorial
9568,fleeting
9569,dissolution
9570,photographs
9571,geese
9572,offense
9573,softness
9574,ransom
9575,sojourn
9576,groans
9577,implore
9578,lurking
9579,noiselessly
9580,drei
9581,namen
9582,wildest
9583,professions
9584,diverse
9585,oracle
9586,reveals
9587,paste
9588,discord
9589,matches
9590,differing
9591,colleges
9592,niets
9593,timidly
9594,slices
9595,roberts
9596,baking
9597,lbs
9598,beggars
9599,fainting
9600,scrap
9601,barley
9602,abound
9603,irishman
9604,burgundy
9605,libre
9606,salisbury
9607,tod
9608,loosened
9609,uplifted
9610,automobile
9611,nahm
9612,theatres
9613,parliamentary
9614,decoration
9615,adorn
9616,remembers
9617,fuller
9618,gliding
9619,twentieth
9620,gout
9621,scratched
9622,notices
9623,qualifications
9624,floors
9625,mag
9626,mcol
9627,territorial
9628,cloudy
9629,farming
9630,healed
9631,noses
9632,latent
9633,rumour
9634,inflamed
9635,noel
9636,gaston
9637,madly
9638,spinning
9639,usted
9640,distinguishing
9641,ej
9642,cleaned
9643,distorted
9644,certificate
9645,forbidding
9646,investigations
9647,francois
9648,dungeon
9649,earthquake
9650,brig
9651,pacing
9652,rat
9653,cri
9654,emphatically
9655,chooses
9656,com
9657,buddha
9658,admirer
9659,jolyon
9660,wailing
9661,welke
9662,ardor
9663,warmer
9664,allude
9665,chaplain
9666,mathematical
9667,brightest
9668,scornful
9669,slippery
9670,rack
9671,stunned
9672,inspiring
9673,hawkins
9674,hawthorne
9675,similarly
9676,brazil
9677,sequence
9678,recesses
9679,holidays
9680,trout
9681,wells
9682,whisky
9683,premiere
9684,deposits
9685,inmost
9686,mensch
9687,gentry
9688,heaved
9689,sinned
9690,communicating
9691,fights
9692,zeide
9693,envious
9694,fortitude
9695,unspeakable
9696,amounting
9697,palestine
9698,comely
9699,surmounted
9700,analogy
9701,thorns
9702,overcame
9703,hark
9704,coincidence
9705,incomprehensible
9706,bridal
9707,lilies
9708,soldats
9709,doubting
9710,toss
9711,dingy
9712,intricate
9713,inmates
9714,soeur
9715,friedrich
9716,climax
9717,hearers
9718,knave
9719,henrietta
9720,katy
9721,knots
9722,befall
9723,styled
9724,tiempo
9725,revolving
9726,penance
9727,admirers
9728,wad
9729,nuns
9730,asunder
9731,wil
9732,fairer
9733,tiene
9734,disgraced
9735,diligent
9736,reap
9737,stifled
9738,irving
9739,profusion
9740,rounds
9741,sunt
9742,siihen
9743,speculative
9744,enables
9745,merriment
9746,grated
9747,quotation
9748,grinding
9749,morally
9750,fais
9751,seele
9752,faintest
9753,overcoat
9754,reducing
9755,promenade
9756,nero
9757,liberality
9758,surf
9759,adrian
9760,essex
9761,tapped
9762,elector
9763,crawl
9764,theft
9765,plumes
9766,weder
9767,wiping
9768,kinder
9769,areas
9770,racing
9771,augustine
9772,retour
9773,soften
9774,stair
9775,veranda
9776,orion
9777,recess
9778,amorous
9779,downwards
9780,heute
9781,manifold
9782,daddy
9783,continental
9784,fiscal
9785,cough
9786,twisting
9787,procuring
9788,guise
9789,prettiest
9790,strait
9791,chattering
9792,deception
9793,geography
9794,offences
9795,personnes
9796,enclosure
9797,rung
9798,joel
9799,etiquette
9800,parma
9801,tory
9802,crow
9803,scratch
9804,flutter
9805,quando
9806,smoothed
9807,amateur
9808,pompey
9809,hood
9810,mornings
9811,animation
9812,fists
9813,warwick
9814,overflowing
9815,indescribable
9816,windsor
9817,ef
9818,turk
9819,magical
9820,hillside
9821,soda
9822,genug
9823,overlooking
9824,faust
9825,actress
9826,sparks
9827,romances
9828,albany
9829,costumes
9830,transformation
9831,aquel
9832,extremes
9833,steadfast
9834,presbyterian
9835,avarice
9836,himmel
9837,busied
9838,sneer
9839,plots
9840,yorker
9841,sliding
9842,unmistakable
9843,revolutions
9844,trades
9845,abject
9846,quaker
9847,ponies
9848,willoughby
9849,recited
9850,arabia
9851,launch
9852,raises
9853,unquestionably
9854,mhw
9855,voulut
9856,jesuit
9857,davon
9858,expired
9859,rations
9860,holiness
9861,battalion
9862,realizing
9863,jener
9864,leva
9865,plume
9866,geneva
9867,pharaoh
9868,sohn
9869,carelessness
9870,fu
9871,geben
9872,dearer
9873,enriched
9874,exaggeration
9875,humming
9876,oval
9877,continua
9878,teachings
9879,illusions
9880,tribune
9881,impenetrable
9882,haute
9883,necessaries
9884,fanciful
9885,padre
9886,philippe
9887,eats
9888,contradict
9889,investment
9890,subdue
9891,abbot
9892,reigns
9893,alcohol
9894,voila
9895,perspective
9896,sentenced
9897,assisting
9898,tissue
9899,selon
9900,odour
9901,pigeons
9902,politique
9903,distressing
9904,toys
9905,balloon
9906,foresee
9907,gemacht
9908,solved
9909,relatively
9910,snug
9911,georges
9912,drug
9913,contemplating
9914,nang
9915,woes
9916,rend
9917,adventurers
9918,drying
9919,willingness
9920,herald
9921,prevents
9922,bordered
9923,nameless
9924,strewn
9925,crawling
9926,luis
9927,proprietors
9928,heiress
9929,medal
9930,depending
9931,donnait
9932,opium
9933,softer
9934,fringe
9935,vaikka
9936,wink
9937,drake
9938,charging
9939,daresay
9940,peninsula
9941,redeem
9942,shakspeare
9943,galloping
9944,observance
9945,decency
9946,eric
9947,amiss
9948,ceylon
9949,ettei
9950,marking
9951,honora
9952,servir
9953,spun
9954,inscriptions
9955,serenity
9956,absorbing
9957,wig
9958,hawk
9959,precepts
9960,core
9961,glove
9962,estaba
9963,instructive
9964,tun
9965,bleak
9966,ethical
9967,regularity
9968,jam
9969,ushered
9970,claiming
9971,respond
9972,bravest
9973,exhibiting
9974,insults
9975,otra
9976,primarily
9977,voiture
9978,vane
9979,eleventh
9980,resent
9981,cynical
9982,redemption
9983,sache
9984,steele
9985,ensure
9986,livery
9987,oaks
9988,triumphantly
9989,vida
9990,meanest
9991,ambitions
9992,thereon
9993,fulkerson
9994,beaming
9995,redeemed
9996,turbulent
9997,chained
9998,val
9999,precedent
10000,ware
10001,dad
10002,flooded
10003,restoring
10004,complied
10005,genre
10006,piteous
10007,howe
10008,powerfully
10009,headache
10010,ratio
10011,spelling
10012,vehemence
10013,patted
10014,vis
10015,liar
10016,geschichte
10017,noticeable
10018,suppression
10019,drugs
10020,clerical
10021,pensive
10022,insulting
10023,walpole
10024,custody
10025,wail
10026,watery
10027,wines
10028,harding
10029,hume
10030,cemetery
10031,tomber
10032,beneficent
10033,heading
10034,supports
10035,forefathers
10036,accumulation
10037,crippled
10038,iets
10039,advent
10040,celebration
10041,pools
10042,sine
10043,vista
10044,closes
10045,scant
10046,solace
10047,blindness
10048,wavering
10049,pirate
10050,fletcher
10051,clarke
10052,furs
10053,cords
10054,wistful
10055,lowell
10056,clementina
10057,palmer
10058,sina
10059,biography
10060,rails
10061,grimly
10062,heaving
10063,occurring
10064,singers
10065,spotted
10066,quitting
10067,musket
10068,inferred
10069,loosely
10070,pallid
10071,succeeds
10072,editors
10073,bowels
10074,pondered
10075,conceded
10076,cupboard
10077,mesure
10078,hospitals
10079,hardship
10080,reasoned
10081,watered
10082,ancestor
10083,commissioned
10084,theater
10085,consume
10086,gedanken
10087,calculations
10088,tempered
10089,pump
10090,stays
10091,weg
10092,pudding
10093,controlling
10094,tierra
10095,drawers
10096,lied
10097,sculptor
10098,carson
10099,secluded
10100,genoa
10101,smitten
10102,vive
10103,clatter
10104,intuition
10105,package
10106,administrative
10107,herein
10108,twin
10109,adherents
10110,divined
10111,mellow
10112,sec
10113,lumber
10114,wharf
10115,constantine
10116,cleopatra
10117,shields
10118,cosas
10119,bourgeois
10120,furnishes
10121,astray
10122,violated
10123,jars
10124,novelist
10125,stupidity
10126,douleur
10127,handsomely
10128,speechless
10129,therewith
10130,austere
10131,elastic
10132,prints
10133,lat
10134,martyr
10135,recognizing
10136,thrusting
10137,steht
10138,peeped
10139,participation
10140,corporal
10141,meddle
10142,restait
10143,buds
10144,mourir
10145,withstand
10146,malheur
10147,persist
10148,tucked
10149,prima
10150,hastening
10151,monsters
10152,cylinder
10153,dazzled
10154,sample
10155,corrupted
10156,drowsy
10157,unanimous
10158,whiskers
10159,provides
10160,gazette
10161,sentinel
10162,antagonist
10163,junior
10164,exasperated
10165,foresaw
10166,folding
10167,cheery
10168,fisher
10169,assemblies
10170,tony
10171,demons
10172,lawless
10173,administer
10174,composing
10175,investigate
10176,presided
10177,chilled
10178,esp
10179,manifestations
10180,momentous
10181,hoisted
10182,raiment
10183,caravan
10184,sub
10185,muskets
10186,xvii
10187,factors
10188,oxygen
10189,deuce
10190,escapes
10191,etes
10192,overpowered
10193,aime
10194,meagre
10195,allusions
10196,altars
10197,chamberlain
10198,diable
10199,sunken
10200,adjective
10201,kills
10202,sandwich
10203,forwarded
10204,alleen
10205,operating
10206,traverse
10207,warner
10208,lashes
10209,nomination
10210,addison
10211,contended
10212,mystical
10213,admiralty
10214,snap
10215,collision
10216,madge
10217,streamed
10218,constancy
10219,vase
10220,scrutiny
10221,overlook
10222,pernicious
10223,augenblick
10224,pavilion
10225,spreads
10226,blunt
10227,passa
10228,laboratory
10229,scrape
10230,suburbs
10231,weighty
10232,compositions
10233,dam
10234,unaccountable
10235,foreman
10236,tactics
10237,demain
10238,metropolis
10239,steamers
10240,seit
10241,exultation
10242,regardait
10243,alms
10244,bitten
10245,emphatic
10246,ensuing
10247,abel
10248,suspecting
10249,submarine
10250,waked
10251,detested
10252,reforms
10253,deplorable
10254,initial
10255,shipped
10256,enlarge
10257,montreal
10258,unclean
10259,veneration
10260,contention
10261,exercising
10262,accomplishments
10263,ephraim
10264,punch
10265,organisation
10266,vivacity
10267,willow
10268,caresses
10269,flown
10270,drill
10271,tested
10272,establishments
10273,lifts
10274,guiding
10275,averse
10276,chivalrous
10277,roasted
10278,mathematics
10279,conceivable
10280,illus
10281,crisp
10282,fragte
10283,commandment
10284,onions
10285,wissen
10286,spenser
10287,diplomacy
10288,applauded
10289,labouring
10290,quakers
10291,installed
10292,bidden
10293,exposing
10294,neue
10295,patriots
10296,zugleich
10297,richelieu
10298,cursing
10299,emblem
10300,broader
10301,commotion
10302,grinning
10303,evinced
10304,kopf
10305,worms
10306,blackened
10307,favors
10308,learns
10309,confound
10310,prevails
10311,eva
10312,randolph
10313,flint
10314,muslin
10315,paix
10316,enquired
10317,torrents
10318,handy
10319,alley
10320,fainted
10321,scrupulous
10322,repulsed
10323,shirts
10324,memphis
10325,dickens
10326,bismarck
10327,madison
10328,unfair
10329,deficiency
10330,masts
10331,curves
10332,isolation
10333,commune
10334,civility
10335,luxuries
10336,plural
10337,occupants
10338,impudence
10339,taller
10340,consummate
10341,kicking
10342,fleurs
10343,travelers
10344,iroquois
10345,affording
10346,fiend
10347,planets
10348,sayings
10349,andrews
10350,derselben
10351,thei
10352,uw
10353,hamburg
10354,appointments
10355,stump
10356,whiskey
10357,knowed
10358,modestly
10359,edwards
10360,hasard
10361,deities
10362,stupendous
10363,advocates
10364,muse
10365,hindered
10366,delivering
10367,spit
10368,receipts
10369,statistics
10370,adult
10371,nightfall
10372,economical
10373,heightened
10374,limestone
10375,harley
10376,scaffold
10377,leute
10378,barking
10379,acquaint
10380,partout
10381,filles
10382,joyfully
10383,mat
10384,senators
10385,rhetoric
10386,doux
10387,analogous
10388,ceaseless
10389,scrub
10390,preachers
10391,rot
10392,shrunk
10393,hues
10394,pardoned
10395,teil
10396,ponderous
10397,satisfying
10398,decks
10399,periodical
10400,burr
10401,dart
10402,salmon
10403,toiled
10404,owl
10405,pathway
10406,unaware
10407,pangs
10408,dei
10409,peas
10410,temperance
10411,austen
10412,madman
10413,hartford
10414,maitre
10415,christophe
10416,eustace
10417,befell
10418,mixing
10419,musing
10420,shutters
10421,camel
10422,chi
10423,resisting
10424,originality
10425,oysters
10426,baptist
10427,vez
10428,thoughtless
10429,deine
10430,weed
10431,penalties
10432,rester
10433,partition
10434,widger
10435,congratulated
10436,mano
10437,mahomet
10438,glitter
10439,brazen
10440,ingredients
10441,averted
10442,grouped
10443,discerned
10444,invitations
10445,motioned
10446,reformation
10447,beim
10448,responsibilities
10449,playful
10450,outlook
10451,tijd
10452,bursts
10453,titus
10454,oar
10455,deceit
10456,index
10457,squeezed
10458,agreeably
10459,perdre
10460,populous
10461,dresden
10462,ach
10463,gum
10464,itse
10465,banish
10466,drowning
10467,inspector
10468,pleine
10469,sometime
10470,katherine
10471,engrossed
10472,haven
10473,calcutta
10474,varies
10475,albeit
10476,hilda
10477,notary
10478,beginnings
10479,austrians
10480,geist
10481,jehovah
10482,ordre
10483,thorn
10484,afresh
10485,drained
10486,independently
10487,toils
10488,vara
10489,inherit
10490,feigned
10491,butt
10492,archie
10493,monarchs
10494,interminable
10495,officially
10496,plundered
10497,regarda
10498,insanity
10499,narrowly
10500,sentait
10501,colleague
10502,necklace
10503,cedar
10504,mlle
10505,defied
10506,augusta
10507,perspiration
10508,loads
10509,waxed
10510,donkey
10511,prov
10512,tennyson
10513,sophy
10514,galley
10515,thundering
10516,ac
10517,daher
10518,heresy
10519,intimation
10520,dotted
10521,scatter
10522,bamboo
10523,hypocrisy
10524,plight
10525,seriousness
10526,gauge
10527,richness
10528,continuation
10529,dispense
10530,entangled
10531,lessen
10532,chuckled
10533,paltry
10534,servitude
10535,betraying
10536,assurances
10537,louvre
10538,aggressive
10539,cheaper
10540,horseman
10541,wager
10542,diffused
10543,fand
10544,poorly
10545,newman
10546,minimum
10547,throats
10548,vocation
10549,julie
10550,miserably
10551,unmarried
10552,flinging
10553,aut
10554,chicot
10555,wilde
10556,murderers
10557,crafty
10558,predecessor
10559,fatigued
10560,peers
10561,employers
10562,summits
10563,conflicting
10564,circulated
10565,loveliest
10566,moan
10567,pins
10568,withheld
10569,aisle
10570,distinctive
10571,adjustment
10572,envoys
10573,rag
10574,hinter
10575,maxims
10576,sufferer
10577,trader
10578,journeyed
10579,nightly
10580,mitchell
10581,blanc
10582,nominated
10583,renewal
10584,limp
10585,solchen
10586,mutually
10587,puissance
10588,starvation
10589,engineers
10590,starry
10591,residing
10592,affaire
10593,psychology
10594,streak
10595,tristram
10596,peopled
10597,shoots
10598,jene
10599,zei
10600,freund
10601,rom
10602,exemple
10603,scandalous
10604,accommodate
10605,ingratitude
10606,courier
10607,wanderings
10608,arme
10609,emigrants
10610,signals
10611,chatter
10612,inclinations
10613,obeying
10614,shaggy
10615,glimmer
10616,rallied
10617,blunder
10618,conveying
10619,indignantly
10620,guinea
10621,frigate
10622,lashed
10623,rained
10624,sterling
10625,indulgent
10626,proposing
10627,dehors
10628,conquerors
10629,marquise
10630,inte
10631,curtis
10632,assemblage
10633,lorenzo
10634,fetters
10635,peuvent
10636,enjoys
10637,wholesale
10638,assistants
10639,longs
10640,crowning
10641,lucius
10642,bons
10643,audacious
10644,tuileries
10645,trodden
10646,conspirators
10647,butcher
10648,pebbles
10649,brandon
10650,ellis
10651,oblivion
10652,grants
10653,minua
10654,blot
10655,marshes
10656,soaked
10657,volunteered
10658,correction
10659,knitting
10660,marjorie
10661,doll
10662,tortures
10663,knoweth
10664,pois
10665,scouts
10666,finden
10667,inseparable
10668,carlo
10669,inhabit
10670,scare
10671,embraces
10672,willie
10673,levin
10674,outlet
10675,reinforcements
10676,trailing
10677,translate
10678,flights
10679,ordinance
10680,rightful
10681,alight
10682,gerard
10683,noting
10684,stroll
10685,kunde
10686,bait
10687,passait
10688,shun
10689,tai
10690,testified
10691,dinge
10692,rainbow
10693,telescope
10694,managing
10695,gesicht
10696,luxuriant
10697,coil
10698,libraries
10699,lorraine
10700,snare
10701,verdure
10702,weiss
10703,enjoined
10704,kaum
10705,gaan
10706,hedges
10707,pueblo
10708,stale
10709,humiliating
10710,morsel
10711,plaintive
10712,boer
10713,dealer
10714,martyrs
10715,faits
10716,groaning
10717,voting
10718,avert
10719,downright
10720,consoled
10721,hadst
10722,accompaniment
10723,consuls
10724,parlait
10725,rendezvous
10726,guarding
10727,bombay
10728,ke
10729,usefulness
10730,baths
10731,violets
10732,civilised
10733,madonna
10734,peaceable
10735,satisfactorily
10736,czar
10737,xviii
10738,queried
10739,disordered
10740,tides
10741,sumptuous
10742,curling
10743,helpful
10744,capricious
10745,tints
10746,separating
10747,bully
10748,labourers
10749,decorations
10750,azure
10751,adelaide
10752,sporting
10753,whigs
10754,disgusting
10755,viele
10756,atoms
10757,sledge
10758,bearings
10759,perry
10760,blick
10761,ratified
10762,juda
10763,repast
10764,glasgow
10765,kuinka
10766,besonders
10767,giddy
10768,internet
10769,solar
10770,quelquefois
10771,wearily
10772,ash
10773,particle
10774,rosalie
10775,cris
10776,concessions
10777,traveler
10778,possessor
10779,trat
10780,gaping
10781,josiah
10782,farce
10783,bower
10784,hovered
10785,arrogance
10786,delirium
10787,adoration
10788,ownership
10789,trailer
10790,bundles
10791,obscured
10792,serviceable
10793,lire
10794,practiced
10795,aft
10796,prix
10797,vill
10798,fue
10799,meg
10800,zien
10801,pete
10802,transient
10803,rochester
10804,wares
10805,chestnut
10806,adrienne
10807,conform
10808,froid
10809,raphael
10810,crouching
10811,barber
10812,velocity
10813,calamities
10814,slips
10815,ci
10816,fairies
10817,uniformly
10818,repented
10819,earning
10820,pained
10821,agrees
10822,copious
10823,rents
10824,meditated
10825,abreast
10826,glared
10827,imagining
10828,unfolded
10829,permitting
10830,boom
10831,bearded
10832,reigning
10833,moor
10834,disclose
10835,combien
10836,clifford
10837,forged
10838,appropriation
10839,contrivance
10840,denotes
10841,untouched
10842,brotherhood
10843,feats
10844,nominal
10845,asserts
10846,madeleine
10847,conventions
10848,railing
10849,bert
10850,lease
10851,triple
10852,uneasily
10853,juncture
10854,extraordinarily
10855,reputed
10856,sanctity
10857,garret
10858,trusty
10859,preparatory
10860,percival
10861,reed
10862,kanssa
10863,malade
10864,heritage
10865,defiant
10866,erection
10867,nein
10868,uncommonly
10869,blair
10870,contentment
10871,ordeal
10872,faisaient
10873,ivy
10874,modifications
10875,defenders
10876,highland
10877,puffed
10878,migration
10879,exclaim
10880,scented
10881,operated
10882,sup
10883,despatches
10884,whimsical
10885,bland
10886,reliable
10887,servile
10888,premature
10889,scrambled
10890,conde
10891,chilly
10892,ancestral
10893,unintelligible
10894,vested
10895,denken
10896,lash
10897,revolted
10898,stripes
10899,appendix
10900,heartless
10901,bouquet
10902,quarrelled
10903,marsh
10904,comprendre
10905,rumor
10906,sceptre
10907,flavour
10908,outraged
10909,mysteriously
10910,publishers
10911,sensual
10912,straggling
10913,womanly
10914,commandments
10915,maturity
10916,cooled
10917,collins
10918,pillows
10919,potomac
10920,berth
10921,repaid
10922,demonstrate
10923,suivre
10924,erroneous
10925,percentage
10926,calendar
10927,innate
10928,nourishment
10929,imperfectly
10930,decayed
10931,layers
10932,patterns
10933,similarity
10934,pur
10935,unimportant
10936,affaires
10937,bathe
10938,subscription
10939,ll
10940,regarder
10941,jamaica
10942,sleepless
10943,charlemagne
10944,electrical
10945,yorkshire
10946,supervision
10947,potato
10948,arduous
10949,pinched
10950,soc
10951,soin
10952,booty
10953,matilda
10954,caressing
10955,ambrose
10956,glide
10957,antoine
10958,adventurer
10959,assign
10960,cheated
10961,entrer
10962,riders
10963,incorporated
10964,lamentable
10965,ennen
10966,enterprising
10967,structures
10968,shouldst
10969,blocked
10970,devilish
10971,simpler
10972,architectural
10973,bene
10974,gerade
10975,inspect
10976,unsere
10977,berry
10978,nets
10979,nut
10980,predicted
10981,prescott
10982,sophie
10983,exeunt
10984,icel
10985,paula
10986,finance
10987,artful
10988,suivant
10989,menacing
10990,mio
10991,pilgrim
10992,midday
10993,aivan
10994,fried
10995,voulez
10996,barriers
10997,brilliantly
10998,galleys
10999,puff
11000,owne
11001,gentiles
11002,hyde
11003,danes
11004,intoxicated
11005,pompeius
11006,worte
11007,abandoning
11008,birmingham
11009,gin
11010,unjustly
11011,booth
11012,ruinous
11013,decked
11014,otros
11015,comforting
11016,magician
11017,surviving
11018,scraps
11019,taxed
11020,inquisitive
11021,realities
11022,frontiers
11023,reverie
11024,renaissance
11025,troubling
11026,miners
11027,desperation
11028,rustle
11029,billows
11030,compelling
11031,planks
11032,gibson
11033,butterfly
11034,coupled
11035,gear
11036,prisons
11037,twigs
11038,stumbling
11039,gibt
11040,whim
11041,realms
11042,recital
11043,chariots
11044,ache
11045,clan
11046,seaman
11047,fashions
11048,churchill
11049,middleton
11050,deciding
11051,texture
11052,suspension
11053,moorish
11054,arguing
11055,oz
11056,dexterity
11057,unaccustomed
11058,erste
11059,rivalry
11060,alterations
11061,baronet
11062,fleets
11063,commissions
11064,repute
11065,launcelot
11066,tambien
11067,undue
11068,multiply
11069,womanhood
11070,clump
11071,wardrobe
11072,steamboat
11073,nationality
11074,hardness
11075,carbon
11076,geheel
11077,wharton
11078,quinze
11079,infallible
11080,timidity
11081,riche
11082,serpents
11083,jardin
11084,murmurs
11085,truthful
11086,liegt
11087,neutrality
11088,casually
11089,noah
11090,medici
11091,inaccessible
11092,smashed
11093,beastly
11094,debout
11095,unwonted
11096,charcoal
11097,peacefully
11098,ebenso
11099,poorest
11100,soiled
11101,vier
11102,lyric
11103,sparkle
11104,dictionary
11105,ihres
11106,sutherland
11107,lasts
11108,annoy
11109,canals
11110,failures
11111,womb
11112,reproduced
11113,township
11114,auspicious
11115,construct
11116,intends
11117,wegen
11118,asserting
11119,bolted
11120,matron
11121,discarded
11122,scourge
11123,colouring
11124,explored
11125,protracted
11126,trotted
11127,oogen
11128,selfe
11129,dissatisfaction
11130,imploring
11131,tre
11132,dabei
11133,casts
11134,grievances
11135,supporters
11136,volley
11137,poultry
11138,holt
11139,harassed
11140,damascus
11141,abandonment
11142,laboring
11143,strung
11144,maketh
11145,bertram
11146,outskirts
11147,fielding
11148,footnotes
11149,stability
11150,mountainous
11151,dois
11152,repulsive
11153,bough
11154,rouen
11155,parapet
11156,digne
11157,dus
11158,partisans
11159,silas
11160,remarking
11161,unfamiliar
11162,lancaster
11163,exclamations
11164,germ
11165,selecting
11166,locke
11167,bengal
11168,attired
11169,pioneer
11170,tyrants
11171,mackenzie
11172,epistle
11173,chart
11174,universities
11175,maker
11176,arrogant
11177,reformed
11178,anat
11179,flickering
11180,jake
11181,bohemia
11182,parched
11183,tokens
11184,cornelius
11185,merciless
11186,cui
11187,considerate
11188,lances
11189,precarious
11190,scorned
11191,translations
11192,scipio
11193,pardaillan
11194,crumbs
11195,precipitate
11196,dancers
11197,lava
11198,sixpence
11199,indolent
11200,bucket
11201,insists
11202,stride
11203,indulging
11204,kerran
11205,hooker
11206,peggy
11207,wilfrid
11208,customer
11209,prestige
11210,conrad
11211,darkest
11212,snows
11213,detta
11214,grasses
11215,shrieks
11216,chris
11217,cushion
11218,sitt
11219,hungarian
11220,campagne
11221,repress
11222,rabbits
11223,rupert
11224,devouring
11225,misunderstanding
11226,graf
11227,diminution
11228,spin
11229,cessation
11230,equals
11231,unanimously
11232,skipper
11233,anniversary
11234,arena
11235,quien
11236,torments
11237,vehicles
11238,preferable
11239,relic
11240,hopkins
11241,wasser
11242,misunderstood
11243,confiance
11244,aggregate
11245,implacable
11246,vide
11247,barton
11248,annexed
11249,adopting
11250,antoinette
11251,initiative
11252,jeta
11253,fences
11254,forgets
11255,mercury
11256,frog
11257,subterranean
11258,impracticable
11259,inconvenient
11260,sects
11261,boswell
11262,dia
11263,mourned
11264,inexhaustible
11265,surfaces
11266,reassured
11267,railways
11268,demonstrations
11269,eternally
11270,scattering
11271,organism
11272,presses
11273,xix
11274,vraiment
11275,douce
11276,incomparable
11277,petroleum
11278,hanover
11279,proposes
11280,composer
11281,messieurs
11282,surveying
11283,comb
11284,dawson
11285,bribe
11286,drooped
11287,permits
11288,vacation
11289,petitions
11290,steering
11291,cleaning
11292,friar
11293,membres
11294,parchment
11295,numberless
11296,mirrors
11297,insomuch
11298,tinge
11299,capita
11300,cours
11301,detestable
11302,exacting
11303,viens
11304,buddhism
11305,montgomery
11306,cincinnati
11307,severed
11308,campaigns
11309,utan
11310,hacer
11311,pepys
11312,lanes
11313,postponed
11314,ether
11315,managers
11316,unscrupulous
11317,vera
11318,palpable
11319,redress
11320,bang
11321,vicar
11322,cornelia
11323,fraction
11324,unselfish
11325,matt
11326,emperors
11327,leicht
11328,preserves
11329,steve
11330,compulsory
11331,medicines
11332,invest
11333,conveyance
11334,omission
11335,replying
11336,vehemently
11337,clothe
11338,foaming
11339,friction
11340,stafford
11341,barracks
11342,forfeited
11343,abolish
11344,atrocious
11345,wagner
11346,cru
11347,proximity
11348,jason
11349,niemand
11350,leopold
11351,overthrown
11352,reliance
11353,vocal
11354,glee
11355,joins
11356,moaning
11357,baxter
11358,abstain
11359,breezes
11360,kuitenkin
11361,unmoved
11362,agin
11363,avenues
11364,export
11365,laurel
11366,mazarin
11367,danube
11368,profile
11369,bases
11370,flowering
11371,rupture
11372,squeeze
11373,cocked
11374,gasp
11375,manned
11376,reappeared
11377,sham
11378,bourbon
11379,uniting
11380,villagers
11381,ge
11382,mutiny
11383,unser
11384,coveted
11385,gasping
11386,omen
11387,viceroy
11388,ulster
11389,electors
11390,extinction
11391,occurrences
11392,persistently
11393,syllables
11394,telegraphed
11395,withdrawal
11396,couples
11397,hissing
11398,paddle
11399,neared
11400,stanza
11401,oats
11402,peeping
11403,stalwart
11404,ligne
11405,overhanging
11406,soundly
11407,evolved
11408,forcible
11409,groping
11410,perfected
11411,thundered
11412,lambert
11413,langue
11414,dinah
11415,actively
11416,afloat
11417,vases
11418,shirley
11419,teddy
11420,convicts
11421,inclosed
11422,utilize
11423,raleigh
11424,pregnant
11425,tumultuous
11426,perverse
11427,stabbed
11428,breeds
11429,directory
11430,neuen
11431,paraissait
11432,spider
11433,alphabet
11434,vest
11435,advertising
11436,glossy
11437,routes
11438,dadurch
11439,dreamt
11440,curly
11441,bounding
11442,ignoble
11443,sg
11444,stakes
11445,flannel
11446,valid
11447,planters
11448,bordering
11449,cleft
11450,lore
11451,claudius
11452,pinned
11453,woollen
11454,carlos
11455,reproduction
11456,philippines
11457,chaps
11458,northwest
11459,barge
11460,trustworthy
11461,fouquet
11462,reserves
11463,amen
11464,glittered
11465,buddhist
11466,applications
11467,hague
11468,ceremonial
11469,difficile
11470,mildly
11471,awed
11472,reminding
11473,cada
11474,vivement
11475,norton
11476,quitter
11477,bolts
11478,tusschen
11479,foresight
11480,guardians
11481,gleams
11482,deferred
11483,withdrawing
11484,boiler
11485,centres
11486,kwh
11487,adversaries
11488,methodist
11489,clusters
11490,tracing
11491,festivals
11492,extremities
11493,shortest
11494,brutes
11495,abnormal
11496,darin
11497,stehen
11498,timely
11499,consistency
11500,unbounded
11501,catches
11502,hee
11503,inhabitant
11504,reddish
11505,descends
11506,koennen
11507,canopy
11508,mortar
11509,familiarly
11510,frames
11511,wary
11512,pref
11513,glorified
11514,infected
11515,rencontre
11516,apprentice
11517,invade
11518,benefactor
11519,inconceivable
11520,juge
11521,masterpiece
11522,smelt
11523,apr
11524,illumination
11525,tulee
11526,sae
11527,voyez
11528,purer
11529,repairing
11530,humbled
11531,welchem
11532,fret
11533,raid
11534,weet
11535,mortimer
11536,ud
11537,willis
11538,tabernacle
11539,clarendon
11540,furthermore
11541,hampton
11542,coloring
11543,muzzle
11544,canons
11545,leaden
11546,nook
11547,bony
11548,entra
11549,oddly
11550,loosed
11551,vapor
11552,dissolve
11553,eenen
11554,finn
11555,clutching
11556,republicans
11557,factions
11558,begriff
11559,extant
11560,spied
11561,thanking
11562,reynolds
11563,quella
11564,diversity
11565,saxony
11566,closest
11567,mocked
11568,stairway
11569,unsatisfactory
11570,pompous
11571,saxons
11572,cooling
11573,slate
11574,wretchedness
11575,dissipated
11576,carthage
11577,cristo
11578,partnership
11579,reuben
11580,dominated
11581,haul
11582,mice
11583,crewe
11584,sagacious
11585,lessened
11586,withhold
11587,blades
11588,brace
11589,mauvaise
11590,cyril
11591,oscar
11592,comprised
11593,recreation
11594,repairs
11595,cabbage
11596,irons
11597,pestilence
11598,collective
11599,inexorable
11600,desde
11601,masterly
11602,auld
11603,exports
11604,rite
11605,splendidly
11606,broadway
11607,ferocity
11608,panama
11609,zimmer
11610,lambs
11611,prefers
11612,supposes
11613,circumference
11614,preposterous
11615,girlish
11616,moindre
11617,regardant
11618,vad
11619,vroeg
11620,vrouw
11621,outrageous
11622,dicky
11623,sap
11624,superstitions
11625,nae
11626,salutary
11627,savings
11628,kraft
11629,prolong
11630,combining
11631,corinth
11632,caress
11633,lovingly
11634,ills
11635,pier
11636,agatha
11637,strayed
11638,atlanta
11639,scarcity
11640,wilful
11641,lizzie
11642,emerging
11643,redoubled
11644,fini
11645,insisting
11646,rally
11647,stroked
11648,cement
11649,resta
11650,turmoil
11651,privacy
11652,stanton
11653,veille
11654,demeanour
11655,perusal
11656,reversed
11657,crave
11658,unsettled
11659,wirklich
11660,jerk
11661,pallor
11662,stealthily
11663,meditating
11664,span
11665,wintry
11666,ile
11667,quoique
11668,niagara
11669,levied
11670,hoc
11671,twinkle
11672,localities
11673,puisse
11674,imprudent
11675,sarcasm
11676,lafayette
11677,gayly
11678,attitudes
11679,exploring
11680,leaps
11681,tackle
11682,portait
11683,chemistry
11684,gan
11685,infamy
11686,dictate
11687,flute
11688,savannah
11689,augmented
11690,exiled
11691,oncle
11692,pervaded
11693,scout
11694,plutarch
11695,criticisms
11696,experimental
11697,petals
11698,uniforms
11699,confines
11700,tiberius
11701,heedless
11702,remonstrance
11703,crumbling
11704,swarming
11705,feasts
11706,cheque
11707,goldsmith
11708,contradictory
11709,indifferently
11710,outlined
11711,xx
11712,conveniently
11713,exaltation
11714,gowns
11715,tragedies
11716,vocabulary
11717,swine
11718,shuddering
11719,unhappily
11720,browne
11721,digits
11722,greed
11723,tremor
11724,nave
11725,clamour
11726,infants
11727,forenoon
11728,onion
11729,pitiless
11730,worrying
11731,gayety
11732,congratulations
11733,disabled
11734,enchanting
11735,thicker
11736,warmest
11737,reginald
11738,examinations
11739,proofreaders
11740,sages
11741,amber
11742,stiffly
11743,yn
11744,oratory
11745,everyday
11746,rocking
11747,tarry
11748,stimme
11749,balzac
11750,grate
11751,poi
11752,inexperienced
11753,impassioned
11754,geste
11755,laissa
11756,clapping
11757,gallows
11758,practising
11759,oranges
11760,sarcastic
11761,fasting
11762,polish
11763,sensuous
11764,automatic
11765,hollows
11766,mont
11767,bavaria
11768,geological
11769,lyon
11770,divides
11771,jota
11772,unwelcome
11773,andre
11774,priesthood
11775,foretold
11776,kindest
11777,seneca
11778,allt
11779,moest
11780,crawford
11781,toby
11782,sate
11783,greetings
11784,juuri
11785,overseer
11786,vivian
11787,capitals
11788,resounded
11789,liberally
11790,quotes
11791,cesse
11792,conclusive
11793,chimneys
11794,murders
11795,shewn
11796,betook
11797,effectively
11798,unnoticed
11799,wrap
11800,anxieties
11801,consumer
11802,papier
11803,blinding
11804,grossen
11805,curl
11806,nell
11807,diseased
11808,classed
11809,monkeys
11810,cora
11811,naming
11812,traitors
11813,filial
11814,succour
11815,thigh
11816,samson
11817,merlin
11818,destroys
11819,desertion
11820,entreaty
11821,leafy
11822,walled
11823,jug
11824,pricked
11825,wand
11826,carpets
11827,invaluable
11828,vil
11829,threatens
11830,boisterous
11831,receiver
11832,revelations
11833,ritual
11834,beauteous
11835,curb
11836,standpoint
11837,bends
11838,ferme
11839,horrified
11840,deputation
11841,openings
11842,ardently
11843,conjectures
11844,dint
11845,imports
11846,rabble
11847,beak
11848,navarre
11849,degrading
11850,imaginable
11851,weaken
11852,misled
11853,brake
11854,hurts
11855,adhered
11856,beamed
11857,kindle
11858,attainment
11859,haette
11860,uncouth
11861,converts
11862,grind
11863,swarmed
11864,delays
11865,foolishly
11866,silks
11867,orlando
11868,variable
11869,sebastian
11870,archives
11871,butterflies
11872,easiest
11873,blacksmith
11874,clash
11875,countryman
11876,jelly
11877,chopin
11878,nec
11879,salutation
11880,routed
11881,chatting
11882,muster
11883,winifred
11884,commencing
11885,listener
11886,sooth
11887,ennemis
11888,explicit
11889,descriptive
11890,spells
11891,yore
11892,blinds
11893,legacy
11894,pitying
11895,relieving
11896,victuals
11897,proffered
11898,uppermost
11899,strangest
11900,sweeps
11901,deacon
11902,excesses
11903,policemen
11904,attends
11905,lids
11906,terminate
11907,talbot
11908,exchanging
11909,freezing
11910,gem
11911,fragile
11912,downcast
11913,concentrate
11914,impotent
11915,encampment
11916,protesting
11917,isaiah
11918,cabins
11919,falsely
11920,omnibus
11921,appellation
11922,unlocked
11923,haunting
11924,legion
11925,halting
11926,vigilant
11927,dizzy
11928,staggering
11929,davy
11930,neben
11931,southwest
11932,zelf
11933,fictitious
11934,incur
11935,illegal
11936,darkly
11937,impulsive
11938,meanness
11939,pitcher
11940,maintains
11941,peters
11942,concludes
11943,riddle
11944,dover
11945,verre
11946,thornton
11947,grades
11948,nourished
11949,biscuit
11950,fringed
11951,metaphysical
11952,passport
11953,publications
11954,shedding
11955,arctic
11956,lark
11957,ez
11958,waterloo
11959,hairy
11960,zusammen
11961,gloire
11962,harshly
11963,quoting
11964,tub
11965,poised
11966,affront
11967,vestibule
11968,percent
11969,underlying
11970,stalk
11971,assassination
11972,allons
11973,hurricane
11974,tombe
11975,deceiving
11976,heave
11977,rebuked
11978,tolerated
11979,denies
11980,sq
11981,griefs
11982,mucho
11983,wahrheit
11984,fa
11985,stamping
11986,inter
11987,lieber
11988,spade
11989,anarchy
11990,forfeit
11991,mortgage
11992,mia
11993,remnants
11994,crews
11995,denis
11996,emerge
11997,truest
11998,moderately
11999,piazza
12000,annoying
12001,freshly
12002,braves
12003,burying
12004,grazing
12005,paljon
12006,hielt
12007,spurred
12008,florentine
12009,accusations
12010,distraction
12011,frosty
12012,israelites
12013,miscellaneous
12014,courteously
12015,fosse
12016,sideways
12017,bulls
12018,exploded
12019,provoking
12020,croyait
12021,martyrdom
12022,repeal
12023,gladys
12024,allez
12025,mythology
12026,needles
12027,rumours
12028,flemish
12029,bah
12030,amends
12031,cid
12032,syrian
12033,ethics
12034,injunction
12035,repelled
12036,boarded
12037,fastidious
12038,ordinances
12039,weaving
12040,classification
12041,revision
12042,somme
12043,consciences
12044,selber
12045,rudolph
12046,snuff
12047,obstinately
12048,fathom
12049,bertha
12050,bennett
12051,blieb
12052,reproduce
12053,fern
12054,havoc
12055,mainland
12056,slaughtered
12057,pail
12058,vacancy
12059,allem
12060,bass
12061,smite
12062,circling
12063,dyed
12064,lacks
12065,digest
12066,widows
12067,darting
12068,newport
12069,embark
12070,roadside
12071,olga
12072,drunkenness
12073,embarrassing
12074,quotations
12075,quickness
12076,blonde
12077,throb
12078,toleration
12079,gallantly
12080,strengthening
12081,forbearance
12082,indefatigable
12083,guten
12084,toiling
12085,appetites
12086,grumbled
12087,mercantile
12088,puede
12089,tapping
12090,click
12091,barnabas
12092,connais
12093,renounced
12094,superiors
12095,crashing
12096,abiding
12097,ballads
12098,unlawful
12099,exploration
12100,inspected
12101,auquel
12102,pamphlets
12103,mexicans
12104,discovers
12105,dye
12106,moyens
12107,ramparts
12108,capitol
12109,letzten
12110,apprehensive
12111,plaats
12112,slower
12113,punishments
12114,tirer
12115,nailed
12116,vas
12117,risked
12118,bailiff
12119,digestion
12120,sandstone
12121,koran
12122,rejection
12123,retains
12124,undoubted
12125,childlike
12126,flask
12127,tapestry
12128,wast
12129,immoral
12130,troupes
12131,arabella
12132,sentry
12133,eacute
12134,manufacturers
12135,reminiscences
12136,missions
12137,graduated
12138,invaders
12139,grund
12140,somerset
12141,adjust
12142,hapless
12143,sulphur
12144,terra
12145,causa
12146,gaudy
12147,brim
12148,meines
12149,membership
12150,hiram
12151,aerial
12152,stimulating
12153,annette
12154,indistinct
12155,collapse
12156,hebrews
12157,choicest
12158,incidentally
12159,rigging
12160,willows
12161,consciously
12162,enchantment
12163,greasy
12164,destinies
12165,ry
12166,witches
12167,bequeathed
12168,oss
12169,jeter
12170,constitutions
12171,nightmare
12172,steaming
12173,depicted
12174,fibre
12175,loathsome
12176,myth
12177,thickets
12178,pauses
12179,axis
12180,corpses
12181,wuerde
12182,spheres
12183,winston
12184,verbs
12185,assassin
12186,encircled
12187,flowery
12188,ajouta
12189,assailants
12190,mortified
12191,angela
12192,bailey
12193,stelle
12194,carrie
12195,geld
12196,agencies
12197,cinquante
12198,forge
12199,helplessly
12200,sensibly
12201,praising
12202,waere
12203,scanned
12204,inhuman
12205,ebb
12206,speck
12207,rowing
12208,cigarettes
12209,phoebe
12210,barbarian
12211,musique
12212,absorption
12213,olden
12214,arriva
12215,eerste
12216,armchair
12217,blockade
12218,gesehen
12219,shrub
12220,winters
12221,melmotte
12222,clergymen
12223,ordres
12224,patrons
12225,fleda
12226,finances
12227,vernunft
12228,flocked
12229,marvelled
12230,recording
12231,bohemian
12232,nautilus
12233,abstraction
12234,sprache
12235,wade
12236,uniformity
12237,godly
12238,commissioner
12239,disappearing
12240,hoofd
12241,sonne
12242,monastic
12243,organize
12244,framework
12245,runaway
12246,sketched
12247,shameless
12248,accosted
12249,aquella
12250,edict
12251,dagen
12252,relentless
12253,flanks
12254,speakers
12255,isles
12256,dictates
12257,pies
12258,thebes
12259,arid
12260,corporations
12261,chasm
12262,straits
12263,weaknesses
12264,herzen
12265,ceasing
12266,ducats
12267,overgrown
12268,despotic
12269,edged
12270,hysterical
12271,mo
12272,pauvres
12273,traps
12274,ar
12275,birch
12276,extensively
12277,gute
12278,robbing
12279,exploit
12280,moaned
12281,actuated
12282,countenances
12283,intrusion
12284,estimates
12285,degenerate
12286,truer
12287,wreaths
12288,carteret
12289,hens
12290,undo
12291,rapids
12292,spotless
12293,variance
12294,breton
12295,gloucester
12296,fairfax
12297,battalions
12298,papal
12299,rust
12300,nathan
12301,penser
12302,quo
12303,assis
12304,bloodshed
12305,eventful
12306,arriver
12307,gingen
12308,masse
12309,specifically
12310,evan
12311,repressed
12312,nellie
12313,tranquille
12314,executioner
12315,quartered
12316,morte
12317,hull
12318,rocked
12319,beaufort
12320,hvad
12321,ojos
12322,strolling
12323,champions
12324,comical
12325,ravages
12326,beauchamp
12327,disturbances
12328,film
12329,beethoven
12330,vapour
12331,hetty
12332,fete
12333,shrieking
12334,triumphal
12335,denote
12336,hombres
12337,quid
12338,restlessness
12339,acquitted
12340,repel
12341,catharine
12342,impious
12343,tog
12344,marseilles
12345,pt
12346,hourly
12347,ingen
12348,siempre
12349,sponge
12350,wanderer
12351,axes
12352,facilitate
12353,initiated
12354,shrug
12355,stimulate
12356,veterans
12357,athletic
12358,disasters
12359,wins
12360,conduite
12361,downfall
12362,yarn
12363,tumble
12364,betimes
12365,stevens
12366,revenir
12367,bethought
12368,html
12369,immovable
12370,komen
12371,philistines
12372,archers
12373,penitent
12374,refresh
12375,seront
12376,attaining
12377,completing
12378,consuming
12379,priceless
12380,chasing
12381,violate
12382,importation
12383,montrer
12384,epithet
12385,lightness
12386,prized
12387,stipulated
12388,flitted
12389,straightforward
12390,prise
12391,wistfully
12392,agreeing
12393,hubert
12394,conflicts
12395,genoux
12396,prosper
12397,entertainments
12398,stoutly
12399,sinn
12400,grating
12401,affinity
12402,striped
12403,fernando
12404,fuhr
12405,intoxication
12406,vouloir
12407,colder
12408,covert
12409,crawley
12410,marechal
12411,hazardous
12412,ruthless
12413,vex
12414,smells
12415,insert
12416,osborne
12417,yale
12418,skilfully
12419,splash
12420,bonnes
12421,purified
12422,atom
12423,clustered
12424,pounded
12425,discrimination
12426,drivers
12427,gegeben
12428,lonesome
12429,sharpened
12430,versed
12431,aspire
12432,unaffected
12433,offending
12434,claire
12435,pericles
12436,calmer
12437,henne
12438,palais
12439,repugnance
12440,notably
12441,unarmed
12442,unwise
12443,preston
12444,courtly
12445,democrats
12446,abounding
12447,triumphed
12448,ascetic
12449,fogg
12450,dishonest
12451,joking
12452,parfois
12453,livid
12454,visionary
12455,chronicle
12456,brian
12457,peremptory
12458,sympathize
12459,clutch
12460,heretics
12461,salad
12462,ambush
12463,lavished
12464,mates
12465,nehmen
12466,adhere
12467,lining
12468,profited
12469,quarry
12470,cavaliers
12471,cite
12472,boven
12473,fortresses
12474,genteel
12475,douze
12476,dagobert
12477,prerogative
12478,priori
12479,yelling
12480,terwijl
12481,breathes
12482,hearken
12483,stalks
12484,ignoring
12485,meats
12486,broadcast
12487,swamps
12488,credited
12489,eligible
12490,matched
12491,feeds
12492,morale
12493,tante
12494,corresponds
12495,gust
12496,wench
12497,jovial
12498,darts
12499,embassy
12500,jonson
12501,etwa
12502,jon
12503,newcastle
12504,preferring
12505,bounces
12506,feasting
12507,enquire
12508,reverently
12509,crumpled
12510,unfavourable
12511,fossil
12512,sacrificing
12513,tinged
12514,spouse
12515,consuelo
12516,expulsion
12517,respite
12518,flitting
12519,loop
12520,mayest
12521,authoritative
12522,earnings
12523,fiddle
12524,ironical
12525,portes
12526,pouvaient
12527,expand
12528,wearisome
12529,shyness
12530,stad
12531,tolerate
12532,sparta
12533,faithless
12534,flats
12535,tubes
12536,warnings
12537,monroe
12538,wrists
12539,roam
12540,jeunesse
12541,pending
12542,units
12543,cove
12544,hecho
12545,indolence
12546,perch
12547,supped
12548,berkeley
12549,kai
12550,mies
12551,pours
12552,meridian
12553,forbids
12554,stationary
12555,strides
12556,trips
12557,peal
12558,vouchsafed
12559,sierra
12560,civic
12561,mundo
12562,peasantry
12563,remotest
12564,pamela
12565,masked
12566,contemptuously
12567,imputed
12568,disconcerted
12569,sprak
12570,antes
12571,scarf
12572,slechts
12573,efficacy
12574,pans
12575,delle
12576,disorders
12577,hyvin
12578,summed
12579,protests
12580,lanterns
12581,vaste
12582,relaxation
12583,rhymes
12584,survivors
12585,utterances
12586,jahren
12587,folio
12588,spices
12589,leipzig
12590,courant
12591,confessor
12592,needy
12593,shaved
12594,westover
12595,cavity
12596,minutely
12597,workmanship
12598,richardson
12599,believer
12600,continents
12601,advertised
12602,prelate
12603,gibraltar
12604,genera
12605,bewildering
12606,condensed
12607,unserer
12608,grievance
12609,banishment
12610,dubious
12611,volcano
12612,domination
12613,scar
12614,fry
12615,hos
12616,irritable
12617,purchases
12618,creates
12619,perfumed
12620,olivia
12621,aright
12622,contraction
12623,strand
12624,yells
12625,chests
12626,maximilian
12627,crucified
12628,forgetfulness
12629,erde
12630,housekeeping
12631,relinquish
12632,expiration
12633,swiftness
12634,britons
12635,manure
12636,midway
12637,ant
12638,conseil
12639,minulle
12640,hauteur
12641,paar
12642,melissa
12643,lunatic
12644,cleanliness
12645,leonardo
12646,dishonour
12647,lull
12648,momentarily
12649,schiller
12650,clayton
12651,faute
12652,shoved
12653,imaginations
12654,fera
12655,multiple
12656,regal
12657,sickening
12658,ape
12659,grounded
12660,brooklyn
12661,diminishing
12662,foer
12663,plumage
12664,antagonism
12665,portland
12666,socialist
12667,decrease
12668,sol
12669,weights
12670,prosecute
12671,conjure
12672,boasting
12673,hooks
12674,provocation
12675,eliot
12676,cu
12677,paler
12678,stitch
12679,variously
12680,trent
12681,amended
12682,malta
12683,melodious
12684,friendships
12685,maken
12686,squirrel
12687,usages
12688,zeggen
12689,dismayed
12690,constraint
12691,ruffian
12692,lucas
12693,mattered
12694,embroidery
12695,observers
12696,tablet
12697,tearful
12698,vp
12699,wonted
12700,zest
12701,histoire
12702,thomson
12703,cooperation
12704,fabulous
12705,glimmering
12706,nouns
12707,xxi
12708,yawning
12709,stronghold
12710,exacted
12711,gesagt
12712,sanctioned
12713,signing
12714,gesellschaft
12715,naut
12716,blissful
12717,drenched
12718,irritating
12719,precipitous
12720,certains
12721,refrained
12722,blotted
12723,combatants
12724,locating
12725,berg
12726,dejected
12727,attic
12728,besser
12729,windy
12730,burdened
12731,incompatible
12732,levelled
12733,prejudiced
12734,rousing
12735,password
12736,superseded
12737,bug
12738,partisan
12739,spire
12740,moslem
12741,inconsiderable
12742,marianne
12743,acknowledging
12744,convulsive
12745,introd
12746,sequel
12747,sieht
12748,sluggish
12749,bruder
12750,treasurer
12751,dangling
12752,mee
12753,dawning
12754,tangle
12755,roosevelt
12756,dangerously
12757,visite
12758,derby
12759,potential
12760,submissive
12761,carroll
12762,savoy
12763,tottering
12764,maude
12765,worcester
12766,nocturnal
12767,observant
12768,iliad
12769,believers
12770,surprises
12771,johannes
12772,jambes
12773,prodigal
12774,addicted
12775,angelic
12776,ditto
12777,pursuers
12778,ishmael
12779,kathleen
12780,simpson
12781,jet
12782,skillful
12783,ants
12784,dot
12785,spruce
12786,lookout
12787,whit
12788,dun
12789,auge
12790,tar
12791,pliny
12792,compartment
12793,awaits
12794,seating
12795,tributary
12796,forgave
12797,ferns
12798,recevoir
12799,loomed
12800,basic
12801,beaver
12802,grape
12803,bewilderment
12804,maintenon
12805,tacitus
12806,sogar
12807,deepening
12808,derriere
12809,marries
12810,mended
12811,mariners
12812,obnoxious
12813,inquisition
12814,calculating
12815,gekommen
12816,orators
12817,freude
12818,lick
12819,recite
12820,tying
12821,perkins
12822,affirmative
12823,creaking
12824,pretends
12825,tattered
12826,ruffled
12827,altitude
12828,barnes
12829,jeremiah
12830,dough
12831,garlands
12832,meekly
12833,deras
12834,idolatry
12835,kindling
12836,adaptation
12837,fleeing
12838,leant
12839,bella
12840,peux
12841,cupful
12842,echoing
12843,glacier
12844,partiality
12845,questionable
12846,maisons
12847,reinforced
12848,tangible
12849,mahogany
12850,requests
12851,pat
12852,morgen
12853,ministre
12854,cope
12855,firmament
12856,lois
12857,herzog
12858,ablest
12859,corridors
12860,eke
12861,presumably
12862,rapport
12863,bedford
12864,licht
12865,alacrity
12866,filth
12867,riep
12868,terrestrial
12869,vassals
12870,cleverly
12871,expectancy
12872,weniger
12873,bordeaux
12874,pearl
12875,furtive
12876,atonement
12877,clients
12878,lazily
12879,singly
12880,baroness
12881,emilia
12882,lusty
12883,olive
12884,droll
12885,vaulted
12886,consigned
12887,nearing
12888,badge
12889,pike
12890,olaf
12891,preface
12892,spartan
12893,postpone
12894,greenwich
12895,jungen
12896,levity
12897,objectionable
12898,waged
12899,memorandum
12900,seest
12901,ankle
12902,constituents
12903,ferry
12904,liberated
12905,lengths
12906,penal
12907,zullen
12908,suspend
12909,longfellow
12910,talleyrand
12911,lure
12912,thet
12913,eclipse
12914,whirlwind
12915,contacting
12916,cutter
12917,neuer
12918,prettily
12919,sprinkle
12920,recruits
12921,remonstrances
12922,dennis
12923,mutilated
12924,arbeit
12925,contingent
12926,jeu
12927,fiel
12928,turtle
12929,pyramid
12930,franchise
12931,correspondents
12932,estos
12933,innocently
12934,courtier
12935,fumes
12936,interfering
12937,locomotive
12938,reposed
12939,separates
12940,sheds
12941,showy
12942,unions
12943,salem
12944,discours
12945,gunpowder
12946,reden
12947,thrive
12948,bays
12949,persuading
12950,outrages
12951,bard
12952,brutality
12953,pioneers
12954,vosotros
12955,caressed
12956,parfaitement
12957,absolument
12958,revoir
12959,regarde
12960,teaspoon
12961,writhing
12962,hogs
12963,ineffectual
12964,sentinels
12965,moulded
12966,stall
12967,joyce
12968,pens
12969,accomplishing
12970,accusing
12971,dessert
12972,garrisons
12973,idee
12974,domingo
12975,santo
12976,ascribe
12977,fou
12978,themes
12979,cornwall
12980,swells
12981,vindictive
12982,zelfs
12983,swan
12984,hotly
12985,phyllis
12986,cleverness
12987,confiding
12988,target
12989,mechanics
12990,scold
12991,acquiescence
12992,antwoordde
12993,hangings
12994,doucement
12995,poignant
12996,indefinitely
12997,murmura
12998,cot
12999,calves
13000,sighted
13001,surpass
13002,earthen
13003,candy
13004,witchcraft
13005,deceitful
13006,friendliness
13007,cant
13008,continuously
13009,disobedience
13010,enormously
13011,millionaire
13012,prophesied
13013,tartar
13014,cria
13015,seward
13016,agricola
13017,chronic
13018,symptom
13019,lucia
13020,winked
13021,strangled
13022,submitting
13023,myriads
13024,sauntered
13025,steeped
13026,weave
13027,questo
13028,barneveld
13029,equilibrium
13030,neuf
13031,precedence
13032,screams
13033,prenait
13034,laborer
13035,monta
13036,slack
13037,wm
13038,presiding
13039,residents
13040,vogue
13041,bewegung
13042,checking
13043,mister
13044,kommer
13045,livy
13046,rhoda
13047,stifling
13048,artifice
13049,concurrence
13050,echter
13051,pronunciation
13052,slang
13053,foods
13054,privy
13055,couleur
13056,creditable
13057,hazards
13058,ado
13059,excepted
13060,farthing
13061,publicity
13062,remonstrated
13063,schnell
13064,portsmouth
13065,cruise
13066,forsooth
13067,serai
13068,sowing
13069,boar
13070,fabrice
13071,rendu
13072,valve
13073,herodotus
13074,kunst
13075,dogged
13076,fervently
13077,outcry
13078,printer
13079,boarding
13080,courted
13081,prominence
13082,luxembourg
13083,md
13084,enim
13085,cycle
13086,excel
13087,assyrian
13088,derniers
13089,quasi
13090,craig
13091,northeast
13092,rigorous
13093,armstrong
13094,recalls
13095,gern
13096,vertu
13097,committees
13098,archduke
13099,aiming
13100,assaults
13101,maxwell
13102,aveva
13103,flexible
13104,mayst
13105,calais
13106,heath
13107,fatigues
13108,invading
13109,cologne
13110,prophecies
13111,rapt
13112,maze
13113,nimble
13114,ra
13115,whosoever
13116,bart
13117,vicksburg
13118,xxii
13119,arbres
13120,magnified
13121,anointed
13122,medio
13123,nova
13124,carving
13125,convulsions
13126,ballot
13127,timbers
13128,johnnie
13129,porters
13130,baldwin
13131,preoccupied
13132,profond
13133,celia
13134,discourses
13135,lute
13136,camille
13137,agonies
13138,untimely
13139,candour
13140,nez
13141,burghers
13142,deeze
13143,loading
13144,compris
13145,debates
13146,confederates
13147,toilette
13148,stevenson
13149,penetration
13150,crainte
13151,brunswick
13152,emerald
13153,firent
13154,milder
13155,illumined
13156,bess
13157,bates
13158,altijd
13159,cafe
13160,macbeth
13161,forefinger
13162,halleck
13163,nam
13164,strikingly
13165,jose
13166,dedication
13167,discredit
13168,interviews
13169,invariable
13170,slander
13171,strictest
13172,unreal
13173,brigades
13174,derision
13175,genesis
13176,clamor
13177,hortense
13178,lisbon
13179,disorderly
13180,weakly
13181,robertson
13182,atone
13183,fervour
13184,venue
13185,compassionate
13186,retort
13187,fulfilling
13188,lurid
13189,embers
13190,handkerchiefs
13191,skola
13192,gervaise
13193,siis
13194,drie
13195,sweets
13196,mdlle
13197,viscount
13198,incumbent
13199,puritans
13200,shrouded
13201,cou
13202,soient
13203,hallowed
13204,spiral
13205,capacities
13206,coaches
13207,uphold
13208,choke
13209,prie
13210,tochter
13211,uk
13212,fraught
13213,spoilt
13214,herb
13215,prend
13216,tories
13217,daran
13218,saves
13219,cloister
13220,healthful
13221,colloq
13222,mire
13223,paralyzed
13224,passant
13225,banking
13226,manor
13227,saunders
13228,ous
13229,slaying
13230,survival
13231,sparing
13232,forks
13233,neglecting
13234,cricket
13235,trusts
13236,chapeau
13237,gente
13238,seq
13239,dites
13240,transmission
13241,heureuse
13242,tut
13243,devaient
13244,insurgents
13245,prairies
13246,rumors
13247,grotius
13248,imitating
13249,livelihood
13250,stod
13251,teams
13252,beaumont
13253,ripple
13254,dorothea
13255,engraving
13256,hey
13257,suitor
13258,poitrine
13259,stunde
13260,balm
13261,football
13262,arithmetic
13263,rascals
13264,saddled
13265,emigration
13266,glen
13267,benson
13268,distasteful
13269,licence
13270,voll
13271,chastity
13272,cramped
13273,wrinkles
13274,uninterrupted
13275,sollen
13276,barney
13277,pigeon
13278,scolding
13279,voters
13280,insensibly
13281,chop
13282,princesse
13283,privations
13284,profonde
13285,bide
13286,dragoons
13287,misgivings
13288,goeth
13289,quarts
13290,stond
13291,treading
13292,ascertaining
13293,cooks
13294,barker
13295,chien
13296,journalist
13297,maniere
13298,monasteries
13299,panel
13300,scratching
13301,voudrais
13302,conceited
13303,manoeuvre
13304,andrea
13305,growl
13306,kingly
13307,rhodes
13308,inanimate
13309,keepers
13310,stab
13311,educate
13312,oben
13313,theoretical
13314,equity
13315,incensed
13316,scraped
13317,elk
13318,revolting
13319,deportment
13320,helplessness
13321,lyre
13322,camera
13323,hypocrite
13324,awkwardly
13325,organised
13326,dismissal
13327,primeval
13328,murat
13329,lamentations
13330,fray
13331,publick
13332,shelton
13333,attendre
13334,weel
13335,frequency
13336,oude
13337,einheit
13338,abated
13339,farmhouse
13340,sanctified
13341,supple
13342,graver
13343,alpine
13344,anchorage
13345,boden
13346,deres
13347,alt
13348,correctness
13349,dispensed
13350,sortit
13351,tenderest
13352,benedictine
13353,caius
13354,cloaks
13355,cordiality
13356,fables
13357,frere
13358,boulogne
13359,heidi
13360,magnanimity
13361,tresses
13362,wastes
13363,vont
13364,champlain
13365,teutonic
13366,effecting
13367,zinc
13368,rogues
13369,munich
13370,softening
13371,revint
13372,celebrity
13373,ingenuous
13374,laurels
13375,unhappiness
13376,unutterable
13377,nathaniel
13378,secours
13379,bataille
13380,bayonet
13381,foolishness
13382,broth
13383,tempo
13384,cracks
13385,spectre
13386,buch
13387,blasted
13388,forgetful
13389,lordly
13390,unfold
13391,grease
13392,marvels
13393,jonas
13394,broom
13395,infirmity
13396,reproof
13397,unchanged
13398,jennie
13399,mildred
13400,dauphin
13401,inflexible
13402,bled
13403,tug
13404,advocated
13405,vagabond
13406,raced
13407,reiterated
13408,sacks
13409,environs
13410,scholarship
13411,zog
13412,tripped
13413,hev
13414,signifying
13415,stealthy
13416,biscuits
13417,surpassing
13418,cork
13419,terry
13420,convoy
13421,paramount
13422,triangle
13423,adorable
13424,judgement
13425,crucifix
13426,nooit
13427,batten
13428,prussians
13429,respectability
13430,levels
13431,noblemen
13432,precept
13433,puffing
13434,clap
13435,ranked
13436,ohg
13437,noiseless
13438,summers
13439,nada
13440,qua
13441,merged
13442,picnic
13443,vatican
13444,orchards
13445,knox
13446,infirmities
13447,trance
13448,perforce
13449,seizure
13450,wenigstens
13451,disregarded
13452,supplement
13453,chieftain
13454,genom
13455,deluge
13456,abashed
13457,sustaining
13458,nassau
13459,raven
13460,squadrons
13461,handsomest
13462,mise
13463,hydrogen
13464,surging
13465,ur
13466,arable
13467,counsellors
13468,undulating
13469,parental
13470,pastime
13471,tort
13472,abu
13473,frogs
13474,sidewalk
13475,smilingly
13476,lavender
13477,sw
13478,hammond
13479,absorb
13480,aggravated
13481,howled
13482,puzzling
13483,savagely
13484,devonshire
13485,annum
13486,ingram
13487,nationale
13488,pondering
13489,ached
13490,comtesse
13491,hindrance
13492,hoop
13493,darius
13494,vicissitudes
13495,bolder
13496,impassable
13497,rigidly
13498,jobs
13499,youngster
13500,enumerated
13501,sculptured
13502,venison
13503,herod
13504,humphrey
13505,counterfeit
13506,noire
13507,soldiery
13508,fitful
13509,mur
13510,nuisance
13511,adviser
13512,habitations
13513,mustache
13514,surly
13515,wist
13516,gik
13517,meditations
13518,tennis
13519,troopers
13520,instrumental
13521,devenir
13522,simplement
13523,tho
13524,upside
13525,utensils
13526,advertisements
13527,abounds
13528,eigen
13529,darkening
13530,paw
13531,sepulchre
13532,evade
13533,allowable
13534,developments
13535,oblong
13536,reverent
13537,astounded
13538,buggy
13539,advising
13540,marcher
13541,connu
13542,fixedly
13543,aurora
13544,census
13545,employments
13546,ineffable
13547,laughingly
13548,formality
13549,swarthy
13550,condescended
13551,diminutive
13552,atque
13553,merest
13554,perceptions
13555,bacchus
13556,adversity
13557,enhanced
13558,wakes
13559,credulity
13560,alva
13561,commentary
13562,invoked
13563,festivities
13564,pareille
13565,tightened
13566,bertie
13567,indomitable
13568,labourer
13569,leyden
13570,breakers
13571,whereabouts
13572,fireside
13573,burroughs
13574,orphans
13575,politic
13576,compagnie
13577,apologize
13578,endued
13579,jede
13580,overpowering
13581,rudeness
13582,animosity
13583,labyrinth
13584,lounging
13585,cumulative
13586,equalled
13587,intercession
13588,remit
13589,lateral
13590,grumbling
13591,listless
13592,expediency
13593,souvenirs
13594,cyprus
13595,hurrah
13596,unused
13597,mens
13598,ezra
13599,halten
13600,canyon
13601,merited
13602,mounds
13603,welchen
13604,perverted
13605,bye
13606,crackling
13607,reefs
13608,stratagem
13609,imperceptible
13610,rejoin
13611,spends
13612,attracting
13613,disperse
13614,heating
13615,grunted
13616,asses
13617,ruby
13618,godwin
13619,herman
13620,olet
13621,qualification
13622,signification
13623,executing
13624,masonry
13625,decently
13626,disciplined
13627,irresistibly
13628,pronoun
13629,sharper
13630,uttermost
13631,jenkins
13632,morse
13633,porcelain
13634,sneered
13635,willen
13636,dewy
13637,lief
13638,saanut
13639,widespread
13640,astonish
13641,wayside
13642,humblest
13643,illustrates
13644,sash
13645,oration
13646,vineyard
13647,footmen
13648,forbes
13649,hooked
13650,commodore
13651,selves
13652,trente
13653,worshippers
13654,clover
13655,hazy
13656,stiffened
13657,thinkers
13658,monter
13659,tyrannical
13660,defile
13661,enabling
13662,melbourne
13663,quartz
13664,rufus
13665,experts
13666,scheint
13667,manque
13668,romeo
13669,chord
13670,priestly
13671,lesquels
13672,matrimonial
13673,unacquainted
13674,sloop
13675,licked
13676,loans
13677,precincts
13678,halfway
13679,operator
13680,tawny
13681,wily
13682,meredith
13683,macedonia
13684,etiam
13685,loaves
13686,paws
13687,taille
13688,gyp
13689,consistently
13690,gloomily
13691,noche
13692,sultry
13693,surged
13694,upheld
13695,congo
13696,againe
13697,languor
13698,overflow
13699,frauen
13700,hab
13701,keel
13702,ghent
13703,guessing
13704,minder
13705,binds
13706,carrier
13707,uncanny
13708,beaton
13709,macaulay
13710,impersonal
13711,retinue
13712,purport
13713,pareil
13714,aunque
13715,heaviest
13716,slung
13717,cubic
13718,garder
13719,hebt
13720,lengthened
13721,thinner
13722,widened
13723,davantage
13724,persistence
13725,nashville
13726,darf
13727,enlighten
13728,ther
13729,tradesmen
13730,germain
13731,delightfully
13732,parable
13733,trampling
13734,mcclellan
13735,assertions
13736,cripple
13737,deformed
13738,pedestal
13739,sensitiveness
13740,thinker
13741,groot
13742,vanishing
13743,beth
13744,ind
13745,tellement
13746,promontory
13747,settles
13748,satirical
13749,quay
13750,mohammedan
13751,budget
13752,darum
13753,montre
13754,carmen
13755,terence
13756,hi
13757,muses
13758,gall
13759,revered
13760,seizes
13761,agamemnon
13762,collector
13763,germs
13764,weighs
13765,fol
13766,recommending
13767,basement
13768,meditate
13769,goe
13770,stormed
13771,toll
13772,conferences
13773,fir
13774,denounce
13775,willed
13776,bringen
13777,marred
13778,knotted
13779,tablespoonfuls
13780,endeavors
13781,tenure
13782,venaient
13783,fastening
13784,fickle
13785,aspiration
13786,depressing
13787,outwardly
13788,freunde
13789,francesco
13790,motley
13791,nymph
13792,groped
13793,seconded
13794,tablespoonful
13795,cupid
13796,creeds
13797,quarrelling
13798,slab
13799,conspicuously
13800,lending
13801,lutte
13802,panted
13803,aiding
13804,defences
13805,participate
13806,begs
13807,billet
13808,bustling
13809,contests
13810,fines
13811,flattened
13812,livingstone
13813,compulsion
13814,luego
13815,subsist
13816,laurence
13817,frankfort
13818,mormon
13819,astounding
13820,psalm
13821,hoary
13822,mercenary
13823,pleasanter
13824,suzanne
13825,cables
13826,fervor
13827,uninteresting
13828,counsellor
13829,cubits
13830,xxiii
13831,psalms
13832,mujer
13833,benedict
13834,crows
13835,employs
13836,exceptionally
13837,hilt
13838,oogenblik
13839,restraining
13840,theresa
13841,complimentary
13842,decir
13843,sulla
13844,pitiable
13845,skirmish
13846,titre
13847,cassius
13848,outcast
13849,apiece
13850,longues
13851,maple
13852,narrated
13853,cor
13854,restlessly
13855,exhaust
13856,gal
13857,napkin
13858,scolded
13859,bayonets
13860,salts
13861,mitt
13862,poste
13863,marlborough
13864,apathy
13865,dodge
13866,armen
13867,distinguishes
13868,forego
13869,sonnet
13870,tilted
13871,yawned
13872,elizabethan
13873,disse
13874,mistaking
13875,infection
13876,lentement
13877,braced
13878,burlesque
13879,sonorous
13880,sheila
13881,breakfasted
13882,impunity
13883,warming
13884,inveterate
13885,verandah
13886,yearned
13887,peel
13888,supporter
13889,buzzing
13890,hale
13891,giveth
13892,handen
13893,anatomy
13894,prospective
13895,studious
13896,draped
13897,upturned
13898,volk
13899,inestimable
13900,portal
13901,pouvez
13902,shoals
13903,tablets
13904,appease
13905,rake
13906,watchman
13907,perfumes
13908,assures
13909,incapacity
13910,kinsmen
13911,protestations
13912,slap
13913,macht
13914,defendant
13915,focus
13916,frae
13917,roving
13918,einander
13919,incoherent
13920,aer
13921,condescension
13922,precipitated
13923,enrich
13924,brushing
13925,forsook
13926,wavered
13927,connaissait
13928,lithe
13929,salaries
13930,suffrage
13931,offender
13932,cortes
13933,chauffeur
13934,discharging
13935,regime
13936,apologies
13937,stalls
13938,bolton
13939,cuthbert
13940,granada
13941,evermore
13942,mun
13943,tendre
13944,hijos
13945,loom
13946,narrowed
13947,strategic
13948,transit
13949,starboard
13950,astronomy
13951,intercepted
13952,notified
13953,caliph
13954,expectant
13955,twig
13956,vineyards
13957,bussy
13958,fleur
13959,declarations
13960,devenu
13961,jolie
13962,bertrand
13963,boulders
13964,slanting
13965,aperture
13966,detroit
13967,erfahrung
13968,bunches
13969,bankers
13970,unprecedented
13971,sprightly
13972,mobile
13973,staple
13974,unparalleled
13975,bleibt
13976,mournfully
13977,smash
13978,norah
13979,springfield
13980,bothered
13981,chords
13982,dogma
13983,meanings
13984,tutto
13985,cest
13986,rambling
13987,underwent
13988,suck
13989,sanguinary
13990,ugliness
13991,koenig
13992,hip
13993,excelled
13994,irresponsible
13995,embodiment
13996,safest
13997,intrinsic
13998,resuming
13999,loue
14000,levy
14001,demeanor
14002,tra
14003,angered
14004,untrue
14005,whichever
14006,bowls
14007,conflagration
14008,cowards
14009,extinguish
14010,presumptuous
14011,raining
14012,wrestling
14013,bitterest
14014,charger
14015,compagnons
14016,prosecuted
14017,engineering
14018,planter
14019,consort
14020,euer
14021,conway
14022,compounds
14023,testing
14024,nat
14025,cooler
14026,hace
14027,jeden
14028,tourists
14029,jessie
14030,loath
14031,gospels
14032,toinen
14033,studded
14034,uneven
14035,egmont
14036,espied
14037,jests
14038,venturing
14039,cruelties
14040,gloria
14041,ursula
14042,malgre
14043,mouthful
14044,teresa
14045,decade
14046,veronica
14047,cone
14048,directs
14049,fram
14050,hose
14051,durable
14052,tigers
14053,panels
14054,gebracht
14055,pensee
14056,symmetry
14057,circonstances
14058,dryfoos
14059,waverley
14060,luckily
14061,swallows
14062,stowed
14063,zig
14064,rector
14065,drought
14066,montagnes
14067,unavoidable
14068,digit
14069,grievously
14070,musste
14071,citizenship
14072,vita
14073,casket
14074,shortened
14075,abstracted
14076,pence
14077,onwards
14078,inexpressible
14079,jouer
14080,seasoned
14081,stag
14082,ormond
14083,norse
14084,auspices
14085,propped
14086,juno
14087,homestead
14088,avenged
14089,reviewed
14090,sleek
14091,barbarism
14092,pont
14093,reformers
14094,dissipation
14095,circled
14096,discordant
14097,therese
14098,impertinence
14099,individually
14100,coronation
14101,dowry
14102,unfavorable
14103,corresponded
14104,defer
14105,glands
14106,shadowed
14107,ego
14108,complains
14109,deposed
14110,petticoat
14111,wayward
14112,ax
14113,sells
14114,caleb
14115,narrower
14116,bleed
14117,suns
14118,wrenched
14119,ane
14120,downs
14121,thackeray
14122,koskaan
14123,babes
14124,belongings
14125,joyously
14126,mercies
14127,weib
14128,diabolical
14129,lu
14130,directories
14131,instants
14132,mustered
14133,suddenness
14134,dilapidated
14135,courir
14136,securities
14137,rede
14138,gestalt
14139,dents
14140,desmond
14141,jacqueline
14142,octave
14143,bushels
14144,bradley
14145,docile
14146,drapery
14147,sniffed
14148,alkoi
14149,zip
14150,siegfried
14151,surest
14152,caverns
14153,stupefied
14154,serais
14155,item
14156,impaired
14157,jedem
14158,clinton
14159,gustavus
14160,interchange
14161,physique
14162,discourage
14163,brooks
14164,morocco
14165,lightened
14166,manoeuvres
14167,navigable
14168,sacrament
14169,reel
14170,bicycle
14171,enlist
14172,inscrutable
14173,panes
14174,sinne
14175,workshop
14176,jist
14177,troupe
14178,motherly
14179,sommeil
14180,leigh
14181,immemorial
14182,prediction
14183,reciprocal
14184,voz
14185,crater
14186,eaux
14187,menos
14188,vestige
14189,hatchet
14190,mistook
14191,concord
14192,safeguard
14193,academic
14194,highways
14195,cholera
14196,soaring
14197,moreau
14198,wilds
14199,abhorrence
14200,accomplice
14201,scornfully
14202,trample
14203,worthington
14204,creations
14205,disapproval
14206,ratification
14207,vielen
14208,snapping
14209,unrest
14210,wolfe
14211,formes
14212,oikein
14213,shroud
14214,symbolic
14215,andra
14216,certainement
14217,grandest
14218,precede
14219,wakened
14220,annihilated
14221,hugged
14222,strawberries
14223,idaho
14224,parrot
14225,sallow
14226,darrell
14227,fitzgerald
14228,downe
14229,exiles
14230,marrow
14231,mending
14232,isis
14233,excitedly
14234,unfriendly
14235,archibald
14236,edna
14237,myrtle
14238,cracking
14239,follower
14240,betsy
14241,devint
14242,professing
14243,hissed
14244,reeled
14245,condescend
14246,carleton
14247,freddie
14248,bankrupt
14249,faible
14250,posting
14251,dramas
14252,unearthly
14253,thenceforth
14254,benediction
14255,favorably
14256,elaborately
14257,pursuance
14258,summoning
14259,hindoo
14260,adapt
14261,dwellers
14262,mijne
14263,everard
14264,brooded
14265,zouden
14266,elms
14267,liess
14268,jocelyn
14269,dicho
14270,perishing
14271,rex
14272,fostered
14273,terraces
14274,sterile
14275,ain
14276,smelling
14277,moth
14278,workings
14279,nelly
14280,feathered
14281,ment
14282,quench
14283,turban
14284,whereat
14285,prettier
14286,rheumatism
14287,tudor
14288,aide
14289,halves
14290,thar
14291,mathilde
14292,floats
14293,founding
14294,therefrom
14295,bridget
14296,amor
14297,blond
14298,dachte
14299,indoors
14300,lighten
14301,clambered
14302,gravy
14303,frage
14304,appalled
14305,southeast
14306,lors
14307,niggers
14308,quarterly
14309,emphasized
14310,splashed
14311,verified
14312,bunyan
14313,lebanon
14314,animate
14315,heather
14316,resplendent
14317,soever
14318,kirche
14319,bandage
14320,lamentation
14321,contradicted
14322,lancelot
14323,thanksgiving
14324,unpopular
14325,mollie
14326,susy
14327,conscientiously
14328,feud
14329,classics
14330,mansions
14331,princesses
14332,racial
14333,tangier
14334,aelig
14335,pounding
14336,authorship
14337,manufacturer
14338,vindicate
14339,whitehall
14340,assassins
14341,determines
14342,gaf
14343,imprudence
14344,persuasive
14345,disney
14346,friars
14347,tient
14348,olivier
14349,stein
14350,plied
14351,luft
14352,borrowing
14353,initials
14354,sallied
14355,squarely
14356,diction
14357,narratives
14358,tartars
14359,barbaric
14360,credulous
14361,mil
14362,partook
14363,unwillingly
14364,accompanies
14365,demi
14366,saddles
14367,saintly
14368,indictment
14369,deluded
14370,severest
14371,odysseus
14372,auxiliary
14373,sabre
14374,unheard
14375,decorum
14376,founders
14377,prenant
14378,squad
14379,staat
14380,ankles
14381,chattanooga
14382,greene
14383,crystalline
14384,revel
14385,keenest
14386,yolks
14387,forsyte
14388,constituting
14389,sewed
14390,queens
14391,monmouth
14392,surrey
14393,pew
14394,christened
14395,compels
14396,confront
14397,crane
14398,agreements
14399,cit
14400,syrup
14401,melville
14402,laudable
14403,bartholomew
14404,physiological
14405,recoiled
14406,bel
14407,cherry
14408,doleful
14409,giver
14410,fairness
14411,seuls
14412,fenster
14413,aun
14414,elated
14415,euphrates
14416,mole
14417,chanting
14418,incredulous
14419,thinly
14420,err
14421,bleiben
14422,lucretia
14423,sucked
14424,sucking
14425,capturing
14426,mace
14427,stumble
14428,saturated
14429,sois
14430,sot
14431,civilian
14432,haine
14433,mangled
14434,sampson
14435,knightly
14436,nap
14437,strangeness
14438,continuity
14439,submerged
14440,marmaduke
14441,bearers
14442,officiers
14443,guaranteed
14444,magnanimous
14445,langdon
14446,dipping
14447,equipage
14448,mats
14449,recommendations
14450,sufferers
14451,tidy
14452,explosive
14453,listeners
14454,ferait
14455,completeness
14456,flamed
14457,parsley
14458,switch
14459,wheeler
14460,heer
14461,nouveaux
14462,repeats
14463,casey
14464,freeze
14465,sauver
14466,substitution
14467,myriad
14468,hicks
14469,miguel
14470,restriction
14471,tradesman
14472,fibres
14473,mget
14474,intervened
14475,inverted
14476,laissait
14477,katie
14478,montagu
14479,aspiring
14480,grossly
14481,wireless
14482,loins
14483,fanaticism
14484,occupant
14485,kensington
14486,blinking
14487,dispensation
14488,draughts
14489,intoxicating
14490,solicitor
14491,abend
14492,exalt
14493,florins
14494,offenders
14495,wahr
14496,bookseller
14497,denna
14498,nucleus
14499,projet
14500,stirs
14501,cinnamon
14502,forthcoming
14503,sentir
14504,smoky
14505,approximately
14506,contrasts
14507,ripened
14508,dion
14509,minerva
14510,adjourned
14511,conversant
14512,muchos
14513,stalked
14514,enquiry
14515,euery
14516,damals
14517,audrey
14518,aptitude
14519,oftentimes
14520,reddened
14521,jock
14522,graphic
14523,madeline
14524,buzz
14525,jill
14526,awarded
14527,hack
14528,xxiv
14529,handles
14530,murphy
14531,auction
14532,absurdly
14533,baltic
14534,pickwick
14535,ethereal
14536,protective
14537,slumbering
14538,henriette
14539,nana
14540,artless
14541,bientot
14542,courtship
14543,presentiment
14544,bereft
14545,mortally
14546,niche
14547,puissant
14548,subdirectory
14549,matchless
14550,vieillard
14551,windward
14552,conjured
14553,stamps
14554,superhuman
14555,meilleur
14556,naam
14557,portico
14558,confessing
14559,disappears
14560,patrol
14561,bulgaria
14562,refreshments
14563,ranging
14564,brittany
14565,onely
14566,danton
14567,gentlemanly
14568,penitence
14569,mosque
14570,joanna
14571,blouse
14572,disarmed
14573,mustard
14574,bort
14575,scrupulously
14576,sinun
14577,rabbi
14578,dilemma
14579,mair
14580,nachdem
14581,brust
14582,afternoons
14583,arc
14584,knitted
14585,shrubbery
14586,oswald
14587,debtor
14588,inferiority
14589,mattress
14590,stew
14591,dive
14592,reflects
14593,steals
14594,tipped
14595,verloren
14596,virgins
14597,figs
14598,ovid
14599,boudoir
14600,lieues
14601,algunos
14602,conjectured
14603,merton
14604,watering
14605,elias
14606,terrifying
14607,alluding
14608,crescent
14609,tow
14610,villains
14611,commonest
14612,finite
14613,punishing
14614,tuer
14615,verite
14616,jossa
14617,readings
14618,immersed
14619,maddened
14620,rugs
14621,payer
14622,spires
14623,veils
14624,chaff
14625,frugal
14626,sulky
14627,europa
14628,halo
14629,junge
14630,metaphor
14631,needing
14632,emptiness
14633,precipices
14634,hijo
14635,peach
14636,quieted
14637,zipped
14638,concede
14639,autrefois
14640,compiled
14641,maman
14642,huis
14643,tunes
14644,kamen
14645,subscribed
14646,diane
14647,riveted
14648,tiptoe
14649,validity
14650,rouletabille
14651,lumps
14652,subjective
14653,inspires
14654,intruder
14655,maitland
14656,sullenly
14657,compensate
14658,designate
14659,reservation
14660,wy
14661,noteworthy
14662,mickey
14663,shave
14664,crystals
14665,dut
14666,indiscreet
14667,concerts
14668,immobile
14669,perplexing
14670,admittance
14671,clown
14672,naturalist
14673,scissors
14674,iris
14675,builds
14676,conduit
14677,exemplary
14678,nymphs
14679,recognizes
14680,sido
14681,wheeling
14682,detest
14683,supplication
14684,tableau
14685,voluptuous
14686,humaine
14687,prosaic
14688,secession
14689,seduced
14690,shiny
14691,medieval
14692,bologna
14693,buttoned
14694,laten
14695,pillage
14696,simultaneous
14697,bubbling
14698,husky
14699,intrude
14700,assail
14701,attested
14702,comprising
14703,fainter
14704,scorching
14705,stains
14706,wentworth
14707,diciendo
14708,filenames
14709,geweest
14710,towel
14711,trails
14712,buoyant
14713,langen
14714,repos
14715,commences
14716,daytime
14717,pits
14718,bracelets
14719,kennen
14720,pharisees
14721,mite
14722,constructive
14723,glade
14724,sussex
14725,consummation
14726,fus
14727,proclaiming
14728,waiters
14729,georg
14730,spoiling
14731,madeira
14732,cloths
14733,pulses
14734,shuffling
14735,nueva
14736,priscilla
14737,comparable
14738,graven
14739,appris
14740,mania
14741,bubble
14742,frightfully
14743,sakes
14744,chasse
14745,creator
14746,kids
14747,strategy
14748,carlisle
14749,keats
14750,norris
14751,snatching
14752,pulls
14753,reconnaissance
14754,sioux
14755,coucher
14756,flapping
14757,knocks
14758,predominant
14759,tack
14760,taint
14761,undergoing
14762,outlaw
14763,generated
14764,throbbed
14765,garrick
14766,jagged
14767,tullut
14768,devoutly
14769,hava
14770,loth
14771,exceeds
14772,moeten
14773,unprofitable
14774,exchequer
14775,cloudless
14776,helene
14777,levites
14778,kitten
14779,seraient
14780,thor
14781,contradictions
14782,matrimony
14783,overturned
14784,patrie
14785,clauses
14786,suivi
14787,wilder
14788,croit
14789,disappoint
14790,shipwreck
14791,eagles
14792,unsteady
14793,gallons
14794,moat
14795,acquiesced
14796,disappointments
14797,encounters
14798,stanzas
14799,withering
14800,altering
14801,appeased
14802,reporters
14803,rumbling
14804,antipathy
14805,rippling
14806,inflammation
14807,repugnant
14808,neptune
14809,blurred
14810,gathers
14811,menaced
14812,stunted
14813,enclose
14814,ode
14815,lac
14816,whipping
14817,bias
14818,thorne
14819,italic
14820,reviving
14821,swedes
14822,heeded
14823,muuta
14824,aghast
14825,cultivating
14826,murs
14827,soldat
14828,derives
14829,tiles
14830,heretic
14831,lounge
14832,erasmus
14833,nicolas
14834,dutiful
14835,humours
14836,unceasing
14837,tens
14838,festive
14839,bushy
14840,excites
14841,philippine
14842,dune
14843,nosotros
14844,rues
14845,unhealthy
14846,strewed
14847,unprepared
14848,blend
14849,illustrating
14850,harrington
14851,implicit
14852,outright
14853,undressed
14854,blending
14855,bristling
14856,fretted
14857,menaces
14858,overflowed
14859,likelihood
14860,starch
14861,confidences
14862,gentler
14863,sentit
14864,shovel
14865,yellowish
14866,confederacy
14867,scramble
14868,sew
14869,thriving
14870,halifax
14871,dealers
14872,haply
14873,quenched
14874,anjou
14875,harper
14876,biographer
14877,noms
14878,ciudad
14879,tritt
14880,faltering
14881,repulse
14882,wafted
14883,messiah
14884,commissary
14885,magnet
14886,turin
14887,budding
14888,felled
14889,illuminating
14890,calhoun
14891,dramatist
14892,flax
14893,solicitous
14894,platz
14895,outlying
14896,chinaman
14897,faveur
14898,slit
14899,devoting
14900,famed
14901,barns
14902,certaines
14903,inarticulate
14904,parcels
14905,adherence
14906,exeter
14907,avions
14908,shaping
14909,subtlety
14910,thwarted
14911,voro
14912,ceci
14913,steadfastly
14914,tuon
14915,veces
14916,awkwardness
14917,hampered
14918,enjoyments
14919,hizo
14920,ia
14921,confiscated
14922,verdad
14923,damon
14924,langs
14925,myn
14926,obstruction
14927,paints
14928,pretense
14929,assyria
14930,humph
14931,kenneth
14932,minnie
14933,receptacle
14934,lamenting
14935,worsted
14936,schoolboy
14937,maritime
14938,refugees
14939,dominican
14940,plastic
14941,relax
14942,swarms
14943,lebens
14944,ploughed
14945,audley
14946,register
14947,republics
14948,unerring
14949,warranted
14950,eran
14951,laissant
14952,stinging
14953,apprenticeship
14954,brusquement
14955,brushes
14956,styles
14957,anticipating
14958,audiences
14959,panorama
14960,slumbers
14961,aunts
14962,spat
14963,jarvis
14964,jeanie
14965,blunders
14966,salut
14967,tramping
14968,crags
14969,oblivious
14970,humiliated
14971,shoal
14972,colin
14973,attaches
14974,emancipated
14975,himselfe
14976,hurl
14977,mossy
14978,jahr
14979,output
14980,perpetrated
14981,rampart
14982,coughed
14983,juvenile
14984,commodity
14985,pulp
14986,regent
14987,gauls
14988,bygone
14989,casks
14990,implicitly
14991,backing
14992,anciens
14993,cur
14994,ditches
14995,tourist
14996,morley
14997,batter
14998,bestowing
14999,magnificently
15000,projectile
15001,resolving
15002,leathern
15003,dalton
15004,niemals
15005,wring
15006,abstinence
15007,molten
15008,ame
15009,egotism
15010,proportioned
15011,ahora
15012,invites
15013,thankfulness
15014,recurring
15015,trotting
15016,spice
15017,bonny
15018,scorched
15019,anterior
15020,demandait
15021,cures
15022,mod
15023,projection
15024,swallowing
15025,comedies
15026,benefited
15027,couches
15028,rap
15029,yudhishthira
15030,alluring
15031,calico
15032,cask
15033,southey
15034,hurting
15035,loathing
15036,villas
15037,witnessing
15038,bruno
15039,novice
15040,bravo
15041,moistened
15042,spontaneously
15043,colbert
15044,doivent
15045,dupe
15046,penniless
15047,genevieve
15048,obtains
15049,tenacity
15050,trough
15051,patting
15052,oyster
15053,beseeching
15054,cunningly
15055,elm
15056,hodder
15057,aisles
15058,ban
15059,mm
15060,appropriations
15061,publique
15062,ruffians
15063,cmu
15064,dubois
15065,chum
15066,reparation
15067,travaux
15068,flanked
15069,overwhelm
15070,gambler
15071,movable
15072,processions
15073,carbury
15074,ander
15075,zee
15076,contracting
15077,po
15078,chess
15079,envers
15080,peau
15081,finery
15082,vaut
15083,dona
15084,norwegian
15085,indiscretion
15086,forrest
15087,blight
15088,rented
15089,corral
15090,listens
15091,alias
15092,indicative
15093,saucy
15094,bookmarks
15095,agility
15096,decorative
15097,eigenen
15098,midsummer
15099,chatted
15100,exigencies
15101,carcass
15102,gnawing
15103,appelle
15104,fullness
15105,tendered
15106,pall
15107,disposing
15108,noirs
15109,slapped
15110,hog
15111,tunic
15112,dormant
15113,unawares
15114,betrays
15115,glazed
15116,bartley
15117,aids
15118,chemist
15119,defenceless
15120,raving
15121,sheath
15122,sortie
15123,tomba
15124,intrepid
15125,inlaid
15126,sayest
15127,delirious
15128,furtively
15129,keener
15130,marcella
15131,amie
15132,shapeless
15133,rowland
15134,lured
15135,poker
15136,torturing
15137,adequately
15138,radio
15139,champ
15140,finde
15141,ruskin
15142,impure
15143,obliterated
15144,patrician
15145,clings
15146,justifiable
15147,surgeons
15148,venomous
15149,amos
15150,builders
15151,siegel
15152,plotting
15153,cain
15154,seymour
15155,bild
15156,recipe
15157,reporting
15158,ridiculed
15159,hullo
15160,mistresses
15161,elevate
15162,privation
15163,prelude
15164,soar
15165,mecca
15166,planes
15167,prescription
15168,begotten
15169,drunkard
15170,resolves
15171,scalp
15172,claret
15173,exhausting
15174,forma
15175,carnal
15176,debated
15177,hemisphere
15178,lightest
15179,prescribe
15180,streaks
15181,gagner
15182,scars
15183,westerly
15184,wringing
15185,injunctions
15186,morts
15187,armenian
15188,huguenots
15189,baseness
15190,construed
15191,abounded
15192,culprit
15193,canton
15194,impregnable
15195,mantelpiece
15196,divorced
15197,montagne
15198,sempre
15199,unobserved
15200,adultery
15201,disapproved
15202,golf
15203,chapitre
15204,chia
15205,basse
15206,bubbles
15207,spine
15208,connaissance
15209,eigentlich
15210,eyeing
15211,foreground
15212,reptiles
15213,perez
15214,affable
15215,cleansed
15216,divan
15217,esprits
15218,utrecht
15219,defiled
15220,normans
15221,infidel
15222,liberation
15223,java
15224,vere
15225,honte
15226,rebelled
15227,fi
15228,xxv
15229,compete
15230,footstep
15231,tolerant
15232,carvel
15233,linda
15234,astronomical
15235,tissues
15236,towered
15237,trophies
15238,chanted
15239,enrolled
15240,envie
15241,gloriously
15242,tease
15243,receding
15244,kirk
15245,yankees
15246,molasses
15247,psychic
15248,suitors
15249,freilich
15250,haen
15251,lagoon
15252,pollen
15253,tait
15254,bared
15255,cultured
15256,peaceably
15257,solcher
15258,toledo
15259,hoof
15260,incongruous
15261,madre
15262,alludes
15263,shunned
15264,intensified
15265,hop
15266,tutti
15267,wanneer
15268,southampton
15269,debris
15270,hewn
15271,profligate
15272,skinner
15273,blameless
15274,screwed
15275,quincy
15276,theseus
15277,outre
15278,parlant
15279,dimmed
15280,dozens
15281,enlargement
15282,intact
15283,beetle
15284,faudrait
15285,noblesse
15286,oppress
15287,omdat
15288,jem
15289,minstrel
15290,shocks
15291,topmost
15292,stanhope
15293,lucid
15294,stolid
15295,surge
15296,clair
15297,conical
15298,hating
15299,stupor
15300,unfailing
15301,saracens
15302,conferring
15303,inconsistency
15304,onset
15305,striven
15306,calvin
15307,crammed
15308,trailed
15309,disengaged
15310,harshness
15311,ponds
15312,snares
15313,teasing
15314,eton
15315,thwart
15316,autem
15317,insatiable
15318,mannen
15319,moody
15320,pledges
15321,restraints
15322,dues
15323,prevalence
15324,trespass
15325,classified
15326,neatness
15327,pronouncing
15328,galilee
15329,gick
15330,relinquished
15331,bales
15332,principes
15333,buchanan
15334,sedan
15335,sod
15336,proudest
15337,supremely
15338,alleys
15339,hips
15340,gales
15341,latch
15342,coalition
15343,complications
15344,lends
15345,surrounds
15346,miranda
15347,luigi
15348,disfigured
15349,ferment
15350,retribution
15351,voinut
15352,wailed
15353,peaches
15354,airports
15355,ve
15356,angular
15357,concur
15358,forage
15359,carey
15360,prague
15361,zion
15362,impetus
15363,soberly
15364,unos
15365,investigated
15366,liberte
15367,weal
15368,expanding
15369,incurable
15370,marvellously
15371,sifted
15372,counterpart
15373,reassure
15374,unforeseen
15375,hitting
15376,hoist
15377,oblique
15378,otras
15379,vassal
15380,protestantism
15381,bleu
15382,buys
15383,divinely
15384,hinaus
15385,quanto
15386,rejecting
15387,unfrequently
15388,vibration
15389,voluminous
15390,bassett
15391,trojan
15392,contagion
15393,flinders
15394,bewitched
15395,complimented
15396,durham
15397,sullivan
15398,adjusting
15399,damsels
15400,disadvantages
15401,irgend
15402,perennial
15403,solidity
15404,tendresse
15405,dejection
15406,reformer
15407,censured
15408,rosamond
15409,gwine
15410,seer
15411,confronting
15412,lurked
15413,warum
15414,demeure
15415,douceur
15416,electoral
15417,gibbon
15418,battlements
15419,dived
15420,daphne
15421,magnus
15422,liet
15423,surmise
15424,increasingly
15425,occult
15426,mindful
15427,strap
15428,thunders
15429,appointing
15430,renewing
15431,antwortete
15432,descendre
15433,guillaume
15434,huck
15435,kelly
15436,despues
15437,allaient
15438,reconstruction
15439,christina
15440,beech
15441,setzte
15442,thatched
15443,troth
15444,chloe
15445,significantly
15446,desultory
15447,jesting
15448,packages
15449,osiris
15450,profuse
15451,raisins
15452,newfoundland
15453,reclining
15454,incalculable
15455,responsive
15456,revisions
15457,liquors
15458,melodies
15459,bail
15460,chewing
15461,hordes
15462,exhorted
15463,portant
15464,inequality
15465,forster
15466,favourably
15467,waggon
15468,chastisement
15469,mechanic
15470,punto
15471,boarders
15472,cielo
15473,dess
15474,detection
15475,squalid
15476,thinke
15477,rebuilt
15478,inducement
15479,mounts
15480,stroking
15481,natalie
15482,grub
15483,vaults
15484,lander
15485,agua
15486,caprices
15487,organizing
15488,growling
15489,incarnation
15490,propensity
15491,delante
15492,maltravers
15493,patricia
15494,blushes
15495,froze
15496,barque
15497,traversing
15498,bugle
15499,dreamer
15500,inconveniences
15501,lodges
15502,hennes
15503,bribed
15504,poise
15505,sieur
15506,truck
15507,evenly
15508,souffle
15509,sprechen
15510,insidious
15511,northumberland
15512,feasted
15513,negotiate
15514,demetrius
15515,siberia
15516,collars
15517,sector
15518,suppressing
15519,zeker
15520,foxes
15521,balmy
15522,hvor
15523,picks
15524,rapide
15525,divines
15526,immeasurable
15527,loftiest
15528,islam
15529,amend
15530,correcting
15531,droop
15532,elevator
15533,patriarch
15534,unseemly
15535,neil
15536,branded
15537,develops
15538,brotherly
15539,crashed
15540,deinen
15541,retard
15542,depraved
15543,lopez
15544,jealousies
15545,armenia
15546,empires
15547,frolic
15548,sensational
15549,dood
15550,dairy
15551,lune
15552,beltane
15553,matured
15554,phraseology
15555,sayd
15556,sustenance
15557,waltz
15558,barter
15559,camping
15560,intercept
15561,lineage
15562,progressed
15563,sportsman
15564,minnesota
15565,potter
15566,convulsed
15567,assembling
15568,breathlessly
15569,conduire
15570,hammock
15571,indecent
15572,translator
15573,bp
15574,steadiness
15575,waning
15576,pilate
15577,sigurd
15578,bloss
15579,israels
15580,faulty
15581,harbors
15582,kysyi
15583,edifices
15584,voyageurs
15585,confederation
15586,dutchman
15587,ravines
15588,dc
15589,acetylene
15590,discoursed
15591,tentative
15592,tickled
15593,dispatches
15594,plupart
15595,wither
15596,bestimmt
15597,proven
15598,sawyer
15599,detachments
15600,persecutions
15601,impetuosity
15602,incompetent
15603,hermann
15604,friendless
15605,reunion
15606,medina
15607,naive
15608,saucepan
15609,lulu
15610,glistened
15611,approving
15612,cellars
15613,shorn
15614,splashing
15615,guiche
15616,mut
15617,commendation
15618,urges
15619,athwart
15620,chatham
15621,leonora
15622,vittoria
15623,gjorde
15624,instructor
15625,pleasurable
15626,recurrence
15627,complacency
15628,distract
15629,doigts
15630,confucius
15631,falconer
15632,unwholesome
15633,consoling
15634,maize
15635,wield
15636,phoebus
15637,aeroplane
15638,fronts
15639,nightingale
15640,hoch
15641,ony
15642,vibrations
15643,lazarus
15644,mama
15645,holly
15646,pe
15647,glamour
15648,arter
15649,cherche
15650,glaciers
15651,homeless
15652,lignes
15653,suburb
15654,principe
15655,laurie
15656,yorke
15657,frais
15658,preuve
15659,steamed
15660,antiquated
15661,borough
15662,rosamund
15663,fulfill
15664,nigel
15665,crut
15666,schwer
15667,entries
15668,maimed
15669,payne
15670,peak
15671,bosoms
15672,comet
15673,jure
15674,fanned
15675,overtures
15676,plutot
15677,undertone
15678,creeks
15679,honneur
15680,wrongly
15681,marcia
15682,forecastle
15683,excluding
15684,glassy
15685,nuestro
15686,assaulted
15687,compounded
15688,shuts
15689,socks
15690,verdant
15691,horatio
15692,gaps
15693,greenish
15694,overrun
15695,pouvais
15696,furthest
15697,gendarmes
15698,dissolute
15699,horde
15700,skiff
15701,suffolk
15702,forgery
15703,hacia
15704,striding
15705,cartridges
15706,stuffs
15707,johann
15708,scraping
15709,seyn
15710,simeon
15711,calumny
15712,extricate
15713,recipient
15714,beste
15715,impassive
15716,indigenous
15717,clemency
15718,dilated
15719,brooke
15720,sumner
15721,parks
15722,compromised
15723,rearing
15724,tempestuous
15725,hereupon
15726,hinges
15727,inert
15728,sonnets
15729,bier
15730,eddy
15731,introduces
15732,parla
15733,plundering
15734,vulgarity
15735,wooing
15736,wege
15737,publius
15738,licentious
15739,phantoms
15740,fest
15741,inlet
15742,microscope
15743,parentage
15744,patched
15745,ferguson
15746,housed
15747,shrewdness
15748,alarms
15749,prudently
15750,relapsed
15751,gegenstand
15752,peg
15753,wildness
15754,advisers
15755,hauling
15756,olives
15757,elijah
15758,carpenters
15759,despicable
15760,mettait
15761,policies
15762,graduate
15763,louisville
15764,thrifty
15765,bunting
15766,sheldon
15767,exactness
15768,iceland
15769,affixed
15770,mantel
15771,mihi
15772,odors
15773,argent
15774,knaves
15775,vivant
15776,prick
15777,restitution
15778,korea
15779,adjectives
15780,admonition
15781,decaying
15782,noonday
15783,canaan
15784,forum
15785,wilton
15786,coiled
15787,loft
15788,veal
15789,arrivait
15790,enclosing
15791,lieutenants
15792,liege
15793,serenely
15794,genuinely
15795,doubtfully
15796,jedes
15797,lieth
15798,tat
15799,arjuna
15800,montaigne
15801,gases
15802,senza
15803,babylonian
15804,comprends
15805,riotous
15806,granville
15807,magnetism
15808,tisch
15809,adrift
15810,chapels
15811,infirm
15812,treble
15813,pratt
15814,charts
15815,colt
15816,lovable
15817,abner
15818,wesley
15819,burly
15820,skeletons
15821,brand
15822,ensign
15823,exported
15824,ju
15825,fierceness
15826,ae
15827,fortify
15828,hiss
15829,naturel
15830,innovation
15831,miner
15832,narration
15833,walnut
15834,combats
15835,derniere
15836,irksome
15837,ptolemy
15838,abhorred
15839,behaving
15840,propitious
15841,discreetly
15842,epitaph
15843,insistent
15844,meaningless
15845,arizona
15846,avenging
15847,rudder
15848,mittel
15849,belated
15850,clocks
15851,frenzied
15852,operas
15853,sharpness
15854,surpris
15855,twofold
15856,owning
15857,vastaan
15858,woo
15859,handel
15860,euripides
15861,powell
15862,acte
15863,bizarre
15864,flickered
15865,prostrated
15866,tracy
15867,craved
15868,justices
15869,parishes
15870,tomatoes
15871,lugar
15872,rarest
15873,calmed
15874,longings
15875,comprehending
15876,idiotic
15877,ancien
15878,converting
15879,persevering
15880,ottoman
15881,boldest
15882,citoyen
15883,lawns
15884,mistrust
15885,revenged
15886,salted
15887,transform
15888,goths
15889,rentrer
15890,soi
15891,dichter
15892,macdonald
15893,tenacious
15894,cipher
15895,imputation
15896,tardy
15897,wight
15898,zooals
15899,drury
15900,rodney
15901,certificates
15902,deduction
15903,succor
15904,orient
15905,locate
15906,moonlit
15907,recoil
15908,broadly
15909,hag
15910,respiration
15911,decides
15912,demolished
15913,annexation
15914,weinig
15915,heti
15916,plaine
15917,vader
15918,cooke
15919,laird
15920,enthusiastically
15921,tufts
15922,beards
15923,inns
15924,makers
15925,stifle
15926,deutschen
15927,sheltering
15928,unmistakably
15929,collapsed
15930,diversified
15931,roamed
15932,casanova
15933,elinor
15934,twichell
15935,bomb
15936,bombardment
15937,fanatical
15938,fearlessly
15939,fixes
15940,ouverte
15941,provisional
15942,soles
15943,vowel
15944,hollanders
15945,clive
15946,knob
15947,governs
15948,koska
15949,morceau
15950,taper
15951,ada
15952,faultless
15953,ventures
15954,avis
15955,dragons
15956,tallow
15957,soviet
15958,sinclair
15959,decomposition
15960,winthrop
15961,interspersed
15962,realistic
15963,sc
15964,aimait
15965,emulation
15966,rotation
15967,freemen
15968,uncompromising
15969,munitions
15970,exulting
15971,humbler
15972,familie
15973,judy
15974,blasphemy
15975,concourse
15976,fraternity
15977,gusts
15978,purposed
15979,slackened
15980,plebeian
15981,riant
15982,mordaunt
15983,exaggerate
15984,exclaims
15985,pane
15986,voie
15987,ferai
15988,valencia
15989,acht
15990,coils
15991,counteract
15992,fenced
15993,inquest
15994,bourrienne
15995,besten
15996,curving
15997,flagrant
15998,scroll
15999,webb
16000,enlightenment
16001,grond
16002,puerto
16003,accounting
16004,aldrig
16005,beckoning
16006,nakedness
16007,soins
16008,treasured
16009,pursues
16010,abate
16011,physic
16012,zenith
16013,afoot
16014,infested
16015,spoons
16016,exhibitions
16017,widening
16018,morrison
16019,florid
16020,preside
16021,emile
16022,autumnal
16023,lucrative
16024,superman
16025,poche
16026,lasse
16027,adela
16028,faithfulness
16029,tus
16030,marines
16031,speeding
16032,tue
16033,zuerst
16034,cacher
16035,curiosities
16036,porta
16037,bethlehem
16038,pascal
16039,bulky
16040,verify
16041,rico
16042,masks
16043,mid
16044,doris
16045,cheerless
16046,komma
16047,trio
16048,unprotected
16049,erie
16050,admonished
16051,transitory
16052,vielmehr
16053,brighton
16054,everett
16055,constituent
16056,apes
16057,aubrey
16058,lindsay
16059,birthplace
16060,ecstatic
16061,pilots
16062,simile
16063,weakest
16064,tamen
16065,tribunes
16066,dragon
16067,dunbar
16068,consecration
16069,elegantly
16070,errands
16071,harangue
16072,seductive
16073,clearest
16074,crier
16075,jargon
16076,descried
16077,nervousness
16078,tief
16079,bourbons
16080,seville
16081,beguiled
16082,infidelity
16083,lobby
16084,sleigh
16085,beziehung
16086,ernst
16087,recurred
16088,succumbed
16089,pcw
16090,camino
16091,expel
16092,produit
16093,woorden
16094,clarissa
16095,favourites
16096,amicable
16097,mange
16098,packs
16099,prefixed
16100,conjugal
16101,fated
16102,pore
16103,ancestry
16104,garland
16105,recounted
16106,tainted
16107,doves
16108,drilled
16109,petrified
16110,barked
16111,politically
16112,provence
16113,hemmed
16114,veracity
16115,cruz
16116,drummond
16117,applaud
16118,fished
16119,sociable
16120,youngsters
16121,dolls
16122,informal
16123,magdalen
16124,cherries
16125,concerted
16126,interposition
16127,reprendre
16128,sicilian
16129,mariner
16130,anglais
16131,numbering
16132,stagnant
16133,tramped
16134,faux
16135,flakes
16136,metre
16137,sprinkling
16138,highlands
16139,katharine
16140,avais
16141,lengthy
16142,rye
16143,shorten
16144,enforcement
16145,colorless
16146,laboriously
16147,newer
16148,reservoir
16149,wizard
16150,logan
16151,absently
16152,conspired
16153,contagious
16154,freer
16155,manfully
16156,pageant
16157,perpetuate
16158,denne
16159,lard
16160,category
16161,inflicting
16162,moored
16163,marbles
16164,isa
16165,poisoning
16166,prospered
16167,coughing
16168,detectives
16169,milly
16170,masterpieces
16171,balancing
16172,candor
16173,runners
16174,guitar
16175,insupportable
16176,metaphysics
16177,outdoor
16178,compter
16179,genie
16180,musketry
16181,stile
16182,hutchinson
16183,constructing
16184,hug
16185,impostor
16186,recklessly
16187,semblaient
16188,undeniable
16189,wards
16190,confidant
16191,evaded
16192,memorials
16193,treatises
16194,enslaved
16195,improvised
16196,staunch
16197,burthen
16198,epithets
16199,jewelry
16200,pungent
16201,sliced
16202,unduly
16203,antiochus
16204,apprentices
16205,casement
16206,relying
16207,southerly
16208,tayoga
16209,answerable
16210,geven
16211,rey
16212,sessions
16213,stumps
16214,goblet
16215,housewife
16216,defeats
16217,imbued
16218,lecturer
16219,margery
16220,virginian
16221,chuckle
16222,rashly
16223,seething
16224,ogni
16225,thickest
16226,builder
16227,engravings
16228,measurement
16229,prelates
16230,smoothing
16231,bereits
16232,irrepressible
16233,canadians
16234,heinrich
16235,lesquelles
16236,meddling
16237,vagrant
16238,wroth
16239,neapolitan
16240,fru
16241,ronald
16242,droits
16243,capitulation
16244,unfolding
16245,whiter
16246,syracuse
16247,boasts
16248,boone
16249,comer
16250,masterful
16251,supplemented
16252,permis
16253,angus
16254,polo
16255,effaced
16256,infidels
16257,deiner
16258,komt
16259,paradox
16260,usher
16261,tyre
16262,fontaine
16263,ulrich
16264,minerals
16265,thrones
16266,triangular
16267,mund
16268,ceded
16269,enamoured
16270,randal
16271,cashier
16272,hypocritical
16273,flushing
16274,frustrated
16275,purchaser
16276,ganges
16277,contrasting
16278,dens
16279,grabbed
16280,roderick
16281,xxvi
16282,erring
16283,celebrating
16284,obstructed
16285,overjoyed
16286,puffs
16287,recklessness
16288,ebony
16289,mimic
16290,pietro
16291,realism
16292,sieve
16293,elemental
16294,media
16295,fausta
16296,confessions
16297,mint
16298,saddened
16299,shewing
16300,atlas
16301,debating
16302,opulent
16303,recruit
16304,valeur
16305,commodious
16306,discouragement
16307,ludwig
16308,brigands
16309,dessa
16310,epidemic
16311,unbecoming
16312,capitalists
16313,guds
16314,pembroke
16315,absurdities
16316,pensions
16317,aladdin
16318,dukes
16319,northerly
16320,qualify
16321,shrines
16322,critically
16323,terug
16324,ails
16325,tolerance
16326,dio
16327,grimm
16328,evoked
16329,wounding
16330,whitney
16331,attaching
16332,hummed
16333,prematurely
16334,hayes
16335,speake
16336,blasts
16337,overspread
16338,hughes
16339,dissensions
16340,easterly
16341,shews
16342,dumas
16343,discouraging
16344,sia
16345,myths
16346,prowling
16347,burnamy
16348,cunningham
16349,etienne
16350,facon
16351,lilac
16352,piteously
16353,popularly
16354,samples
16355,circulating
16356,miser
16357,tacit
16358,prophesy
16359,begriffe
16360,observable
16361,saber
16362,tunis
16363,announces
16364,mus
16365,nemo
16366,nella
16367,omar
16368,porto
16369,centers
16370,interwoven
16371,eerst
16372,flicker
16373,plow
16374,landlords
16375,conciliate
16376,contiguous
16377,physics
16378,quietness
16379,unconsciousness
16380,competitors
16381,shipwrecked
16382,stocking
16383,blut
16384,ennui
16385,lear
16386,default
16387,illegitimate
16388,thoroughfare
16389,manual
16390,furrows
16391,ginger
16392,analyze
16393,infallibly
16394,propres
16395,cider
16396,limpid
16397,pouch
16398,reverted
16399,episcopal
16400,programs
16401,wielded
16402,bedding
16403,despondency
16404,fancying
16405,journeying
16406,entier
16407,jacobins
16408,trojans
16409,goodwill
16410,maun
16411,impediment
16412,chancel
16413,parley
16414,tremendously
16415,instantaneous
16416,loveth
16417,massed
16418,socially
16419,belligerent
16420,beverage
16421,conveys
16422,drifts
16423,fussent
16424,dodd
16425,deduced
16426,inducing
16427,juist
16428,shyly
16429,dessus
16430,distresses
16431,physiognomy
16432,nevil
16433,acquit
16434,booming
16435,inhabiting
16436,medals
16437,santiago
16438,dispelled
16439,mozart
16440,contentedly
16441,adolphus
16442,cautioned
16443,castile
16444,froth
16445,perceives
16446,questa
16447,rapidement
16448,urgently
16449,accommodated
16450,chaleur
16451,pizarro
16452,tristan
16453,gipsy
16454,simples
16455,einst
16456,haughtily
16457,lustrous
16458,mina
16459,viennent
16460,herra
16461,jaar
16462,wreathed
16463,allay
16464,ful
16465,raisons
16466,crassus
16467,juliette
16468,dandy
16469,inaugurated
16470,towne
16471,gridley
16472,centred
16473,gad
16474,ambiguous
16475,premium
16476,slammed
16477,unholy
16478,whales
16479,poe
16480,aromatic
16481,gude
16482,strenuously
16483,harte
16484,emaciated
16485,leighton
16486,bog
16487,designing
16488,hohen
16489,meritorious
16490,unbelief
16491,stunden
16492,degrade
16493,eussent
16494,pluie
16495,shuffled
16496,skip
16497,orb
16498,paulus
16499,desist
16500,neige
16501,oracles
16502,pointe
16503,gideon
16504,fasse
16505,habt
16506,steeple
16507,entendit
16508,firmer
16509,hostages
16510,tumbler
16511,waken
16512,doublet
16513,lei
16514,membrane
16515,unoccupied
16516,yeast
16517,renunciation
16518,scotchman
16519,portentous
16520,widowed
16521,antioch
16522,argues
16523,subordination
16524,cadiz
16525,shoemaker
16526,scandinavian
16527,confesses
16528,encumbered
16529,environ
16530,ese
16531,footprints
16532,rashness
16533,tinkling
16534,defender
16535,mince
16536,nul
16537,woody
16538,insipid
16539,eruption
16540,avoit
16541,barricade
16542,faim
16543,sanitary
16544,specious
16545,entonces
16546,elkander
16547,warehouse
16548,clotilde
16549,mcpherson
16550,disobey
16551,terminal
16552,fans
16553,frantically
16554,unites
16555,penelope
16556,confuse
16557,connects
16558,fauteuil
16559,prohibit
16560,adroit
16561,auditors
16562,smelled
16563,voulais
16564,disputing
16565,domestics
16566,articulate
16567,boire
16568,impoverished
16569,speculate
16570,piers
16571,bonnets
16572,glauben
16573,walton
16574,wilkins
16575,attracts
16576,fangs
16577,krieg
16578,nuremberg
16579,habitants
16580,metres
16581,gee
16582,sahib
16583,compensated
16584,denunciation
16585,murdering
16586,satellite
16587,encountering
16588,turnips
16589,insistence
16590,paralysis
16591,resides
16592,attainments
16593,fatally
16594,hammering
16595,kingston
16596,chattered
16597,dryly
16598,leer
16599,prow
16600,audiencia
16601,retourner
16602,voce
16603,belts
16604,endangered
16605,greedily
16606,laced
16607,vermin
16608,titian
16609,clutches
16610,rhythmic
16611,smouldering
16612,objets
16613,precedes
16614,unison
16615,wayne
16616,diverting
16617,latterly
16618,mediation
16619,tablespoons
16620,criticise
16621,distilled
16622,komme
16623,dane
16624,acutely
16625,capacious
16626,clipped
16627,erhalten
16628,flap
16629,postal
16630,quarante
16631,tuft
16632,worries
16633,designation
16634,petted
16635,bashful
16636,proverbial
16637,retainers
16638,spiteful
16639,genommen
16640,unruly
16641,cataract
16642,reptile
16643,retrouver
16644,marston
16645,schofield
16646,artisans
16647,award
16648,rind
16649,condemning
16650,exhortation
16651,franc
16652,fuera
16653,idees
16654,ripening
16655,volatile
16656,ehre
16657,archway
16658,rhetorical
16659,untold
16660,arbitration
16661,personnel
16662,whining
16663,chronicles
16664,shopping
16665,variegated
16666,fremont
16667,circumstantial
16668,clumps
16669,coupe
16670,hotter
16671,imagines
16672,aha
16673,cruisers
16674,tome
16675,pisa
16676,lulled
16677,palate
16678,viola
16679,essayed
16680,granddaughter
16681,assortment
16682,avowal
16683,sacrificial
16684,unpardonable
16685,indefinable
16686,manera
16687,shapely
16688,undecided
16689,estimable
16690,nourish
16691,briggs
16692,irrational
16693,squires
16694,attendait
16695,disdainful
16696,grandchildren
16697,ignominious
16698,irishmen
16699,infatuation
16700,query
16701,seu
16702,sorrowfully
16703,automatically
16704,peevish
16705,vapours
16706,fust
16707,saluting
16708,decease
16709,victors
16710,apex
16711,zoe
16712,systematically
16713,venom
16714,inimitable
16715,elasticity
16716,endroit
16717,exemption
16718,inspecting
16719,prefect
16720,thunderbolt
16721,bulwark
16722,carnage
16723,endanger
16724,irrelevant
16725,warsaw
16726,weston
16727,imagery
16728,loftier
16729,rand
16730,wazir
16731,auraient
16732,infinity
16733,slabs
16734,justifies
16735,maladie
16736,creditor
16737,graced
16738,gig
16739,illiterate
16740,luckless
16741,sainte
16742,usurped
16743,curieux
16744,fergus
16745,armistice
16746,bastille
16747,desselben
16748,overhung
16749,presente
16750,reaped
16751,aspired
16752,fates
16753,saddest
16754,dixon
16755,crusade
16756,deafening
16757,poked
16758,snatches
16759,sparrow
16760,visitation
16761,sinews
16762,sellers
16763,consular
16764,invoke
16765,judiciously
16766,dishonor
16767,governmental
16768,inutile
16769,funding
16770,penned
16771,secretaries
16772,netherland
16773,tours
16774,chefs
16775,explorers
16776,tempests
16777,mona
16778,forgiving
16779,rubies
16780,twitching
16781,wrapping
16782,albemarle
16783,performs
16784,languishing
16785,transvaal
16786,allegory
16787,specie
16788,aback
16789,tr
16790,fleming
16791,cuisine
16792,blithe
16793,option
16794,plum
16795,gardner
16796,paolo
16797,displaced
16798,entreating
16799,sleeper
16800,superintend
16801,dreading
16802,mold
16803,skulls
16804,childless
16805,dogmas
16806,hits
16807,carr
16808,genoese
16809,celery
16810,devolved
16811,undaunted
16812,vanities
16813,acclamations
16814,afflict
16815,compatible
16816,cue
16817,eunuch
16818,deftly
16819,delegate
16820,grin
16821,tarried
16822,theologians
16823,appliances
16824,bracelet
16825,buttered
16826,futility
16827,poisons
16828,becky
16829,terreur
16830,messer
16831,harnessed
16832,oaken
16833,bradford
16834,introductory
16835,kindliness
16836,klein
16837,moons
16838,scored
16839,comparisons
16840,keiner
16841,savour
16842,inez
16843,polar
16844,paroxysm
16845,prays
16846,deign
16847,heraus
16848,langage
16849,savais
16850,administering
16851,expedients
16852,bushel
16853,remettre
16854,reminiscence
16855,fontainebleau
16856,battlefield
16857,crook
16858,tribal
16859,vastasi
16860,decorous
16861,devenait
16862,loro
16863,felipe
16864,gustave
16865,comp
16866,meekness
16867,scot
16868,stitches
16869,teeming
16870,depriving
16871,valois
16872,venetians
16873,bunk
16874,necessitated
16875,solon
16876,enforcing
16877,leans
16878,overcoming
16879,puppy
16880,zurueck
16881,barrett
16882,brahmana
16883,grosser
16884,requisition
16885,levi
16886,ocr
16887,denomination
16888,humbug
16889,islanders
16890,momento
16891,monumental
16892,writhed
16893,wilkes
16894,finit
16895,solitudes
16896,climates
16897,immigrants
16898,nearness
16899,unbearable
16900,persevere
16901,embittered
16902,hellenic
16903,counselled
16904,densely
16905,xxvii
16906,folie
16907,muessen
16908,sublimity
16909,atmospheric
16910,binnen
16911,injuring
16912,spleen
16913,antecedent
16914,disdained
16915,effusion
16916,garcia
16917,denoted
16918,legendary
16919,reinen
16920,undesirable
16921,potts
16922,surety
16923,bespoke
16924,tormenting
16925,cornish
16926,olympus
16927,pius
16928,clattering
16929,thighs
16930,technique
16931,cleanse
16932,label
16933,unwillingness
16934,highlanders
16935,infuriated
16936,languidly
16937,peuples
16938,catholicism
16939,discomfiture
16940,susie
16941,charme
16942,loathed
16943,equitable
16944,puny
16945,stille
16946,deposition
16947,ponder
16948,retraite
16949,ueberhaupt
16950,bewitching
16951,stack
16952,broker
16953,poids
16954,racked
16955,reeling
16956,rehearsal
16957,auguste
16958,jesse
16959,roadway
16960,hele
16961,newcomer
16962,sac
16963,demosthenes
16964,civilly
16965,oeil
16966,dartagnan
16967,episodes
16968,giue
16969,severally
16970,distaste
16971,portable
16972,lancashire
16973,centered
16974,bleef
16975,diverses
16976,engendered
16977,cleave
16978,hoarsely
16979,vicomte
16980,acuteness
16981,sortes
16982,brewster
16983,imposition
16984,soared
16985,controls
16986,diocese
16987,gehabt
16988,disreputable
16989,saisit
16990,abusing
16991,appended
16992,blighted
16993,prolific
16994,shifts
16995,aboriginal
16996,afflictions
16997,gy
16998,joue
16999,grt
17000,hermione
17001,unmixed
17002,hilly
17003,ravaged
17004,runner
17005,cox
17006,bitte
17007,cherchait
17008,ministerial
17009,braver
17010,vero
17011,waded
17012,aikaa
17013,donned
17014,certes
17015,harden
17016,punctual
17017,pyramids
17018,eaves
17019,starlight
17020,wilfully
17021,attains
17022,cloves
17023,draperies
17024,roasting
17025,quitte
17026,jewelled
17027,authorize
17028,pantomime
17029,standen
17030,tape
17031,minus
17032,jeremy
17033,brahmanas
17034,fe
17035,whiche
17036,apud
17037,qual
17038,tempers
17039,aufs
17040,legislators
17041,repas
17042,tira
17043,transcendent
17044,nance
17045,aussitot
17046,bluish
17047,feuilles
17048,putnam
17049,autrement
17050,foreboding
17051,patriarchal
17052,unnecessarily
17053,lester
17054,ao
17055,ascendency
17056,bullocks
17057,flaw
17058,gouverneur
17059,refractory
17060,tic
17061,queene
17062,twinkled
17063,unsafe
17064,brevity
17065,despot
17066,mosquitoes
17067,muchas
17068,delhi
17069,loch
17070,wlk
17071,distinctness
17072,noi
17073,complacent
17074,reviews
17075,chad
17076,curt
17077,dexterous
17078,hazel
17079,littered
17080,orbit
17081,uncles
17082,hermes
17083,muller
17084,devotions
17085,somber
17086,squared
17087,pallas
17088,bead
17089,macedonian
17090,mirabeau
17091,worten
17092,incentive
17093,surer
17094,tenement
17095,camilla
17096,houghton
17097,tyler
17098,ouvrit
17099,sundown
17100,raum
17101,bastard
17102,bracing
17103,crag
17104,delia
17105,kenelm
17106,embryo
17107,alfonso
17108,controversies
17109,eso
17110,implying
17111,quieter
17112,ambulance
17113,dialects
17114,leeward
17115,rumble
17116,rajah
17117,cercle
17118,lawfully
17119,pantry
17120,asa
17121,judea
17122,induction
17123,nestled
17124,weakening
17125,performers
17126,dorian
17127,duplicate
17128,impeded
17129,omitting
17130,aberdeen
17131,recruiting
17132,immigration
17133,inactive
17134,meditative
17135,dwindled
17136,hive
17137,statt
17138,wag
17139,dagegen
17140,quicken
17141,sogleich
17142,uwe
17143,justin
17144,laurent
17145,menge
17146,shamed
17147,chancery
17148,disclosure
17149,dreamily
17150,kapitel
17151,chew
17152,excellently
17153,softest
17154,suspects
17155,liveth
17156,meni
17157,oral
17158,primal
17159,craven
17160,reassuring
17161,screened
17162,honourably
17163,poussa
17164,whims
17165,boyne
17166,buenos
17167,cargoes
17168,concierge
17169,crocodile
17170,innermost
17171,laat
17172,prepares
17173,scholarly
17174,contested
17175,depravity
17176,nickname
17177,populations
17178,waggons
17179,whips
17180,corporate
17181,paine
17182,amendments
17183,heen
17184,incredibly
17185,marshy
17186,rapturous
17187,sentries
17188,ep
17189,boulevard
17190,chemicals
17191,surmised
17192,tropics
17193,alliances
17194,blundering
17195,dresser
17196,ord
17197,fencing
17198,libel
17199,pickets
17200,sufficiency
17201,capitalist
17202,cypress
17203,manos
17204,preliminaries
17205,tamed
17206,ower
17207,undress
17208,annihilation
17209,fooled
17210,advisor
17211,confirms
17212,credible
17213,essentials
17214,selections
17215,pro
17216,apprised
17217,chips
17218,huxley
17219,reihe
17220,almonds
17221,rois
17222,swann
17223,paddled
17224,quale
17225,nicest
17226,telegrams
17227,termes
17228,indignity
17229,professes
17230,spasm
17231,bungalow
17232,glorify
17233,canning
17234,estaban
17235,graveyard
17236,barrister
17237,drudgery
17238,fier
17239,reciting
17240,elliot
17241,moab
17242,erecting
17243,vraie
17244,emmanuel
17245,domains
17246,scholastic
17247,acc
17248,dissolving
17249,twine
17250,bayard
17251,othello
17252,clime
17253,courting
17254,guardianship
17255,ire
17256,jedoch
17257,unborn
17258,unguarded
17259,ruhe
17260,cult
17261,staked
17262,grange
17263,abhor
17264,disconsolate
17265,instructing
17266,intermittent
17267,aw
17268,domes
17269,fiends
17270,knoll
17271,personalities
17272,imperfection
17273,lena
17274,oreilles
17275,accumulate
17276,dissuade
17277,fateful
17278,panther
17279,currency
17280,djalma
17281,caricature
17282,cowboy
17283,cuanto
17284,implication
17285,visto
17286,gesetzt
17287,deterred
17288,intentionally
17289,novelists
17290,ostensibly
17291,spectral
17292,wedge
17293,immunity
17294,edison
17295,deficiencies
17296,grimy
17297,placer
17298,alexey
17299,rover
17300,abomination
17301,mythical
17302,emergency
17303,girlhood
17304,helper
17305,uncontrollable
17306,clamorous
17307,ply
17308,wraps
17309,armand
17310,presidential
17311,rive
17312,squirrels
17313,beguile
17314,brighten
17315,brusque
17316,contemplative
17317,weimar
17318,fins
17319,levee
17320,cole
17321,sch
17322,socialism
17323,oeuvre
17324,crab
17325,shamefully
17326,aggression
17327,assassinated
17328,showered
17329,legte
17330,uur
17331,amity
17332,laatste
17333,nihil
17334,grosses
17335,landscapes
17336,hallo
17337,retraced
17338,seiten
17339,broadside
17340,imbecile
17341,carve
17342,namentlich
17343,pierres
17344,retail
17345,gallic
17346,pooh
17347,couched
17348,enthusiast
17349,hopelessness
17350,insinuating
17351,trend
17352,ashe
17353,ainoastaan
17354,dayes
17355,heare
17356,ventre
17357,dezen
17358,complement
17359,fanatic
17360,rendit
17361,saisi
17362,souffrir
17363,cocoa
17364,shaven
17365,delegation
17366,scientists
17367,vindication
17368,alguna
17369,convulsion
17370,queue
17371,josephus
17372,kinderen
17373,retrace
17374,drawled
17375,sprawling
17376,sweating
17377,nether
17378,winking
17379,beecher
17380,ladders
17381,swoon
17382,gutter
17383,pauper
17384,reproved
17385,cardoville
17386,davies
17387,thorpe
17388,grizzled
17389,burnside
17390,pastor
17391,artificially
17392,bananas
17393,beacon
17394,blooms
17395,combustion
17396,complaisance
17397,logically
17398,tinted
17399,wagen
17400,brachte
17401,frei
17402,hatched
17403,pumps
17404,trash
17405,canvass
17406,chafed
17407,crests
17408,hollowed
17409,unrestrained
17410,encircling
17411,montra
17412,ration
17413,tam
17414,convulsively
17415,findet
17416,pleasantest
17417,shark
17418,edicts
17419,grander
17420,watchfulness
17421,lexington
17422,meade
17423,barometer
17424,cabeza
17425,executor
17426,interpose
17427,petticoats
17428,retourna
17429,wanders
17430,yuh
17431,covetous
17432,discerning
17433,plat
17434,recur
17435,thi
17436,windings
17437,cary
17438,passepartout
17439,dregs
17440,nautical
17441,voile
17442,crusoe
17443,sunlit
17444,allowances
17445,density
17446,sickened
17447,stepmother
17448,superintendence
17449,untiring
17450,veto
17451,lucullus
17452,cavalcade
17453,thrift
17454,alternating
17455,backbone
17456,brightening
17457,firelight
17458,reticence
17459,swears
17460,disagreement
17461,nutmeg
17462,canto
17463,havre
17464,jennings
17465,caustic
17466,perfidy
17467,predictions
17468,villes
17469,esau
17470,anticipations
17471,ostentation
17472,grunde
17473,couvert
17474,fatto
17475,ursache
17476,sympathized
17477,diffuse
17478,moneys
17479,prying
17480,purify
17481,quintus
17482,changer
17483,ock
17484,wrested
17485,humboldt
17486,palabra
17487,protects
17488,sneering
17489,stewed
17490,terminating
17491,waarin
17492,sneak
17493,sunbeams
17494,algernon
17495,blessedness
17496,erwiderte
17497,misma
17498,shove
17499,sparrows
17500,pian
17501,portals
17502,bentley
17503,dom
17504,antiquities
17505,probablement
17506,soyez
17507,muriel
17508,naturelle
17509,originate
17510,polluted
17511,unavailing
17512,gush
17513,prosecuting
17514,skirted
17515,recollecting
17516,balfour
17517,jude
17518,samaria
17519,vaters
17520,boatmen
17521,enlivened
17522,formulated
17523,jailer
17524,magnifique
17525,scoundrels
17526,collectively
17527,cuckoo
17528,damnation
17529,mumbled
17530,deutschland
17531,huns
17532,crank
17533,fined
17534,jumps
17535,garcon
17536,harmonies
17537,signatures
17538,thud
17539,bryan
17540,stranded
17541,promis
17542,alderman
17543,avow
17544,heredity
17545,brer
17546,startle
17547,venez
17548,lapham
17549,critique
17550,deplored
17551,domestique
17552,sneaking
17553,cadence
17554,exuberant
17555,consecutive
17556,ensue
17557,immaculate
17558,mede
17559,piping
17560,vibrating
17561,wiles
17562,allerlei
17563,gentilhomme
17564,joli
17565,roars
17566,egerton
17567,grapple
17568,wrecks
17569,augustin
17570,multitudinous
17571,piling
17572,emitted
17573,freak
17574,posse
17575,sinua
17576,twitched
17577,unstable
17578,sono
17579,chilling
17580,fueron
17581,niiden
17582,majesties
17583,fraser
17584,freiheit
17585,fusil
17586,negligent
17587,ausdruck
17588,bestimmung
17589,michelangelo
17590,bowers
17591,cession
17592,discriminating
17593,hemp
17594,hitched
17595,lieben
17596,quickening
17597,unconquerable
17598,achter
17599,charmingly
17600,fumbled
17601,oily
17602,scrambling
17603,encompassed
17604,geschehen
17605,dina
17606,malignity
17607,notoriety
17608,residue
17609,unmolested
17610,unsuspected
17611,scotia
17612,gravest
17613,leak
17614,whiles
17615,matted
17616,angelica
17617,gap
17618,unanimity
17619,withstood
17620,dahin
17621,dating
17622,fawn
17623,tasting
17624,beheaded
17625,aurelius
17626,sherwood
17627,imitations
17628,unwittingly
17629,wellwyn
17630,deigned
17631,despaired
17632,kine
17633,begat
17634,cravat
17635,dissimulation
17636,ingeniously
17637,elude
17638,grimace
17639,sill
17640,gottes
17641,astride
17642,croix
17643,knighthood
17644,seid
17645,clang
17646,pedigree
17647,playfully
17648,callous
17649,empowered
17650,enlarging
17651,replacing
17652,hoard
17653,partis
17654,ecclesiastics
17655,fumbling
17656,reminder
17657,vivacious
17658,discernment
17659,astronomer
17660,distinguishable
17661,immorality
17662,justement
17663,hatch
17664,helmets
17665,loosen
17666,overland
17667,sorrowing
17668,suffused
17669,hermon
17670,storage
17671,zero
17672,destroyer
17673,pretension
17674,cheerily
17675,imperfections
17676,notoriously
17677,seaward
17678,soils
17679,subservient
17680,sammy
17681,starr
17682,rapped
17683,ruse
17684,benign
17685,courut
17686,fatherly
17687,nods
17688,suburban
17689,conveniences
17690,regimental
17691,shreds
17692,subordinates
17693,boyd
17694,salome
17695,contrivances
17696,persecute
17697,tanned
17698,metropolitan
17699,fettered
17700,inoffensive
17701,plentifully
17702,poika
17703,extorted
17704,maddening
17705,opaque
17706,elise
17707,liszt
17708,lovelace
17709,deinem
17710,trembles
17711,donnant
17712,mightier
17713,bab
17714,barbicane
17715,cookery
17716,pear
17717,fragmentary
17718,jenes
17719,fatiguing
17720,militaire
17721,shawls
17722,dauntless
17723,famished
17724,officier
17725,fighter
17726,reproachful
17727,vexatious
17728,hancock
17729,burglar
17730,mildness
17731,moslems
17732,todd
17733,flowered
17734,plastered
17735,biol
17736,ably
17737,appreciative
17738,assiduous
17739,craindre
17740,hassan
17741,angeles
17742,vronsky
17743,grocer
17744,peradventure
17745,sherry
17746,werk
17747,wrench
17748,lima
17749,irrigation
17750,resounding
17751,auntie
17752,bathsheba
17753,acquiesce
17754,wirst
17755,phoenix
17756,curing
17757,dentro
17758,forked
17759,mishap
17760,ruhig
17761,scarred
17762,medea
17763,indisposition
17764,investigating
17765,raids
17766,bey
17767,criticised
17768,espoused
17769,noose
17770,schoolroom
17771,seminary
17772,covent
17773,vizier
17774,xxviii
17775,nee
17776,worshipping
17777,byzantine
17778,jed
17779,hove
17780,overshadowed
17781,gewalt
17782,letty
17783,organisms
17784,pottery
17785,praiseworthy
17786,cornwallis
17787,hor
17788,schwester
17789,pretentious
17790,crumbled
17791,trooper
17792,chere
17793,eased
17794,formalities
17795,diagram
17796,palabras
17797,demselben
17798,permanence
17799,servi
17800,suspiciously
17801,grandma
17802,astern
17803,mejor
17804,amours
17805,coquetry
17806,accomplices
17807,eluded
17808,locking
17809,mourners
17810,somers
17811,portrayed
17812,sacramento
17813,serbia
17814,adoring
17815,framing
17816,guiltless
17817,telegraphic
17818,palatine
17819,simmer
17820,garibaldi
17821,devient
17822,illustrative
17823,pickering
17824,feare
17825,portly
17826,smack
17827,unsuspecting
17828,duck
17829,altri
17830,blanched
17831,deliberations
17832,glaube
17833,hitch
17834,getan
17835,lave
17836,miten
17837,mavis
17838,acids
17839,quartier
17840,sicher
17841,tristesse
17842,undying
17843,beget
17844,favorites
17845,restful
17846,salient
17847,reeking
17848,rudiments
17849,taketh
17850,welcoming
17851,garth
17852,amphitheatre
17853,mushrooms
17854,regulars
17855,tiers
17856,anton
17857,brabant
17858,zeichen
17859,morose
17860,sobriety
17861,tragical
17862,context
17863,nicer
17864,promulgated
17865,ste
17866,juin
17867,legislatures
17868,partes
17869,scepticism
17870,wrathful
17871,aver
17872,battre
17873,cardinals
17874,incredulity
17875,tanks
17876,fraternal
17877,spying
17878,whitewashed
17879,absalom
17880,legislator
17881,mandate
17882,pad
17883,cesar
17884,sterne
17885,flimsy
17886,gardes
17887,misunderstand
17888,mug
17889,sandwiches
17890,bankruptcy
17891,canes
17892,archer
17893,banquets
17894,plumb
17895,blemish
17896,sceptical
17897,cedars
17898,creeps
17899,darken
17900,emphasize
17901,parsonage
17902,perplexity
17903,vance
17904,begot
17905,deter
17906,dynamite
17907,hundredth
17908,outlaws
17909,prisonniers
17910,accumulating
17911,olevan
17912,odyssey
17913,bean
17914,imperceptibly
17915,multiplication
17916,piquant
17917,enactment
17918,flare
17919,anglican
17920,stepan
17921,conversational
17922,reconnu
17923,survives
17924,cierto
17925,diderot
17926,armament
17927,exultant
17928,fiercest
17929,fluent
17930,ruining
17931,shrewdly
17932,terrain
17933,pervading
17934,finland
17935,shading
17936,tua
17937,wicket
17938,bombs
17939,fitly
17940,jenen
17941,animaux
17942,juillet
17943,uninhabited
17944,flossie
17945,evergreen
17946,flirt
17947,haber
17948,infatuated
17949,propounded
17950,apologized
17951,denouncing
17952,personnage
17953,placidly
17954,sensibilities
17955,squatted
17956,carbonic
17957,doubling
17958,conciliatory
17959,confiscation
17960,consenting
17961,handsomer
17962,joita
17963,retires
17964,lanyard
17965,chute
17966,tacitly
17967,reade
17968,exerting
17969,gris
17970,subscribers
17971,traded
17972,brilliance
17973,eunuchs
17974,parait
17975,reserving
17976,stets
17977,dews
17978,dormir
17979,importunate
17980,lisa
17981,inquiringly
17982,manteau
17983,modele
17984,steak
17985,streaked
17986,gauze
17987,halb
17988,lifelong
17989,disheartened
17990,spars
17991,variant
17992,bottoms
17993,camarades
17994,citoyens
17995,methodical
17996,predict
17997,proportionate
17998,slowness
17999,peremptorily
18000,scurvy
18001,secures
18002,canned
18003,jammed
18004,plainer
18005,suez
18006,fellers
18007,pourra
18008,raptures
18009,freeman
18010,fulton
18011,gelegenheit
18012,candidly
18013,pears
18014,wallet
18015,yere
18016,bloodless
18017,pique
18018,homeric
18019,artfully
18020,roaming
18021,anchors
18022,convents
18023,glace
18024,sandals
18025,spurious
18026,undertakings
18027,ajax
18028,existe
18029,thereabouts
18030,raffles
18031,amoureux
18032,arresting
18033,blinked
18034,medley
18035,rudimentary
18036,thorny
18037,hottest
18038,preoccupation
18039,carthaginians
18040,ibreve
18041,industriously
18042,emblems
18043,fallut
18044,urn
18045,patsy
18046,definitions
18047,manche
18048,bats
18049,hover
18050,visual
18051,detriment
18052,reflective
18053,vif
18054,johanna
18055,effeminate
18056,meaner
18057,compagnon
18058,kinship
18059,miraculously
18060,verlassen
18061,dolores
18062,moeder
18063,blossoming
18064,ripen
18065,swans
18066,symbolism
18067,shahrazad
18068,aku
18069,directness
18070,likened
18071,surprisingly
18072,begann
18073,buen
18074,richards
18075,cheating
18076,dignities
18077,groupe
18078,pitching
18079,varro
18080,racine
18081,complication
18082,dulness
18083,lessening
18084,reverses
18085,marse
18086,spelled
18087,stomachs
18088,svarade
18089,unqualified
18090,balkan
18091,ritter
18092,songe
18093,spricht
18094,thorndyke
18095,irreparable
18096,kite
18097,esquire
18098,acquires
18099,thickened
18100,monterey
18101,irresolute
18102,characterised
18103,confidentially
18104,guile
18105,naturalists
18106,rafters
18107,tive
18108,dietrich
18109,sardinia
18110,trinkets
18111,oceans
18112,pathetically
18113,pavements
18114,piqued
18115,rendait
18116,inhalt
18117,efficacious
18118,trudged
18119,canna
18120,midi
18121,tributes
18122,jer
18123,fallacy
18124,fleshy
18125,loathe
18126,nacht
18127,salle
18128,portfolio
18129,carte
18130,pinnacle
18131,residences
18132,ammon
18133,herrens
18134,complexity
18135,composure
18136,gallon
18137,ref
18138,talkative
18139,bandages
18140,impropriety
18141,pawn
18142,regierung
18143,tasso
18144,nombreux
18145,amazingly
18146,croyez
18147,razor
18148,gabrielle
18149,translating
18150,conservation
18151,tomahawk
18152,detention
18153,pollution
18154,scowling
18155,whist
18156,bharata
18157,denoting
18158,oils
18159,omens
18160,camden
18161,hereward
18162,heralds
18163,nimmt
18164,hartley
18165,chimed
18166,financier
18167,goede
18168,ouvert
18169,palmerston
18170,maa
18171,semblable
18172,garten
18173,milady
18174,saturn
18175,dispel
18176,mailed
18177,grunt
18178,nuestra
18179,dirai
18180,mehrere
18181,spike
18182,pranks
18183,montrait
18184,widower
18185,commandant
18186,unitarian
18187,casi
18188,overcast
18189,warf
18190,boring
18191,farnese
18192,planchet
18193,fraudulent
18194,snarled
18195,wilbur
18196,awaking
18197,coaxed
18198,noisily
18199,parasol
18200,cosmopolitan
18201,generality
18202,entailed
18203,gaol
18204,grammatical
18205,picket
18206,roughness
18207,scientist
18208,coaxing
18209,jusque
18210,apothecary
18211,daisies
18212,measurements
18213,vilest
18214,champagne
18215,orpheus
18216,cocks
18217,dieux
18218,exorbitant
18219,ministered
18220,poking
18221,rene
18222,insensibility
18223,trevor
18224,journalism
18225,suuri
18226,utile
18227,africans
18228,verona
18229,corporeal
18230,inexpressibly
18231,insured
18232,epigram
18233,goddesses
18234,prop
18235,serez
18236,selwyn
18237,commendable
18238,sotto
18239,trouvaient
18240,girt
18241,harmful
18242,staan
18243,piccadilly
18244,dacht
18245,defiantly
18246,lunar
18247,shimmering
18248,halter
18249,tournant
18250,mosaic
18251,zeiten
18252,outposts
18253,whoso
18254,annihilate
18255,pilgrims
18256,dinna
18257,licking
18258,certified
18259,crevice
18260,perfidious
18261,usurpation
18262,crete
18263,padua
18264,reactions
18265,pyrenees
18266,stiffness
18267,judaism
18268,tuscany
18269,settler
18270,communist
18271,homo
18272,richter
18273,serge
18274,cache
18275,foothold
18276,gentlewoman
18277,myne
18278,chili
18279,elusive
18280,fie
18281,inaction
18282,tranquilly
18283,prometheus
18284,tiber
18285,certitude
18286,souriant
18287,unceasingly
18288,anderes
18289,fretting
18290,tagen
18291,contingency
18292,outlay
18293,tenets
18294,lair
18295,repudiated
18296,salons
18297,chapman
18298,elisabeth
18299,carpenter
18300,conservatory
18301,gent
18302,rigor
18303,discoursing
18304,surname
18305,teased
18306,varney
18307,allgemeinen
18308,annuity
18309,earthquakes
18310,wrestle
18311,adolphe
18312,bulwarks
18313,intimates
18314,lapsed
18315,scribes
18316,godlike
18317,heartfelt
18318,ibrahim
18319,vgl
18320,aupres
18321,causer
18322,frying
18323,philanthropic
18324,risking
18325,scribe
18326,stirling
18327,discount
18328,wigwam
18329,woolen
18330,biddy
18331,aimer
18332,bystanders
18333,mouvements
18334,postage
18335,prevention
18336,ramble
18337,brampton
18338,furrow
18339,suppliant
18340,francais
18341,maedchen
18342,fiercer
18343,gefunden
18344,signora
18345,projets
18346,utters
18347,deplore
18348,persona
18349,plucking
18350,councillors
18351,dissent
18352,misses
18353,tae
18354,erskine
18355,fireworks
18356,mouse
18357,algo
18358,intrenched
18359,oxide
18360,pesos
18361,regeneration
18362,delicacies
18363,mightiest
18364,portent
18365,stupidly
18366,eugenie
18367,eloquently
18368,noxious
18369,cervantes
18370,lingers
18371,ordnance
18372,sling
18373,coleman
18374,hof
18375,askance
18376,irregularity
18377,spilt
18378,hoffnung
18379,scheen
18380,meister
18381,nazareth
18382,ney
18383,tucker
18384,admires
18385,waarvan
18386,bronzed
18387,dishevelled
18388,downing
18389,liberals
18390,substituting
18391,amazon
18392,bowen
18393,aimable
18394,joku
18395,mislead
18396,poke
18397,sinon
18398,stellen
18399,unaided
18400,limiting
18401,congressional
18402,sinai
18403,emigrant
18404,explorer
18405,fittest
18406,tulla
18407,particulier
18408,tonic
18409,loire
18410,architects
18411,breezy
18412,captivated
18413,lor
18414,matrons
18415,normally
18416,tortuous
18417,couche
18418,fervid
18419,hoss
18420,juger
18421,flings
18422,ripped
18423,haupt
18424,conducive
18425,deserting
18426,donkeys
18427,damnable
18428,expiring
18429,frigates
18430,narrowness
18431,shanty
18432,cadet
18433,bluntly
18434,champs
18435,revolvers
18436,aggrieved
18437,dedicate
18438,hurling
18439,lounged
18440,splitting
18441,spartans
18442,spoonful
18443,cosmo
18444,croyais
18445,occhi
18446,deformity
18447,rosalind
18448,swings
18449,clans
18450,divested
18451,fusion
18452,commun
18453,efface
18454,musty
18455,surveys
18456,unheeded
18457,wert
18458,accuser
18459,besieging
18460,gaming
18461,timorous
18462,lombard
18463,marthe
18464,mummy
18465,removes
18466,lombardy
18467,niger
18468,teufel
18469,composite
18470,waehrend
18471,gould
18472,squaw
18473,couplets
18474,rappelle
18475,tingling
18476,constables
18477,rivulet
18478,bandaged
18479,cleansing
18480,inventive
18481,lottie
18482,hammered
18483,ministering
18484,transgression
18485,saurait
18486,dignitaries
18487,spiritually
18488,surgical
18489,th
18490,unten
18491,blancs
18492,exasperating
18493,partaking
18494,pensa
18495,trapped
18496,antwort
18497,redeemer
18498,bijna
18499,creaked
18500,conti
18501,inflation
18502,nisi
18503,recount
18504,christie
18505,sip
18506,wilmot
18507,fouche
18508,complacently
18509,conceiving
18510,ditt
18511,sodden
18512,urgency
18513,comprises
18514,consolidated
18515,contributes
18516,quarto
18517,slighted
18518,predicament
18519,xxix
18520,mycket
18521,naturellement
18522,oo
18523,madras
18524,haec
18525,imperishable
18526,nasal
18527,nervously
18528,scents
18529,augment
18530,flared
18531,taunt
18532,trappings
18533,boulder
18534,depredations
18535,indigo
18536,keenness
18537,prided
18538,contraband
18539,daggers
18540,silky
18541,entitle
18542,grumble
18543,hinein
18544,cheaply
18545,threadbare
18546,displease
18547,philanthropy
18548,scum
18549,burnished
18550,nunca
18551,strives
18552,nantes
18553,affrighted
18554,enumeration
18555,honeymoon
18556,lens
18557,propaganda
18558,bouquets
18559,dere
18560,kaksi
18561,duchy
18562,inmate
18563,kurz
18564,melts
18565,brandenburg
18566,abbess
18567,adhering
18568,congregations
18569,elicited
18570,nieuwe
18571,poplar
18572,ripples
18573,vasta
18574,ven
18575,brazilian
18576,davie
18577,lawson
18578,carbonate
18579,fleuve
18580,hora
18581,participle
18582,quels
18583,regretting
18584,sadder
18585,anche
18586,recognising
18587,recommends
18588,sou
18589,captors
18590,effigy
18591,egli
18592,glaubte
18593,heeding
18594,liegen
18595,astute
18596,bigotry
18597,despising
18598,gatherings
18599,heisst
18600,lieut
18601,demure
18602,fitter
18603,tels
18604,transplanted
18605,chartres
18606,coastline
18607,faubourg
18608,comprit
18609,investments
18610,sloped
18611,emil
18612,gresham
18613,phr
18614,bane
18615,bards
18616,coroner
18617,discernible
18618,emissaries
18619,adriatic
18620,riley
18621,henceforward
18622,tiens
18623,condemns
18624,lank
18625,moths
18626,rectitude
18627,buiten
18628,coupable
18629,imperturbable
18630,mantua
18631,arrears
18632,esa
18633,latitudes
18634,omnes
18635,quem
18636,intellectually
18637,tanta
18638,varnish
18639,antarctic
18640,chisel
18641,intersected
18642,newest
18643,ora
18644,proportional
18645,subsisted
18646,wooed
18647,claudia
18648,impact
18649,condescending
18650,propagated
18651,sledges
18652,watchers
18653,wereld
18654,penn
18655,capabilities
18656,daunted
18657,mea
18658,wal
18659,allegorical
18660,eulogy
18661,flogged
18662,jade
18663,levant
18664,originals
18665,reviewing
18666,shouldered
18667,brent
18668,castilian
18669,humain
18670,pop
18671,sedition
18672,corpus
18673,greenland
18674,prisonnier
18675,rasch
18676,sled
18677,jaded
18678,pictorial
18679,irritate
18680,leopard
18681,pervades
18682,ro
18683,tugging
18684,undermined
18685,clustering
18686,lecturing
18687,loudest
18688,gossiping
18689,inventing
18690,revert
18691,chieftains
18692,digested
18693,dominating
18694,erred
18695,frigid
18696,deductions
18697,elevating
18698,formations
18699,turret
18700,unsern
18701,yawn
18702,insertion
18703,prehistoric
18704,ibn
18705,jot
18706,unexampled
18707,damask
18708,surveillance
18709,coupeau
18710,unpaved
18711,zeigen
18712,aragon
18713,bragg
18714,balustrade
18715,buffaloes
18716,bullock
18717,compares
18718,guido
18719,clef
18720,disc
18721,gondola
18722,reappear
18723,religiously
18724,thinned
18725,unfeeling
18726,jesu
18727,casualties
18728,chestnuts
18729,enviable
18730,sanity
18731,huron
18732,diffidence
18733,dishonesty
18734,geology
18735,misgiving
18736,nuptial
18737,bedeutung
18738,leila
18739,vedas
18740,revolve
18741,sacrilege
18742,deborah
18743,toulon
18744,charmante
18745,diving
18746,olin
18747,parisians
18748,deeps
18749,hesitatingly
18750,loco
18751,numerical
18752,unprincipled
18753,kong
18754,rhone
18755,apologetic
18756,dure
18757,levies
18758,obscene
18759,sowed
18760,tienen
18761,toad
18762,brimming
18763,saucer
18764,manning
18765,frapper
18766,baden
18767,absolution
18768,cub
18769,firs
18770,nomme
18771,crevices
18772,perdition
18773,slunk
18774,cowley
18775,knuckles
18776,symmetrical
18777,ungodly
18778,xxx
18779,adults
18780,caractere
18781,gav
18782,lumiere
18783,tricked
18784,kenton
18785,authenticity
18786,befitting
18787,byte
18788,ennemi
18789,ostentatious
18790,goth
18791,hopped
18792,bradshaw
18793,cans
18794,dears
18795,coating
18796,fortification
18797,guter
18798,hield
18799,midden
18800,elliott
18801,granger
18802,pendyce
18803,lobster
18804,navire
18805,expire
18806,smeared
18807,aimless
18808,listlessly
18809,realisation
18810,trug
18811,violating
18812,zweiten
18813,langsam
18814,marchait
18815,pearly
18816,profusely
18817,schlug
18818,twined
18819,ethiopia
18820,falkland
18821,feuer
18822,calcareous
18823,daer
18824,equator
18825,sauvage
18826,snarling
18827,federation
18828,keller
18829,lupin
18830,pandavas
18831,walsingham
18832,cherokee
18833,lennox
18834,bulb
18835,headland
18836,illicit
18837,paru
18838,retarded
18839,consonant
18840,metrical
18841,propensities
18842,vantage
18843,beverley
18844,chelsea
18845,vaughan
18846,delusions
18847,pendulum
18848,upland
18849,channing
18850,unspoken
18851,winced
18852,gripping
18853,ouvrir
18854,releasing
18855,undisputed
18856,wilmington
18857,alto
18858,spilled
18859,lutheran
18860,adduced
18861,blackguard
18862,doorstep
18863,gratuitous
18864,zealously
18865,burgess
18866,ian
18867,exhaustive
18868,grouse
18869,jingling
18870,philosophie
18871,unemployment
18872,memoir
18873,decreased
18874,gaat
18875,nobleness
18876,hagen
18877,londres
18878,crises
18879,moeurs
18880,rencontrer
18881,valerie
18882,antagonistic
18883,bereaved
18884,cabman
18885,abe
18886,jamie
18887,venezuela
18888,outstanding
18889,plums
18890,solutions
18891,unwearied
18892,aristocrat
18893,civilians
18894,gusto
18895,harcourt
18896,markham
18897,apostolic
18898,jotakin
18899,veulent
18900,briton
18901,clashing
18902,deviation
18903,unnaturally
18904,weten
18905,affirms
18906,clew
18907,dislikes
18908,kwamen
18909,tener
18910,trompe
18911,bareheaded
18912,gunners
18913,hawks
18914,mercer
18915,nunc
18916,punctually
18917,rickety
18918,imogen
18919,barges
18920,blackest
18921,coined
18922,promptitude
18923,radius
18924,sequins
18925,immeasurably
18926,misguided
18927,telephones
18928,erscheinung
18929,gardiner
18930,basins
18931,bekannt
18932,bruise
18933,einzige
18934,folle
18935,leaven
18936,smother
18937,tacked
18938,doc
18939,franciscan
18940,tourna
18941,unwell
18942,villainy
18943,immutable
18944,sardonic
18945,chile
18946,hadrian
18947,kearney
18948,coronet
18949,households
18950,saada
18951,couplet
18952,couronne
18953,inexperience
18954,storming
18955,airship
18956,commis
18957,compartments
18958,erratic
18959,revulsion
18960,snoring
18961,thirdly
18962,alonzo
18963,impulsively
18964,incarnate
18965,rigour
18966,taxi
18967,stratford
18968,enhance
18969,obstruct
18970,remission
18971,boatman
18972,optimism
18973,squat
18974,cossacks
18975,appreciable
18976,buckets
18977,knack
18978,fiendish
18979,moors
18980,requirement
18981,scowl
18982,jenem
18983,montrant
18984,pensait
18985,perused
18986,shrugging
18987,skipped
18988,utilized
18989,huguenot
18990,ort
18991,coated
18992,cruiser
18993,hurtful
18994,impotence
18995,lachte
18996,plaza
18997,presidency
18998,rescuing
18999,tithes
19000,bedstead
19001,einigen
19002,hed
19003,misleading
19004,sheen
19005,tien
19006,unsre
19007,minnes
19008,classe
19009,dette
19010,hym
19011,substitutes
19012,suchte
19013,usurper
19014,weber
19015,aquellos
19016,homewards
19017,restaurants
19018,terrify
19019,villainous
19020,champaign
19021,havana
19022,lise
19023,baiser
19024,bites
19025,imbibed
19026,biblical
19027,massa
19028,enjoyable
19029,incited
19030,paysans
19031,tonnage
19032,wiry
19033,bianca
19034,modelled
19035,smallness
19036,trigger
19037,vacuum
19038,wantonly
19039,willst
19040,georgiana
19041,approximate
19042,enumerate
19043,flamme
19044,strapped
19045,tuota
19046,woord
19047,consolations
19048,fermentation
19049,massacred
19050,observances
19051,tugged
19052,agonized
19053,tournament
19054,longstreet
19055,ascends
19056,bisher
19057,docks
19058,luc
19059,toulouse
19060,agile
19061,cuatro
19062,alexandre
19063,assyrians
19064,iniquities
19065,plaintiff
19066,plug
19067,talented
19068,exemplified
19069,impute
19070,ita
19071,odours
19072,fatality
19073,garnished
19074,serfs
19075,connie
19076,swithin
19077,milles
19078,bourgeoisie
19079,nitrogen
19080,oasis
19081,ploughing
19082,subtly
19083,torpedo
19084,burnet
19085,alienated
19086,begon
19087,laces
19088,maynard
19089,constellation
19090,loitering
19091,spikes
19092,glacial
19093,limping
19094,warp
19095,barthwick
19096,hillcrist
19097,arsenal
19098,grenadiers
19099,cicely
19100,bribes
19101,cylinders
19102,unrivalled
19103,volition
19104,intervene
19105,circonstance
19106,corde
19107,letzte
19108,turrets
19109,meyer
19110,reise
19111,indisputable
19112,reinforcement
19113,anfang
19114,mendoza
19115,parsons
19116,hautes
19117,onslaught
19118,redeeming
19119,storehouse
19120,ashton
19121,embarrassments
19122,foggy
19123,racket
19124,resistless
19125,surgery
19126,chants
19127,coquette
19128,diner
19129,extraction
19130,happenings
19131,humid
19132,quail
19133,receded
19134,dias
19135,equivocal
19136,wakeful
19137,zuletzt
19138,idealism
19139,rotting
19140,sul
19141,alison
19142,falcon
19143,protruding
19144,strangle
19145,lyrical
19146,verder
19147,combed
19148,daintily
19149,defection
19150,fis
19151,paddles
19152,practitioner
19153,rustled
19154,peking
19155,abstained
19156,chuckling
19157,faudra
19158,pleasantry
19159,joab
19160,lilly
19161,confining
19162,devotional
19163,machinations
19164,goodman
19165,doet
19166,gentlest
19167,intelligently
19168,interim
19169,colourless
19170,fades
19171,luz
19172,tapers
19173,res
19174,tottered
19175,wrapt
19176,gruff
19177,scrambles
19178,tourner
19179,undergrowth
19180,vestments
19181,weeps
19182,bellows
19183,concise
19184,feathery
19185,insinuate
19186,lightnings
19187,bellowing
19188,dictator
19189,ettae
19190,marat
19191,elective
19192,spasmodic
19193,technically
19194,telephoned
19195,hopefully
19196,whitened
19197,frankreich
19198,reich
19199,dodged
19200,soundings
19201,stares
19202,unconcerned
19203,dana
19204,devising
19205,jackets
19206,lusts
19207,sexton
19208,galloway
19209,newgate
19210,banged
19211,betake
19212,bloomed
19213,bottomless
19214,cognizance
19215,roubles
19216,flit
19217,hus
19218,ould
19219,qualche
19220,dicht
19221,heaviness
19222,squall
19223,vrouwen
19224,rinaldo
19225,nieder
19226,embarrass
19227,immensity
19228,hindus
19229,antidote
19230,pebble
19231,probabilities
19232,griffin
19233,stephens
19234,diplomatist
19235,energetically
19236,explosions
19237,freeing
19238,kneeled
19239,owls
19240,appropriately
19241,omnipotent
19242,rallying
19243,relapse
19244,stagger
19245,suffit
19246,barcelona
19247,bavarian
19248,moliere
19249,accredited
19250,avea
19251,biographical
19252,tish
19253,apace
19254,buena
19255,cropped
19256,digo
19257,facade
19258,nourishing
19259,threaded
19260,buffet
19261,jugement
19262,melkein
19263,rechten
19264,slimy
19265,zeigte
19266,grooms
19267,infused
19268,trump
19269,abbott
19270,bernadotte
19271,darned
19272,innkeeper
19273,samalla
19274,vorstellung
19275,dasselbe
19276,nord
19277,rouges
19278,whan
19279,joues
19280,andreas
19281,carrots
19282,ducal
19283,furnaces
19284,perturbed
19285,trickling
19286,ubi
19287,dais
19288,fretful
19289,shrinks
19290,transferring
19291,froude
19292,dogmatic
19293,raillery
19294,revolved
19295,tribunals
19296,trickled
19297,atrocities
19298,covet
19299,giebt
19300,housing
19301,indecision
19302,lodger
19303,sternness
19304,vinden
19305,gracchus
19306,ammonia
19307,notify
19308,periodicals
19309,straps
19310,antonia
19311,amant
19312,feign
19313,gedacht
19314,gilding
19315,regaining
19316,suoi
19317,tireless
19318,drainage
19319,intuitive
19320,meist
19321,mitigate
19322,rated
19323,secreted
19324,straighten
19325,tributaries
19326,diener
19327,cloisters
19328,valise
19329,fm
19330,wirklichkeit
19331,excitable
19332,lizard
19333,postman
19334,subscriptions
19335,barrington
19336,burney
19337,chastise
19338,dieselbe
19339,undivided
19340,nicaragua
19341,hervor
19342,negotiated
19343,francesca
19344,grettir
19345,endeared
19346,menial
19347,brittle
19348,doigt
19349,shaving
19350,sola
19351,stratum
19352,tallest
19353,ellas
19354,recruited
19355,reservations
19356,shutter
19357,mayenne
19358,choix
19359,flatly
19360,venetia
19361,incorrect
19362,prohibiting
19363,prostitution
19364,vernacular
19365,welk
19366,presbyterians
19367,commentators
19368,suivit
19369,uneducated
19370,viands
19371,elsa
19372,mormons
19373,ajar
19374,consulship
19375,evasion
19376,hugging
19377,confirming
19378,equanimity
19379,fleece
19380,iba
19381,inordinate
19382,partridge
19383,physionomie
19384,polishing
19385,vond
19386,literacy
19387,candlestick
19388,glows
19389,paled
19390,congratulating
19391,huntsman
19392,moose
19393,sheaf
19394,grosvenor
19395,delegated
19396,honorary
19397,remarquer
19398,spar
19399,bosinney
19400,antelope
19401,hierarchy
19402,ostrich
19403,speculating
19404,triomphe
19405,zyne
19406,journaux
19407,roemischen
19408,ethnic
19409,blaming
19410,earthy
19411,sward
19412,compunction
19413,obliquely
19414,presuming
19415,birthright
19416,chiefest
19417,exotic
19418,impartiality
19419,renegade
19420,augsburg
19421,parece
19422,prologue
19423,abodes
19424,forebodings
19425,gangway
19426,harem
19427,immaterial
19428,profoundest
19429,grafen
19430,bountiful
19431,decades
19432,lighthouse
19433,embody
19434,feebleness
19435,doria
19436,singapore
19437,decorate
19438,ir
19439,quelles
19440,gefahr
19441,embargo
19442,shrivelled
19443,wyoming
19444,distrusted
19445,furrowed
19446,infectious
19447,pikes
19448,sirs
19449,untoward
19450,wusste
19451,andres
19452,biological
19453,blacker
19454,diffusion
19455,marcel
19456,acknowledges
19457,sollten
19458,coinage
19459,shuster
19460,reinforce
19461,wrest
19462,beispiel
19463,hubbard
19464,mitte
19465,geometry
19466,nash
19467,forecast
19468,induces
19469,misschien
19470,tooke
19471,chiens
19472,meisten
19473,pus
19474,battling
19475,chums
19476,disrespect
19477,greens
19478,tengo
19479,wady
19480,discoverer
19481,idiots
19482,nennen
19483,relationships
19484,sipped
19485,entrust
19486,amiens
19487,levres
19488,lotus
19489,screws
19490,unquestionable
19491,oi
19492,characterize
19493,foil
19494,precipitation
19495,endowment
19496,transfigured
19497,montfort
19498,cuffs
19499,dodging
19500,gunboats
19501,negation
19502,rupees
19503,victoire
19504,wove
19505,fraeulein
19506,ordnung
19507,accountable
19508,instigation
19509,pastry
19510,pouvons
19511,geheele
19512,molest
19513,peerage
19514,tablespoon
19515,antecedents
19516,faiblesse
19517,foiled
19518,housemaid
19519,mercenaries
19520,terrier
19521,warehouses
19522,cynicism
19523,progeny
19524,staves
19525,toucher
19526,undisguised
19527,gwynplaine
19528,kirby
19529,gnawed
19530,gorges
19531,recitation
19532,siecle
19533,barks
19534,fleete
19535,repression
19536,smartly
19537,sulphuric
19538,ea
19539,gypsy
19540,rarity
19541,uncultivated
19542,blois
19543,colonization
19544,kerchief
19545,portmanteau
19546,potash
19547,presse
19548,urban
19549,adonis
19550,dank
19551,sibyl
19552,aimlessly
19553,ballet
19554,disclosing
19555,entrails
19556,foreseeing
19557,nominative
19558,spiders
19559,warped
19560,woeful
19561,component
19562,concurred
19563,geometrical
19564,grotto
19565,insignificance
19566,inventory
19567,pacified
19568,retreats
19569,toisen
19570,lado
19571,sujets
19572,tires
19573,transverse
19574,tripping
19575,wetherell
19576,josta
19577,septembre
19578,stirrup
19579,tm
19580,warring
19581,derivation
19582,advertise
19583,chewed
19584,misconduct
19585,slayer
19586,unmittelbar
19587,sumter
19588,exhortations
19589,nephews
19590,teils
19591,drawback
19592,odium
19593,orthodoxy
19594,platter
19595,thrush
19596,wading
19597,devenue
19598,threescore
19599,worships
19600,imf
19601,papists
19602,brutally
19603,transporting
19604,entrances
19605,rascally
19606,semaine
19607,deathless
19608,facetious
19609,primer
19610,royaume
19611,splendors
19612,unconnected
19613,heaping
19614,kaiken
19615,raconter
19616,saloons
19617,slaveholders
19618,purge
19619,devastation
19620,doses
19621,shortcomings
19622,dozing
19623,inclining
19624,thatch
19625,wezen
19626,sabine
19627,suppers
19628,isabelle
19629,nephi
19630,thurber
19631,voyages
19632,chronicler
19633,conductors
19634,libro
19635,peck
19636,eure
19637,barefoot
19638,convened
19639,dirait
19640,untried
19641,comics
19642,disapprove
19643,stammering
19644,metternich
19645,hypocrites
19646,partit
19647,slyly
19648,autobiography
19649,jointly
19650,overthrew
19651,precedents
19652,vigil
19653,entendait
19654,rig
19655,gifford
19656,hades
19657,brushwood
19658,porridge
19659,tilt
19660,algiers
19661,dazzle
19662,peacock
19663,gewiss
19664,journalists
19665,ouvriers
19666,bunker
19667,uhr
19668,anderer
19669,gnarled
19670,reaping
19671,thump
19672,vergessen
19673,physiol
19674,buyer
19675,cosy
19676,dots
19677,effrontery
19678,chichester
19679,ryder
19680,alleging
19681,cp
19682,disent
19683,grab
19684,gushed
19685,leafless
19686,mony
19687,poop
19688,sembla
19689,vividness
19690,countryside
19691,dismissing
19692,zegt
19693,glueck
19694,dominate
19695,drab
19696,durant
19697,snarl
19698,warrington
19699,exhilarating
19700,intemperance
19701,coeurs
19702,nothingness
19703,perplexities
19704,puerta
19705,truthfulness
19706,untidy
19707,defying
19708,emptying
19709,harbours
19710,purification
19711,barbary
19712,chime
19713,propagation
19714,stocked
19715,orestes
19716,imparting
19717,talons
19718,brocade
19719,maladies
19720,drusus
19721,robed
19722,studiously
19723,whitman
19724,endowments
19725,missiles
19726,pacify
19727,poplars
19728,unsuitable
19729,wavy
19730,aurez
19731,ceremonious
19732,desto
19733,diadem
19734,grazed
19735,confusing
19736,sobs
19737,aram
19738,incipient
19739,sleet
19740,agrippa
19741,ascendancy
19742,distemper
19743,infrequently
19744,lashing
19745,magistracy
19746,monarchical
19747,nectar
19748,thumbs
19749,unfaithful
19750,cuban
19751,interruptions
19752,rarer
19753,tranquillement
19754,ish
19755,batavia
19756,marcellus
19757,haf
19758,intellects
19759,mutinous
19760,sever
19761,volontiers
19762,stuffing
19763,wolle
19764,fabian
19765,heidelberg
19766,theologian
19767,gaelic
19768,commitments
19769,foyer
19770,hansom
19771,obsequious
19772,shaky
19773,digestive
19774,fayette
19775,eigene
19776,rosemary
19777,cages
19778,supplementary
19779,vanha
19780,worthily
19781,bajo
19782,beter
19783,compromising
19784,repulsion
19785,ringlets
19786,cabinets
19787,conclusively
19788,extraordinaire
19789,grieving
19790,indisposed
19791,sag
19792,tor
19793,princeton
19794,bestows
19795,evince
19796,proclaims
19797,sehe
19798,matthews
19799,gossips
19800,sterner
19801,massacres
19802,sacked
19803,bouillon
19804,tapering
19805,tarde
19806,vnder
19807,barlow
19808,muslim
19809,fours
19810,implement
19811,physiology
19812,specialized
19813,vagabonds
19814,baal
19815,claw
19816,habian
19817,impeachment
19818,purses
19819,declines
19820,grocery
19821,wanderers
19822,sidonia
19823,challenging
19824,obeisance
19825,refute
19826,builded
19827,tuscan
19828,xxxi
19829,conserve
19830,implanted
19831,piston
19832,poore
19833,undertakes
19834,reconnut
19835,transpired
19836,bona
19837,disagree
19838,discharges
19839,extort
19840,naissance
19841,omnia
19842,bazaar
19843,haughtiness
19844,holders
19845,meditation
19846,repentant
19847,abdomen
19848,actes
19849,sal
19850,denver
19851,basely
19852,inhospitable
19853,jarred
19854,lumbering
19855,rejoindre
19856,dopo
19857,durchaus
19858,grieves
19859,sweetmeats
19860,travailler
19861,gower
19862,xavier
19863,hubbub
19864,lottery
19865,quidem
19866,vultures
19867,carlton
19868,ninth
19869,ostend
19870,hauing
19871,plighted
19872,waterfall
19873,affirmation
19874,antiquarian
19875,hic
19876,rounding
19877,sauvages
19878,thumping
19879,wrapper
19880,chesterfield
19881,victorian
19882,genau
19883,larges
19884,cosmic
19885,fronting
19886,hearer
19887,blanches
19888,falsehoods
19889,alexis
19890,ley
19891,prejudicial
19892,ridiculously
19893,claus
19894,continuait
19895,frauds
19896,grandly
19897,interpretations
19898,accommodations
19899,biens
19900,kohta
19901,peerless
19902,tropic
19903,gutindex
19904,gemaakt
19905,hammers
19906,nuits
19907,braid
19908,feuds
19909,gangs
19910,wagging
19911,schritt
19912,cleverest
19913,criterion
19914,descendit
19915,exasperation
19916,habitable
19917,ilman
19918,mesures
19919,villefort
19920,flaring
19921,scriptural
19922,elapse
19923,fulfillment
19924,leech
19925,reclined
19926,inviolable
19927,neque
19928,trophy
19929,enquiries
19930,xenophon
19931,duquel
19932,irregularly
19933,soak
19934,antaa
19935,popped
19936,premises
19937,prim
19938,wollten
19939,arlington
19940,dictation
19941,limped
19942,microscopic
19943,reid
19944,alli
19945,barbe
19946,charred
19947,comers
19948,personnages
19949,magna
19950,providential
19951,singled
19952,ezekiel
19953,impressively
19954,participated
19955,pills
19956,schoenen
19957,steadied
19958,paleness
19959,pants
19960,remembrances
19961,sobered
19962,cuerpo
19963,disappointing
19964,preferment
19965,unalterable
19966,allure
19967,evacuated
19968,fureur
19969,failings
19970,rending
19971,trimming
19972,dorcas
19973,earle
19974,pierson
19975,inferences
19976,merci
19977,talker
19978,primrose
19979,agonizing
19980,jetant
19981,limitless
19982,muerte
19983,sapphire
19984,sylvan
19985,aqui
19986,perte
19987,tro
19988,unpleasantly
19989,bennet
19990,jugend
19991,montmorency
19992,excusable
19993,flooding
19994,reflex
19995,stools
19996,babel
19997,twelfth
19998,interred
19999,locket
20000,lucht
20001,warburton
20002,charters
20003,manliness
20004,sedate
20005,taciturn
20006,tenia
20007,vorher
20008,willard
20009,assiduously
20010,encroachments
20011,fineness
20012,patents
20013,seuil
20014,tarnished
20015,tragen
20016,woolly
20017,intelsat
20018,degli
20019,fevers
20020,koennte
20021,tenu
20022,lindau
20023,perceptibly
20024,whomsoever
20025,bedrooms
20026,laesst
20027,dial
20028,hares
20029,hearted
20030,nowise
20031,selv
20032,thun
20033,undefined
20034,verschiedenen
20035,vilde
20036,diversions
20037,riots
20038,thereafter
20039,businesses
20040,gjort
20041,sideboard
20042,squeezing
20043,cokeson
20044,bringeth
20045,performer
20046,belgians
20047,bolingbroke
20048,cedric
20049,piper
20050,mysticism
20051,thrills
20052,zeigt
20053,tibet
20054,chemise
20055,feasible
20056,laziness
20057,stor
20058,fevered
20059,jarring
20060,kicks
20061,comprise
20062,fabrics
20063,fossils
20064,lemons
20065,scan
20066,alaric
20067,goa
20068,quibus
20069,valets
20070,pantagruel
20071,rheims
20072,experiencing
20073,synagogue
20074,denominated
20075,jadis
20076,lattice
20077,plagues
20078,seedlings
20079,betting
20080,mulatto
20081,voisin
20082,retirer
20083,scabbard
20084,vert
20085,erkennen
20086,librarian
20087,navigators
20088,ruthlessly
20089,subtile
20090,tid
20091,wickedly
20092,spelt
20093,peat
20094,turkeys
20095,metz
20096,courtesies
20097,idlers
20098,integral
20099,photographic
20100,plaid
20101,voulaient
20102,seemeth
20103,vastness
20104,barefooted
20105,cerca
20106,extolled
20107,fallu
20108,jeweller
20109,journee
20110,soudain
20111,cowper
20112,wilkinson
20113,irregularities
20114,monetary
20115,winner
20116,georgie
20117,besiegers
20118,enfeebled
20119,slipper
20120,souper
20121,vindicated
20122,breaths
20123,doggedly
20124,eclipsed
20125,repris
20126,vowels
20127,godfather
20128,homesick
20129,royalists
20130,bulletin
20131,initiation
20132,promptness
20133,shingle
20134,whistles
20135,affluence
20136,buff
20137,cessing
20138,moralist
20139,pronouns
20140,unkindly
20141,roscoe
20142,explicitly
20143,maakte
20144,manifesting
20145,unsatisfied
20146,untied
20147,fenton
20148,pittsburg
20149,archdeacon
20150,arousing
20151,murky
20152,ointment
20153,deus
20154,heine
20155,hurons
20156,revue
20157,tad
20158,thyrsis
20159,brag
20160,campo
20161,caso
20162,kukaan
20163,skipping
20164,dado
20165,discomfited
20166,herring
20167,inflection
20168,registers
20169,sepulchral
20170,stilled
20171,yli
20172,strabo
20173,quentin
20174,antonius
20175,hong
20176,arteries
20177,awning
20178,erschien
20179,prickly
20180,sallies
20181,scythe
20182,zigzag
20183,ramsay
20184,antagonists
20185,seaside
20186,phelps
20187,amaze
20188,inflated
20189,opportune
20190,inactivity
20191,insinuated
20192,looms
20193,perversion
20194,archipelago
20195,costa
20196,austerity
20197,songer
20198,stype
20199,dillon
20200,epistles
20201,jonah
20202,coarseness
20203,gelijk
20204,strasburg
20205,chuck
20206,coasting
20207,debauchery
20208,fooling
20209,moeglich
20210,shod
20211,telles
20212,balconies
20213,langer
20214,relay
20215,bourgogne
20216,majeste
20217,metellus
20218,besteht
20219,bribery
20220,fiber
20221,glint
20222,secretion
20223,sloth
20224,clifton
20225,abominations
20226,rappeler
20227,reposing
20228,seasoning
20229,embellished
20230,ravenous
20231,testimonies
20232,descartes
20233,musik
20234,patterson
20235,coax
20236,rentra
20237,retaliation
20238,soutenir
20239,belinda
20240,chloride
20241,fenetre
20242,horizontally
20243,motif
20244,nuestros
20245,prostration
20246,schooling
20247,tracked
20248,fleetwood
20249,billiards
20250,dell
20251,masque
20252,scowled
20253,sinulle
20254,lemuel
20255,batch
20256,einzelnen
20257,mammals
20258,sowie
20259,thaw
20260,croesus
20261,pater
20262,ballast
20263,preceptor
20264,trifled
20265,attest
20266,lovelier
20267,pennies
20268,winslow
20269,tableaux
20270,truthfully
20271,voulant
20272,flourishes
20273,avignon
20274,dag
20275,deane
20276,nota
20277,babble
20278,doeth
20279,eliminated
20280,objet
20281,platforms
20282,radically
20283,reasonings
20284,gaius
20285,lampe
20286,plodding
20287,reforming
20288,alec
20289,weldon
20290,herbage
20291,ecclesiastic
20292,liefde
20293,climbs
20294,imbecility
20295,spinal
20296,stunning
20297,hervey
20298,coincide
20299,gloved
20300,medicinal
20301,onde
20302,snorted
20303,speckled
20304,nottingham
20305,infusion
20306,recede
20307,stalking
20308,stealth
20309,italien
20310,bedchamber
20311,dozed
20312,interpreters
20313,malheureuse
20314,currently
20315,guileless
20316,jealously
20317,jerking
20318,progression
20319,sulphate
20320,wasteful
20321,junius
20322,fanatics
20323,gully
20324,maliciously
20325,possessive
20326,seams
20327,boyce
20328,ludlow
20329,stellung
20330,hie
20331,mails
20332,parishioners
20333,rife
20334,usein
20335,doorways
20336,manquait
20337,nahe
20338,partridges
20339,continuer
20340,erudition
20341,horned
20342,preamble
20343,remorseless
20344,sagesse
20345,trow
20346,methought
20347,paysan
20348,appelait
20349,collateral
20350,hende
20351,ordinaire
20352,resend
20353,pshaw
20354,stubbs
20355,disapprobation
20356,emergencies
20357,oiseaux
20358,heterogeneous
20359,mountaineers
20360,ouvrage
20361,soundness
20362,unfathomable
20363,absicht
20364,bermuda
20365,lage
20366,sutton
20367,arming
20368,dungeons
20369,evacuation
20370,sued
20371,whine
20372,caribbean
20373,baleful
20374,cuales
20375,dulled
20376,piti
20377,swerved
20378,ziet
20379,villiers
20380,divination
20381,marginal
20382,roundabout
20383,tenfold
20384,odin
20385,prinz
20386,pining
20387,revels
20388,warrants
20389,auxiliaries
20390,contributor
20391,hir
20392,lukewarm
20393,standeth
20394,sanskrit
20395,barbed
20396,loam
20397,marque
20398,sketching
20399,supplanted
20400,symphony
20401,pompadour
20402,willy
20403,halfe
20404,pleins
20405,grammont
20406,asi
20407,eddies
20408,entgegen
20409,scheming
20410,sibi
20411,tier
20412,consulate
20413,latins
20414,trinidad
20415,fictions
20416,illa
20417,magnify
20418,milky
20419,multiplicity
20420,nimbly
20421,railings
20422,tramps
20423,valiantly
20424,corneille
20425,rinehart
20426,sion
20427,anvil
20428,appeler
20429,fresher
20430,steamship
20431,zult
20432,granny
20433,meinung
20434,noin
20435,sculptures
20436,peruvian
20437,dashes
20438,nationalities
20439,plotted
20440,relevant
20441,takaisin
20442,vieilles
20443,personen
20444,petronius
20445,braided
20446,handmaid
20447,indiscriminately
20448,plumed
20449,reproachfully
20450,shred
20451,marietta
20452,lectured
20453,pent
20454,spokesman
20455,toilsome
20456,wrestled
20457,erat
20458,charmant
20459,forbore
20460,husbandry
20461,seaport
20462,skim
20463,specks
20464,bobbsey
20465,chide
20466,deserters
20467,northwards
20468,armada
20469,filipinas
20470,beetles
20471,contour
20472,execrable
20473,firearms
20474,loyally
20475,perforated
20476,punt
20477,duplicity
20478,comradeship
20479,fuit
20480,incurring
20481,juices
20482,effie
20483,couldst
20484,hillock
20485,moans
20486,quartermaster
20487,deerslayer
20488,leith
20489,branching
20490,copse
20491,drags
20492,inclosure
20493,copenhagen
20494,salutations
20495,suivait
20496,ana
20497,dowager
20498,farre
20499,impair
20500,revenait
20501,borneo
20502,phillip
20503,bivouac
20504,curtly
20505,pinnace
20506,broiled
20507,carpeted
20508,harass
20509,ledges
20510,producer
20511,rejects
20512,surpasses
20513,avalanche
20514,bande
20515,ignominy
20516,konnten
20517,bhishma
20518,griffith
20519,ontario
20520,entail
20521,klar
20522,operative
20523,realising
20524,seller
20525,transacted
20526,uncomfortably
20527,fenwick
20528,yates
20529,betrayal
20530,conseils
20531,montait
20532,revenu
20533,psyche
20534,igen
20535,intriguing
20536,niver
20537,plainest
20538,professeur
20539,erik
20540,devez
20541,expounded
20542,mythological
20543,bergen
20544,carnival
20545,disguises
20546,domesticated
20547,precocious
20548,supplications
20549,auxquels
20550,displeasing
20551,lagen
20552,stigma
20553,bedingungen
20554,eltern
20555,assailant
20556,consternation
20557,denominations
20558,gong
20559,interpreting
20560,ombre
20561,seditious
20562,twa
20563,gonzalo
20564,jonge
20565,thrusts
20566,edmond
20567,florent
20568,auditor
20569,goaded
20570,romulus
20571,theodora
20572,perfections
20573,thrale
20574,guillotine
20575,kernel
20576,watts
20577,conceals
20578,discard
20579,originating
20580,bump
20581,debased
20582,dismount
20583,erroneously
20584,grit
20585,pliant
20586,gardening
20587,lettuce
20588,menu
20589,kim
20590,prerogatives
20591,vistas
20592,merritt
20593,exuberance
20594,influx
20595,pry
20596,slovenly
20597,affright
20598,eyesight
20599,trou
20600,alicia
20601,erscheinungen
20602,jericho
20603,blasphemous
20604,dung
20605,inclines
20606,persevered
20607,ripton
20608,afeard
20609,edifying
20610,istui
20611,tusks
20612,ephesus
20613,aquatic
20614,bedside
20615,envelopes
20616,harassing
20617,tenn
20618,uprising
20619,gawain
20620,amacr
20621,hamper
20622,impregnated
20623,jaren
20624,unconstitutional
20625,kingsley
20626,cheapest
20627,gekomen
20628,swifter
20629,warden
20630,woodwork
20631,cartwright
20632,hum
20633,deliciously
20634,nuptials
20635,purged
20636,ravished
20637,unemployed
20638,alta
20639,attainable
20640,functionaries
20641,pitifully
20642,predatory
20643,uv
20644,varit
20645,etat
20646,guesses
20647,kannst
20648,squandered
20649,shrewsbury
20650,pickle
20651,priam
20652,officious
20653,primo
20654,repealed
20655,transcendental
20656,lucifer
20657,nestor
20658,piedmont
20659,harvests
20660,insignia
20661,squatting
20662,tigris
20663,cowed
20664,suffocating
20665,guiana
20666,bal
20667,despises
20668,epigrams
20669,frocks
20670,nestling
20671,undeveloped
20672,coniston
20673,wallenstein
20674,commits
20675,towed
20676,treten
20677,domestiques
20678,fatherland
20679,postscript
20680,falstaff
20681,blossomed
20682,proclamations
20683,sheaves
20684,avery
20685,parr
20686,axiom
20687,exchanges
20688,justifying
20689,stench
20690,hovel
20691,voyons
20692,hopper
20693,appreciating
20694,empirical
20695,headstrong
20696,stripping
20697,waring
20698,barbarity
20699,pousser
20700,stubble
20701,culpable
20702,pert
20703,thirds
20704,virile
20705,brice
20706,cones
20707,dura
20708,lassitude
20709,quarrelsome
20710,hedwig
20711,pardons
20712,vanishes
20713,netherlanders
20714,destitution
20715,figurative
20716,kunna
20717,leise
20718,strawberry
20719,dorset
20720,facilement
20721,impetuously
20722,shortness
20723,stringent
20724,hobby
20725,billie
20726,ravenna
20727,froide
20728,minut
20729,crisco
20730,poole
20731,boils
20732,bringt
20733,burgesses
20734,cartridge
20735,contrition
20736,forethought
20737,honorably
20738,indiscriminate
20739,invalids
20740,solches
20741,sortait
20742,fowler
20743,jacobin
20744,osborn
20745,perseus
20746,equestrian
20747,hogarth
20748,couvent
20749,disais
20750,genoeg
20751,moustaches
20752,satte
20753,spitting
20754,fingering
20755,valves
20756,emmy
20757,crabs
20758,inconsiderate
20759,zulk
20760,colombia
20761,merle
20762,schicksal
20763,intolerance
20764,manifests
20765,thrashing
20766,tibi
20767,warns
20768,zat
20769,bartlett
20770,unshaken
20771,adeline
20772,inauguration
20773,straying
20774,baffle
20775,foure
20776,irrevocable
20777,moderne
20778,obliges
20779,overnight
20780,tis
20781,aches
20782,devoirs
20783,hellish
20784,jubilant
20785,posterior
20786,yearn
20787,cathedrals
20788,externally
20789,languish
20790,sahen
20791,turbid
20792,democrat
20793,doktor
20794,uilenspiegel
20795,ailes
20796,consecrate
20797,currants
20798,filtered
20799,persuasions
20800,soluble
20801,unhesitatingly
20802,unpublished
20803,lorry
20804,lovel
20805,rosecrans
20806,socialists
20807,valliere
20808,concentrating
20809,dissimilar
20810,elongated
20811,memoranda
20812,quia
20813,savagery
20814,tas
20815,elisha
20816,rabelais
20817,ferris
20818,nugent
20819,wein
20820,avaricious
20821,daraus
20822,ahab
20823,knapsack
20824,shal
20825,structural
20826,geraldine
20827,annees
20828,beholds
20829,bliver
20830,lueur
20831,sabe
20832,slant
20833,gentile
20834,jurgen
20835,acceded
20836,chip
20837,dearth
20838,furieux
20839,meter
20840,minutest
20841,phone
20842,tages
20843,debarred
20844,smashing
20845,super
20846,roma
20847,drumming
20848,fused
20849,gie
20850,gloss
20851,oversight
20852,semaines
20853,sockets
20854,sunbeam
20855,compassed
20856,minulla
20857,nulla
20858,sticky
20859,peterkin
20860,sab
20861,adept
20862,audibly
20863,proscribed
20864,sportsmen
20865,anschauung
20866,bach
20867,liberate
20868,purifying
20869,stragglers
20870,vele
20871,corey
20872,hobbled
20873,leger
20874,suave
20875,gazes
20876,nemen
20877,noget
20878,perfecting
20879,pregnancy
20880,camors
20881,eli
20882,triscoe
20883,flirtation
20884,resentful
20885,tightening
20886,touche
20887,yew
20888,curtained
20889,pushes
20890,registration
20891,carew
20892,xxxii
20893,circuitous
20894,preponderance
20895,requite
20896,afghanistan
20897,regina
20898,baffling
20899,brawny
20900,delectable
20901,holiest
20902,rayons
20903,scamp
20904,paulina
20905,quincey
20906,algunas
20907,tuck
20908,unreasoning
20909,ottawa
20910,dishonourable
20911,fogs
20912,heats
20913,offenses
20914,wang
20915,assignment
20916,couteau
20917,frightening
20918,guerra
20919,lewd
20920,tanker
20921,rowley
20922,implicated
20923,polity
20924,artisan
20925,elaborated
20926,exempted
20927,tipsy
20928,galling
20929,smoothness
20930,aphrodite
20931,exactions
20932,accommodating
20933,eliminate
20934,skulde
20935,furcht
20936,natasha
20937,shakspere
20938,hardihood
20939,simpleton
20940,manches
20941,oublier
20942,screens
20943,societe
20944,statesmanship
20945,leah
20946,defends
20947,howls
20948,looming
20949,memes
20950,germanic
20951,deceptive
20952,disregarding
20953,rigged
20954,mouldering
20955,scourged
20956,tess
20957,dissension
20958,divinities
20959,obtenir
20960,preposition
20961,resorts
20962,roomy
20963,sanoa
20964,panurge
20965,aristocrats
20966,bladder
20967,claimant
20968,coarser
20969,eurent
20970,frappe
20971,impede
20972,ira
20973,peeled
20974,soie
20975,twelvemonth
20976,madagascar
20977,sophocles
20978,gayest
20979,ihan
20980,lethargy
20981,adjutant
20982,stings
20983,haydn
20984,dainties
20985,guttural
20986,landmarks
20987,schmerz
20988,ee
20989,iemand
20990,jette
20991,mortifying
20992,stipulations
20993,amory
20994,brengen
20995,conte
20996,gushing
20997,masquerade
20998,moitie
20999,shortening
21000,verra
21001,tilly
21002,welch
21003,barring
21004,hospitably
21005,peals
21006,corsica
21007,jumalan
21008,sully
21009,muckle
21010,sinewy
21011,susceptibility
21012,brewing
21013,liveliest
21014,undermine
21015,vet
21016,wicker
21017,verstand
21018,accessories
21019,bandits
21020,brine
21021,obediently
21022,reprove
21023,unwritten
21024,vapors
21025,sappho
21026,cylindrical
21027,estimating
21028,merrill
21029,dedans
21030,doze
21031,jeered
21032,moine
21033,sift
21034,facto
21035,plaited
21036,caesars
21037,bords
21038,firms
21039,worshipful
21040,caravans
21041,comest
21042,natura
21043,autograph
21044,fares
21045,flux
21046,mercifully
21047,petulant
21048,tunsi
21049,carthaginian
21050,transactions
21051,grisly
21052,unspeakably
21053,waxen
21054,douglass
21055,esmond
21056,moll
21057,biographies
21058,bulbs
21059,perversity
21060,setzen
21061,sidelong
21062,unmindful
21063,bliva
21064,circulate
21065,festal
21066,fighters
21067,gratis
21068,guarantees
21069,printers
21070,rampant
21071,sachant
21072,semicircle
21073,voiced
21074,bagdad
21075,barclay
21076,causeway
21077,celerity
21078,coffins
21079,gehalten
21080,knowingly
21081,messe
21082,corinthian
21083,douter
21084,emmeline
21085,jumala
21086,garlic
21087,hilarity
21088,brise
21089,collectors
21090,combines
21091,dur
21092,invocation
21093,plying
21094,pouvant
21095,slapping
21096,vouchsafe
21097,boris
21098,fick
21099,kauan
21100,passeth
21101,semitic
21102,wendell
21103,boatswain
21104,intemperate
21105,raked
21106,scoffed
21107,bestimmtheit
21108,ibsen
21109,artifices
21110,conciliation
21111,trepidation
21112,pollux
21113,aika
21114,concave
21115,degenerated
21116,painstaking
21117,rollers
21118,sharks
21119,crutches
21120,pints
21121,proficiency
21122,sympathetically
21123,abortive
21124,feverishly
21125,mottled
21126,subduing
21127,temerity
21128,undine
21129,wirkung
21130,authorised
21131,foreheads
21132,humeur
21133,impromptu
21134,oot
21135,probity
21136,lillian
21137,redmond
21138,bruises
21139,evangelical
21140,stubbornly
21141,thiers
21142,connaissez
21143,heighten
21144,lyrics
21145,religieux
21146,sparingly
21147,denkt
21148,dennoch
21149,popes
21150,stockade
21151,tortoise
21152,whiff
21153,orsino
21154,sharpest
21155,embankment
21156,nieces
21157,relished
21158,terminates
21159,cy
21160,oro
21161,perjury
21162,upsetting
21163,kipling
21164,sybil
21165,lawsuit
21166,quits
21167,sequestered
21168,subjugation
21169,zijner
21170,beck
21171,saratoga
21172,yeoman
21173,argos
21174,eyre
21175,deeming
21176,devotee
21177,alluvial
21178,poll
21179,beverly
21180,gravitation
21181,habitudes
21182,hoy
21183,indien
21184,lustily
21185,overture
21186,ticking
21187,wagged
21188,aggie
21189,andes
21190,colere
21191,overbearing
21192,detestation
21193,lye
21194,remuneration
21195,suchen
21196,transact
21197,alf
21198,chronological
21199,mailing
21200,sauntering
21201,amateurs
21202,expansive
21203,groove
21204,heller
21205,brandishing
21206,explorations
21207,imposture
21208,selina
21209,dalla
21210,mutineers
21211,tartarin
21212,umbrellas
21213,cleanly
21214,fundamentally
21215,funnel
21216,glides
21217,specialist
21218,draining
21219,embedded
21220,pounced
21221,bryant
21222,bothering
21223,deficit
21224,disparu
21225,flog
21226,indulgences
21227,multiplying
21228,sipping
21229,unwieldy
21230,otis
21231,aboot
21232,ouer
21233,attributing
21234,decrepit
21235,genannt
21236,incorrigible
21237,niches
21238,dionysius
21239,norwich
21240,rudolf
21241,alcove
21242,conformable
21243,custard
21244,einde
21245,worshiped
21246,bde
21247,sanders
21248,chacune
21249,gerne
21250,godolphin
21251,jasmine
21252,manages
21253,pith
21254,authorizing
21255,bete
21256,possessors
21257,frontenac
21258,altercation
21259,avoidance
21260,calumnies
21261,lunched
21262,meters
21263,superintended
21264,leipsic
21265,mohammedans
21266,tyrol
21267,bulging
21268,excommunication
21269,fader
21270,fanning
21271,inflame
21272,mowbray
21273,pertinent
21274,reined
21275,fischer
21276,platonic
21277,alabaster
21278,contriving
21279,elevations
21280,jutting
21281,voyais
21282,ugh
21283,wren
21284,eins
21285,irreconcilable
21286,reconnoitre
21287,sorti
21288,tode
21289,deepen
21290,gradations
21291,aristophanes
21292,medes
21293,aldrich
21294,justinian
21295,amigo
21296,chafing
21297,fissures
21298,girded
21299,pis
21300,erkenntnis
21301,kt
21302,abstruse
21303,conceives
21304,ostensible
21305,pewter
21306,arrests
21307,lassie
21308,manquer
21309,nearby
21310,puzzles
21311,celts
21312,illustrations
21313,leone
21314,lille
21315,zahl
21316,opulence
21317,castro
21318,theobald
21319,aglow
21320,improperly
21321,ingredient
21322,mongol
21323,wald
21324,puppet
21325,scientifically
21326,injun
21327,affreux
21328,haunches
21329,calvert
21330,orde
21331,connoisseur
21332,detaining
21333,heretical
21334,jurisprudence
21335,chaotic
21336,exhort
21337,rond
21338,reggie
21339,braved
21340,importunity
21341,keepe
21342,majestically
21343,paraded
21344,ruine
21345,cyrano
21346,eunice
21347,bale
21348,bellowed
21349,butchers
21350,lieux
21351,meilleure
21352,parity
21353,pedantic
21354,banging
21355,browser
21356,geene
21357,transforming
21358,amanda
21359,fax
21360,disconnected
21361,eau
21362,enthroned
21363,estranged
21364,fuir
21365,installation
21366,roofed
21367,audio
21368,revised
21369,dwarfs
21370,funerals
21371,parlez
21372,seeth
21373,disloyal
21374,pourrais
21375,strew
21376,corinthians
21377,ding
21378,booths
21379,graze
21380,khaki
21381,ungenerous
21382,abram
21383,mansoul
21384,aptly
21385,burgomaster
21386,fresco
21387,ceilings
21388,heere
21389,impiety
21390,otti
21391,surrendering
21392,dimpled
21393,lemonade
21394,alexandra
21395,cam
21396,etant
21397,quoque
21398,nora
21399,bumped
21400,conspire
21401,edes
21402,eo
21403,paralysed
21404,perturbation
21405,seashore
21406,voluble
21407,goose
21408,fetching
21409,mead
21410,pantaloons
21411,parrots
21412,posed
21413,chops
21414,dier
21415,hackers
21416,reproaching
21417,ungracious
21418,voyageur
21419,exploitation
21420,arcadia
21421,bruges
21422,lilian
21423,accessory
21424,altro
21425,recluse
21426,standstill
21427,wearer
21428,mephistopheles
21429,peabody
21430,suomen
21431,willet
21432,williamson
21433,hereabouts
21434,soot
21435,adroitly
21436,disobedient
21437,enigma
21438,peaked
21439,recu
21440,skirmishers
21441,speculated
21442,numa
21443,phoenician
21444,deputed
21445,tithe
21446,angst
21447,educating
21448,fabled
21449,mediocre
21450,outlandish
21451,warily
21452,worin
21453,imposes
21454,rapine
21455,gascon
21456,mellon
21457,covetousness
21458,hight
21459,saffron
21460,terres
21461,competence
21462,creak
21463,flapped
21464,ille
21465,nulle
21466,profitably
21467,retenir
21468,seigneurs
21469,marchioness
21470,zeeland
21471,collects
21472,dower
21473,pousse
21474,senti
21475,thronging
21476,gesprochen
21477,intruding
21478,quell
21479,memoires
21480,achieving
21481,chink
21482,confusedly
21483,superbe
21484,blurted
21485,cemented
21486,emeralds
21487,realizes
21488,seemly
21489,talisman
21490,topped
21491,silesia
21492,desir
21493,milloin
21494,borgia
21495,benignant
21496,gezien
21497,setzt
21498,vied
21499,cowboys
21500,denunciations
21501,rowers
21502,stirrups
21503,unpaid
21504,cupidity
21505,jaune
21506,silences
21507,advises
21508,arrivals
21509,deathly
21510,extermination
21511,supercilious
21512,thenceforward
21513,dasein
21514,botany
21515,buckle
21516,defray
21517,functionary
21518,gezegd
21519,incomes
21520,intrenchments
21521,trapper
21522,lynch
21523,node
21524,xxxiii
21525,ancora
21526,meshes
21527,spout
21528,swampy
21529,sweetened
21530,antithesis
21531,assigns
21532,pores
21533,gomez
21534,gable
21535,obstructions
21536,restrict
21537,shopkeepers
21538,spurned
21539,alexandrian
21540,pythagoras
21541,coherent
21542,lade
21543,operates
21544,charing
21545,acrid
21546,cozen
21547,deservedly
21548,henley
21549,amiability
21550,culminated
21551,encourages
21552,moccasins
21553,couleurs
21554,distractions
21555,emigrated
21556,gehoert
21557,annoyances
21558,prodigy
21559,smallpox
21560,christi
21561,communes
21562,minding
21563,brock
21564,doyle
21565,lavinia
21566,zweck
21567,irritability
21568,mediocrity
21569,reversion
21570,acton
21571,delivers
21572,juries
21573,rares
21574,scoured
21575,affirming
21576,competitive
21577,demonstrative
21578,impartially
21579,imprinted
21580,irrevocably
21581,piped
21582,repondre
21583,sert
21584,wry
21585,delphine
21586,gesetz
21587,standish
21588,frn
21589,hoorde
21590,jotain
21591,leve
21592,passports
21593,principio
21594,rams
21595,refining
21596,skirting
21597,accede
21598,deliverer
21599,fameux
21600,spreken
21601,phileas
21602,brands
21603,workshops
21604,zones
21605,aeneas
21606,mesopotamia
21607,decisively
21608,loitered
21609,pest
21610,gunther
21611,hamlets
21612,hermitage
21613,superintending
21614,themselues
21615,lucian
21616,vendome
21617,banter
21618,liars
21619,eskimo
21620,zukunft
21621,computed
21622,globes
21623,intermission
21624,meanly
21625,schrieb
21626,selten
21627,sympathise
21628,boyle
21629,kampf
21630,album
21631,chartered
21632,consolidation
21633,pli
21634,sniff
21635,anomalous
21636,averred
21637,incomparably
21638,pleurer
21639,revere
21640,wedged
21641,bretagne
21642,pearson
21643,psa
21644,salvador
21645,mares
21646,zweite
21647,diaz
21648,bequeath
21649,enraptured
21650,islets
21651,lenient
21652,nei
21653,outlived
21654,jeffrey
21655,artery
21656,billets
21657,firewood
21658,overseers
21659,retrieve
21660,shack
21661,surnamed
21662,valuation
21663,commandement
21664,connaitre
21665,gamble
21666,ng
21667,omits
21668,vse
21669,alcibiades
21670,collier
21671,dingen
21672,judson
21673,cites
21674,clumsily
21675,culminating
21676,genuineness
21677,tins
21678,bettina
21679,aroma
21680,cosi
21681,luxuriance
21682,narrator
21683,numb
21684,paddling
21685,pate
21686,pinnacles
21687,sleepers
21688,ssom
21689,rotterdam
21690,boilers
21691,censor
21692,handfuls
21693,hurries
21694,scrutinized
21695,tombait
21696,vestry
21697,volcanoes
21698,witte
21699,gymnasium
21700,insurmountable
21701,textiles
21702,adornment
21703,buckskin
21704,congratulation
21705,mesa
21706,purgatory
21707,annabel
21708,espana
21709,palazzo
21710,grizzly
21711,nickel
21712,singulier
21713,ditmar
21714,venner
21715,berwick
21716,ferrara
21717,demeura
21718,hopping
21719,signes
21720,teki
21721,vintage
21722,remy
21723,betrothal
21724,ko
21725,mans
21726,hilfe
21727,townsend
21728,epochs
21729,giorno
21730,locusts
21731,tag
21732,bloodthirsty
21733,gums
21734,internally
21735,nurtured
21736,elbe
21737,wissenschaft
21738,lax
21739,unkindness
21740,virtual
21741,auparavant
21742,bonfire
21743,chform
21744,computerized
21745,heerd
21746,historically
21747,insurgent
21748,probation
21749,argus
21750,trevelyan
21751,glimmered
21752,parallels
21753,pined
21754,seduce
21755,usury
21756,voeten
21757,lavishly
21758,nuo
21759,rigorously
21760,trappers
21761,exodus
21762,alleviate
21763,jackal
21764,slowed
21765,stipulation
21766,dum
21767,earls
21768,swathed
21769,sympathizing
21770,wharves
21771,yksin
21772,lippen
21773,venise
21774,characterizes
21775,creamy
21776,culte
21777,sacraments
21778,shrunken
21779,tuolla
21780,parthian
21781,competitor
21782,ejected
21783,gauntlet
21784,nobis
21785,spill
21786,cruising
21787,drafted
21788,flots
21789,jets
21790,proie
21791,amuses
21792,handiwork
21793,lurch
21794,lurk
21795,adolf
21796,aen
21797,miehen
21798,prends
21799,thaddeus
21800,cod
21801,compression
21802,dispersion
21803,hiring
21804,koning
21805,laut
21806,musk
21807,reveries
21808,arden
21809,montcalm
21810,rolf
21811,zweifel
21812,discontinued
21813,narrowing
21814,pardonable
21815,rupesi
21816,sectional
21817,emilie
21818,carne
21819,civilities
21820,filing
21821,finesse
21822,hallway
21823,insuperable
21824,intet
21825,repetitions
21826,terribles
21827,volonte
21828,greeley
21829,huh
21830,susanna
21831,arte
21832,moderns
21833,quon
21834,tailors
21835,unendurable
21836,hawaiian
21837,constructions
21838,fealty
21839,indebtedness
21840,mt
21841,formless
21842,pare
21843,wreak
21844,clavering
21845,automobiles
21846,earthenware
21847,evaporation
21848,mathematician
21849,amenable
21850,fatherless
21851,missive
21852,perishable
21853,plaything
21854,plunges
21855,predilection
21856,shuffle
21857,thim
21858,withholding
21859,romish
21860,balsam
21861,frappa
21862,heroines
21863,kennel
21864,kettles
21865,sofort
21866,volle
21867,festivity
21868,fleecy
21869,mayhap
21870,notwendig
21871,orbs
21872,outspoken
21873,dimness
21874,foretell
21875,sniffing
21876,frowns
21877,oppressors
21878,saisir
21879,symbolical
21880,thesis
21881,ziehen
21882,gegend
21883,lew
21884,schatten
21885,banana
21886,lengthening
21887,rapports
21888,slime
21889,solving
21890,tongs
21891,enid
21892,commemorate
21893,freundlich
21894,guere
21895,heinous
21896,inundation
21897,minuit
21898,oeuvres
21899,rectangular
21900,satt
21901,ulos
21902,vales
21903,alexandrovitch
21904,spence
21905,ague
21906,ehe
21907,pars
21908,similitude
21909,gretchen
21910,insinuations
21911,islet
21912,unruffled
21913,ashley
21914,benton
21915,cic
21916,munster
21917,dexterously
21918,eer
21919,maner
21920,rehearsed
21921,unterschied
21922,abolitionists
21923,arbiter
21924,drawbridge
21925,mavick
21926,archaic
21927,blundered
21928,dunno
21929,eccentricities
21930,reverential
21931,stuffy
21932,tomato
21933,zoon
21934,apprendre
21935,camarade
21936,easel
21937,ecrit
21938,fisheries
21939,precipitately
21940,querulous
21941,gwendolen
21942,cal
21943,contemporaries
21944,stamens
21945,unchanging
21946,vagues
21947,vooral
21948,juvenal
21949,pyrrhus
21950,fallow
21951,intolerant
21952,nooks
21953,offset
21954,taverns
21955,dict
21956,glenn
21957,hosea
21958,optical
21959,savants
21960,whar
21961,deptford
21962,kurt
21963,anciently
21964,busts
21965,cinders
21966,emboldened
21967,enact
21968,fetes
21969,suffices
21970,toutefois
21971,agitating
21972,bargains
21973,chaud
21974,cherchant
21975,diluted
21976,redoubtable
21977,bondage
21978,inborn
21979,mosquito
21980,transmitting
21981,assigning
21982,enkele
21983,guild
21984,len
21985,sapiens
21986,succes
21987,thicken
21988,vulture
21989,blankly
21990,devious
21991,divest
21992,establishes
21993,imitative
21994,licentiousness
21995,prouver
21996,sass
21997,sized
21998,kenyon
21999,agitate
22000,allege
22001,apparence
22002,associating
22003,mukaan
22004,prononcer
22005,xerxes
22006,bateau
22007,fuse
22008,noodig
22009,principality
22010,zon
22011,carriers
22012,laundry
22013,shielded
22014,treacherously
22015,weaver
22016,caspian
22017,enoch
22018,spiel
22019,boot
22020,drip
22021,gurgling
22022,insoluble
22023,nouvel
22024,oiled
22025,tincture
22026,vaisampayana
22027,corroborated
22028,cud
22029,deutlich
22030,gesticulating
22031,petitioned
22032,deur
22033,dictum
22034,houden
22035,postmaster
22036,solidly
22037,suffocated
22038,yu
22039,verbindung
22040,alcoholic
22041,booksellers
22042,disturbs
22043,moulding
22044,belfast
22045,milray
22046,misplaced
22047,persists
22048,worshipper
22049,natal
22050,approves
22051,bo
22052,schism
22053,schoene
22054,roche
22055,baser
22056,countrey
22057,outpost
22058,accustom
22059,instigated
22060,poder
22061,quota
22062,councillor
22063,kay
22064,livingston
22065,drilling
22066,parasites
22067,despoiled
22068,inglorious
22069,responses
22070,undoing
22071,actresses
22072,marcha
22073,padded
22074,pill
22075,rave
22076,finir
22077,frescoes
22078,motherhood
22079,howbeit
22080,schuyler
22081,dryness
22082,hickory
22083,mosses
22084,reduces
22085,resound
22086,shallows
22087,colville
22088,glenarvan
22089,brooch
22090,captivating
22091,changement
22092,chopping
22093,concepts
22094,electrified
22095,recherche
22096,obdurate
22097,robberies
22098,tenements
22099,unremitting
22100,visiter
22101,selma
22102,telemachus
22103,faintness
22104,nadie
22105,scribbled
22106,za
22107,bret
22108,pinions
22109,plantes
22110,royalist
22111,ailleurs
22112,drame
22113,larks
22114,prompts
22115,refinements
22116,dienen
22117,idolatrous
22118,informant
22119,luxe
22120,downy
22121,manipulation
22122,pacification
22123,iohn
22124,isthmus
22125,betokened
22126,falter
22127,gulls
22128,reconciling
22129,gunnar
22130,sr
22131,arbor
22132,babbling
22133,branched
22134,extinct
22135,glades
22136,inkling
22137,scalps
22138,ceres
22139,tugend
22140,waller
22141,ailing
22142,ironically
22143,remotely
22144,blaise
22145,lande
22146,wyatt
22147,cordon
22148,fringes
22149,homogeneous
22150,idiom
22151,rubens
22152,depict
22153,explode
22154,frustrate
22155,pillaged
22156,acquirements
22157,antechamber
22158,crackers
22159,crucial
22160,lovell
22161,botanical
22162,distended
22163,hob
22164,insufferable
22165,supersede
22166,adhesion
22167,allgemeine
22168,gezicht
22169,ipse
22170,quilt
22171,savoury
22172,sweeten
22173,tutta
22174,heinz
22175,beneficence
22176,dramatists
22177,extracting
22178,tribulation
22179,zie
22180,coffers
22181,outgrown
22182,unkempt
22183,versus
22184,mammy
22185,acquisitions
22186,assise
22187,disconcerting
22188,inroads
22189,stellte
22190,ionian
22191,revengeful
22192,venerated
22193,hazarded
22194,nimmer
22195,quaintly
22196,aufl
22197,charakter
22198,gardeners
22199,intercede
22200,shopkeeper
22201,sowohl
22202,unrolled
22203,philippa
22204,mondo
22205,ny
22206,parody
22207,sorcery
22208,tache
22209,lisbeth
22210,ennenkuin
22211,entice
22212,mirrored
22213,momentum
22214,nominate
22215,quack
22216,sterility
22217,talon
22218,mignon
22219,donnent
22220,ensin
22221,papyrus
22222,veuve
22223,vriend
22224,dalrymple
22225,candlesticks
22226,crazed
22227,ungainly
22228,vagaries
22229,vesuvius
22230,defining
22231,discriminate
22232,dismantled
22233,flea
22234,geloof
22235,davenant
22236,marchant
22237,unsupported
22238,avidity
22239,constitutionally
22240,hinauf
22241,sodom
22242,baseball
22243,conjugial
22244,crochet
22245,hops
22246,intonation
22247,sculptors
22248,tehnyt
22249,tum
22250,ziemlich
22251,impervious
22252,stimulant
22253,abolishing
22254,crumble
22255,duels
22256,hendes
22257,mie
22258,spectres
22259,carrington
22260,lucrezia
22261,declivity
22262,patter
22263,puso
22264,ranch
22265,ulterior
22266,untroubled
22267,bancroft
22268,banc
22269,broached
22270,imprint
22271,politiques
22272,protruded
22273,sodium
22274,speaketh
22275,minna
22276,marbre
22277,mettant
22278,crape
22279,hearkened
22280,reproche
22281,undiscovered
22282,vestiges
22283,whisked
22284,baghdad
22285,aint
22286,gat
22287,octobre
22288,waver
22289,geographic
22290,hoops
22291,hustled
22292,mirent
22293,stoned
22294,whitish
22295,crains
22296,paling
22297,unction
22298,macleod
22299,petrarch
22300,mebbe
22301,missus
22302,tighter
22303,unbridled
22304,vai
22305,fabius
22306,edible
22307,groundless
22308,pausanias
22309,kuului
22310,primero
22311,versa
22312,geboren
22313,kuten
22314,cavendish
22315,interesse
22316,leon
22317,vancouver
22318,abdication
22319,applicant
22320,chanter
22321,dispensing
22322,kangaroo
22323,rochers
22324,subaltern
22325,thurston
22326,aviez
22327,freckled
22328,soothingly
22329,valentin
22330,eyelashes
22331,presidents
22332,wijze
22333,libres
22334,intermingled
22335,manpower
22336,ostentatiously
22337,plait
22338,tausend
22339,bigot
22340,historia
22341,nineveh
22342,bemerkte
22343,cascade
22344,cxi
22345,devotees
22346,praetor
22347,ravishing
22348,gilberte
22349,ursus
22350,constellations
22351,dergleichen
22352,drafts
22353,minstrels
22354,roundly
22355,volta
22356,schmidt
22357,stockholm
22358,elation
22359,ferner
22360,gallants
22361,generic
22362,rippled
22363,russet
22364,tinkle
22365,drona
22366,paddy
22367,clinched
22368,commoner
22369,digression
22370,endures
22371,inculcated
22372,inefficient
22373,smyrna
22374,yule
22375,furtherance
22376,squaws
22377,washes
22378,burdensome
22379,erscheint
22380,hinting
22381,torpor
22382,detour
22383,piracy
22384,sealing
22385,steers
22386,unluckily
22387,satisfies
22388,spaniel
22389,trumbull
22390,assets
22391,bonfires
22392,drains
22393,gefallen
22394,ahmed
22395,gibbs
22396,skr
22397,gewissen
22398,rapacious
22399,skimming
22400,broadest
22401,greased
22402,headway
22403,militant
22404,ogsaa
22405,effingham
22406,hamish
22407,pablo
22408,astronomers
22409,fracture
22410,indigestion
22411,sacrilegious
22412,toile
22413,crutch
22414,exportation
22415,terme
22416,transfixed
22417,katharina
22418,wunsch
22419,hardening
22420,inclusive
22421,papiers
22422,peruse
22423,upraised
22424,grail
22425,jameson
22426,juicy
22427,prouder
22428,sud
22429,unchangeable
22430,anblick
22431,cinco
22432,credence
22433,cultural
22434,disquiet
22435,innovations
22436,intentional
22437,voort
22438,inca
22439,sedley
22440,handwriting
22441,leprosy
22442,navigator
22443,pretences
22444,radiating
22445,rerum
22446,cordova
22447,pemberton
22448,cobwebs
22449,pastors
22450,tombstone
22451,zijt
22452,munro
22453,attorneys
22454,edification
22455,diffident
22456,thrashed
22457,macmillan
22458,cabbages
22459,disarm
22460,neu
22461,cobbler
22462,rejoicings
22463,samma
22464,aldous
22465,schuld
22466,amnesty
22467,manifesto
22468,measles
22469,moodily
22470,remis
22471,vrij
22472,pelham
22473,picturesqueness
22474,nw
22475,avond
22476,delaying
22477,fing
22478,gedanke
22479,communicative
22480,nuages
22481,alloy
22482,blur
22483,disbanded
22484,gedaan
22485,hame
22486,valuables
22487,oursler
22488,provost
22489,rizal
22490,cowering
22491,diminishes
22492,gelegen
22493,scouting
22494,sitte
22495,toronto
22496,ablaze
22497,besiege
22498,delusive
22499,dimanche
22500,investing
22501,janvier
22502,newes
22503,nostra
22504,hearse
22505,personification
22506,rape
22507,stanch
22508,mannes
22509,ophelia
22510,artistically
22511,credentials
22512,gala
22513,lait
22514,onzen
22515,rebuild
22516,scaled
22517,sortant
22518,tio
22519,pre
22520,vincennes
22521,advantageously
22522,chapelle
22523,debtors
22524,interrompit
22525,jalousie
22526,kw
22527,offen
22528,pegs
22529,schoolhouse
22530,worthier
22531,inventors
22532,irreverent
22533,mum
22534,revelry
22535,scoff
22536,xxxiv
22537,deel
22538,nousi
22539,maximus
22540,gables
22541,glued
22542,holdings
22543,prodigiously
22544,believeth
22545,chemins
22546,damaging
22547,harmonize
22548,luxuriously
22549,mclean
22550,detecting
22551,fostering
22552,gist
22553,intruded
22554,marchand
22555,puerile
22556,beare
22557,starb
22558,succumb
22559,votaries
22560,contractor
22561,fuite
22562,gelatine
22563,kapitein
22564,profiting
22565,sausage
22566,skimmed
22567,brett
22568,hezekiah
22569,rafael
22570,abusive
22571,bobbing
22572,chattels
22573,intents
22574,retract
22575,salesman
22576,familles
22577,notch
22578,quitta
22579,reindeer
22580,reprint
22581,schoen
22582,lacedaemonians
22583,bilateral
22584,characteristically
22585,interviewed
22586,omkring
22587,wandte
22588,aarde
22589,benighted
22590,brunt
22591,ebbing
22592,fonder
22593,invasions
22594,mogelijk
22595,repudiate
22596,sneers
22597,tile
22598,denham
22599,dewey
22600,accuses
22601,gamle
22602,mastering
22603,pobre
22604,responding
22605,whirlpool
22606,abou
22607,bigoted
22608,laity
22609,pedestrian
22610,virkkoi
22611,saracen
22612,woolwich
22613,garrisoned
22614,superlative
22615,thoroughness
22616,unattainable
22617,durgin
22618,scarborough
22619,valerius
22620,exactement
22621,illimitable
22622,jostled
22623,raved
22624,danglars
22625,deputies
22626,mohawk
22627,marshals
22628,reticent
22629,trotz
22630,zooveel
22631,bett
22632,congregational
22633,dishonoured
22634,disuse
22635,exhilaration
22636,sprig
22637,stacks
22638,threefold
22639,treasonable
22640,davidson
22641,jemmy
22642,meuse
22643,napoleonic
22644,attendu
22645,fuego
22646,livrer
22647,perfunctory
22648,skinned
22649,voet
22650,buell
22651,allant
22652,anatomical
22653,perspiring
22654,potassium
22655,pricking
22656,prostitute
22657,warms
22658,bixby
22659,briefe
22660,jehu
22661,twist
22662,perdue
22663,semblables
22664,comstock
22665,corp
22666,rollo
22667,mischance
22668,risky
22669,melons
22670,puesto
22671,ace
22672,assimilated
22673,bi
22674,coverlet
22675,quickest
22676,rhythmical
22677,spines
22678,tiller
22679,unsophisticated
22680,untrained
22681,enormity
22682,loo
22683,wilford
22684,bandit
22685,brigand
22686,commonplaces
22687,remedied
22688,smokes
22689,honore
22690,crockery
22691,culinary
22692,glue
22693,grope
22694,labelled
22695,soaking
22696,hauses
22697,imprecations
22698,meget
22699,overturn
22700,statistical
22701,torpid
22702,ungovernable
22703,bothwell
22704,jingle
22705,persecuting
22706,soixante
22707,soldaten
22708,tv
22709,virginie
22710,comptait
22711,replete
22712,reve
22713,royale
22714,tendrils
22715,underbrush
22716,danny
22717,punchinello
22718,immoderate
22719,incursions
22720,pews
22721,transcribed
22722,ballroom
22723,chastened
22724,distrustful
22725,divergence
22726,longe
22727,looke
22728,reflectively
22729,visages
22730,becket
22731,hobart
22732,befriended
22733,coercion
22734,coquettish
22735,engages
22736,entweder
22737,remonstrate
22738,tentacles
22739,thankfully
22740,wretchedly
22741,ayres
22742,tutt
22743,novembre
22744,receptions
22745,supra
22746,chang
22747,menelaus
22748,sylvester
22749,vielleicht
22750,ailments
22751,bargaining
22752,enthusiasts
22753,mirage
22754,notebook
22755,predominance
22756,revient
22757,sausages
22758,schoon
22759,unanswerable
22760,cecile
22761,mansfield
22762,antics
22763,availability
22764,burrow
22765,chasseurs
22766,wedlock
22767,randall
22768,carbide
22769,dinars
22770,fodder
22771,palpitating
22772,silhouette
22773,thoroughfares
22774,folge
22775,seasonable
22776,adopts
22777,categories
22778,defines
22779,coningsby
22780,creole
22781,dyke
22782,rawdon
22783,ennobled
22784,perpendicularly
22785,ranger
22786,vollkommen
22787,arras
22788,grenville
22789,dirs
22790,gibbie
22791,embodying
22792,meed
22793,propagate
22794,cavour
22795,charioteer
22796,dwelleth
22797,missile
22798,pea
22799,prosecutor
22800,servait
22801,steamboats
22802,wrangling
22803,winton
22804,assiduity
22805,devastating
22806,slog
22807,traverser
22808,chron
22809,paraguay
22810,seien
22811,epicurus
22812,nebuchadnezzar
22813,whipple
22814,executions
22815,indestructible
22816,ottaa
22817,taunts
22818,temperatures
22819,thrall
22820,kedzie
22821,peterborough
22822,woodward
22823,bus
22824,dissipate
22825,obeys
22826,oog
22827,relaxing
22828,subsisting
22829,casimir
22830,adjudged
22831,coldest
22832,factious
22833,fil
22834,slides
22835,alessandro
22836,knaben
22837,helpers
22838,patrimony
22839,plaindre
22840,davenport
22841,dunn
22842,swinburne
22843,tobias
22844,aborigines
22845,adjournment
22846,oatmeal
22847,pleads
22848,reminiscent
22849,velvety
22850,sphinx
22851,disjointed
22852,lowlands
22853,ppw
22854,halte
22855,hangman
22856,inimical
22857,recommenced
22858,towels
22859,hellenes
22860,zola
22861,inserting
22862,ripping
22863,loring
22864,cavities
22865,intimidated
22866,molto
22867,pets
22868,rejoices
22869,straitened
22870,waarop
22871,domini
22872,departs
22873,soldierly
22874,vulnerable
22875,yksi
22876,frieden
22877,horus
22878,milo
22879,clandestine
22880,feigning
22881,meille
22882,prefix
22883,prenez
22884,priestess
22885,survivor
22886,swimmer
22887,halle
22888,conserver
22889,adresse
22890,spherical
22891,tickle
22892,unconditional
22893,zug
22894,balances
22895,colonels
22896,commencer
22897,fixe
22898,interrogation
22899,prodigies
22900,truant
22901,versetzte
22902,diogenes
22903,ellinor
22904,senora
22905,syrians
22906,apparitions
22907,beaute
22908,convalescence
22909,luscious
22910,museums
22911,reputable
22912,vanguard
22913,hals
22914,pferde
22915,adversary
22916,gladdened
22917,motors
22918,arrivant
22919,flotilla
22920,insofern
22921,snugly
22922,strands
22923,admixture
22924,coolies
22925,kleiner
22926,theoretically
22927,unlock
22928,devon
22929,mack
22930,alkali
22931,atteint
22932,bran
22933,elf
22934,invective
22935,mitten
22936,purchasers
22937,ruines
22938,unskilled
22939,creepers
22940,dynasties
22941,harps
22942,nicety
22943,veered
22944,voyagers
22945,beatrix
22946,higgins
22947,jervis
22948,phial
22949,seaweed
22950,psmith
22951,selim
22952,betters
22953,coutume
22954,jewellery
22955,greg
22956,ziel
22957,blandly
22958,deft
22959,examiner
22960,frivolity
22961,gras
22962,invader
22963,jumble
22964,ruefully
22965,unmeaning
22966,burgoyne
22967,bile
22968,ephemeral
22969,gits
22970,souffrance
22971,uden
22972,aggravate
22973,fissure
22974,infantile
22975,directeur
22976,fruition
22977,laughable
22978,smarting
22979,throes
22980,atlantis
22981,awry
22982,bookcase
22983,hew
22984,prouve
22985,strongholds
22986,tidal
22987,beulah
22988,maxime
22989,sheffield
22990,convex
22991,inflammable
22992,kittens
22993,naemlich
22994,playmate
22995,tapis
22996,unmanly
22997,ceaselessly
22998,disaffected
22999,speculators
23000,thickening
23001,poil
23002,villeroy
23003,whittier
23004,buckled
23005,maniac
23006,plainness
23007,reprobate
23008,bedouins
23009,galileo
23010,accelerated
23011,forerunner
23012,prier
23013,yolk
23014,sahara
23015,deferential
23016,denke
23017,disaient
23018,embarking
23019,meanes
23020,benito
23021,neen
23022,basest
23023,fondo
23024,influencing
23025,intangible
23026,jeering
23027,mendicant
23028,platinum
23029,minuteness
23030,salutes
23031,helium
23032,kautta
23033,lidt
23034,parasite
23035,rood
23036,semper
23037,wonderingly
23038,dwight
23039,muir
23040,betide
23041,clasps
23042,colloquy
23043,emissary
23044,expound
23045,quarries
23046,snorting
23047,ogden
23048,turenne
23049,blijven
23050,gloried
23051,inaudible
23052,permissible
23053,pinching
23054,sittings
23055,slumbered
23056,breaches
23057,endow
23058,geb
23059,haphazard
23060,palatable
23061,vat
23062,algeria
23063,athene
23064,delvile
23065,astir
23066,boastful
23067,fairs
23068,growths
23069,songeait
23070,baked
23071,mauritius
23072,scrooge
23073,disbelieve
23074,ewig
23075,godmother
23076,mettle
23077,engel
23078,hanna
23079,sabina
23080,inducements
23081,obligatory
23082,singularity
23083,titled
23084,turnpike
23085,nohant
23086,szene
23087,cannonade
23088,infliction
23089,pivot
23090,reclaimed
23091,sentimentality
23092,bathurst
23093,blumen
23094,peregrine
23095,endearing
23096,inwards
23097,stripe
23098,wired
23099,analyse
23100,dullness
23101,rafts
23102,rigidity
23103,californian
23104,lysander
23105,cotes
23106,exulted
23107,forfeiture
23108,outspread
23109,remarque
23110,skillfully
23111,summarily
23112,trustee
23113,gendarme
23114,materialism
23115,acknowledgments
23116,errant
23117,alonso
23118,alphonse
23119,cobb
23120,deum
23121,quichotte
23122,ancienne
23123,auto
23124,benefactors
23125,dullest
23126,kiinni
23127,locality
23128,nome
23129,plats
23130,sanctify
23131,dunkirk
23132,awakens
23133,bodice
23134,buckles
23135,finality
23136,posthumous
23137,progressing
23138,rempli
23139,sui
23140,pflicht
23141,anno
23142,cadets
23143,pickled
23144,plaint
23145,roller
23146,signally
23147,unobtrusive
23148,chronology
23149,colonne
23150,cornice
23151,declamation
23152,affinities
23153,amassed
23154,konden
23155,observatory
23156,timon
23157,annan
23158,asceticism
23159,sensuality
23160,vivait
23161,dinsmore
23162,anteroom
23163,ausser
23164,clip
23165,heathens
23166,uncontrolled
23167,vernal
23168,fraulein
23169,admiringly
23170,launching
23171,mente
23172,personified
23173,poudre
23174,ronde
23175,stint
23176,babylonia
23177,harald
23178,mystified
23179,rages
23180,unending
23181,elaine
23182,kenny
23183,rodrigo
23184,sadie
23185,deterioration
23186,impediments
23187,leetle
23188,zijde
23189,elspeth
23190,demoiselle
23191,insinuation
23192,lizards
23193,wittenberg
23194,calle
23195,combattre
23196,divin
23197,duped
23198,fibrous
23199,lameness
23200,renouncing
23201,spectacular
23202,tuntui
23203,alba
23204,blaine
23205,hebrides
23206,lannes
23207,catechism
23208,obviate
23209,tristes
23210,vouch
23211,foote
23212,octavius
23213,doughty
23214,frosts
23215,importante
23216,vacated
23217,lewes
23218,pendennis
23219,moechte
23220,reis
23221,vendre
23222,esquimaux
23223,grandees
23224,oppressor
23225,trifles
23226,vuestra
23227,banneker
23228,chatterton
23229,einw
23230,grandet
23231,liisa
23232,neville
23233,footpath
23234,magnifying
23235,quelconque
23236,satellites
23237,worded
23238,daly
23239,darcy
23240,ivanovitch
23241,extravagances
23242,fluids
23243,footstool
23244,markings
23245,skirmishing
23246,undeniably
23247,agassiz
23248,dyck
23249,hiawatha
23250,siam
23251,computation
23252,demurely
23253,flogging
23254,gamblers
23255,graduates
23256,siger
23257,amedee
23258,flirting
23259,poppies
23260,pueblos
23261,defeating
23262,els
23263,inclose
23264,liaison
23265,soliciting
23266,unfastened
23267,whin
23268,geo
23269,ivanovna
23270,lucan
23271,rodriguez
23272,despondent
23273,fluctuations
23274,gender
23275,ieder
23276,joyeux
23277,sangre
23278,aix
23279,doge
23280,ignatius
23281,alighting
23282,armas
23283,cara
23284,conducts
23285,dual
23286,opposes
23287,smiting
23288,donal
23289,hindoos
23290,olympian
23291,reilly
23292,wilberforce
23293,eignen
23294,ism
23295,remitted
23296,brady
23297,montesquieu
23298,werke
23299,annex
23300,crowing
23301,devotes
23302,retention
23303,stato
23304,intimating
23305,laymen
23306,reclaim
23307,ultimo
23308,grimaud
23309,haines
23310,sylvie
23311,dangereux
23312,divining
23313,prototype
23314,vanslyperken
23315,artiste
23316,croyant
23317,frem
23318,hunts
23319,kamer
23320,stil
23321,arkadyevitch
23322,alway
23323,cadavre
23324,infrequent
23325,unperceived
23326,philo
23327,synod
23328,thrace
23329,complicity
23330,entrait
23331,gelaat
23332,inequalities
23333,rambles
23334,urchin
23335,espece
23336,instructors
23337,sommet
23338,surveyor
23339,partei
23340,bacteria
23341,bustled
23342,cavalerie
23343,communicates
23344,devastated
23345,edging
23346,menagerie
23347,subside
23348,convalescent
23349,probe
23350,solicitations
23351,spectrum
23352,aden
23353,lou
23354,polk
23355,xxxv
23356,horny
23357,veda
23358,bathroom
23359,brimstone
23360,deshalb
23361,freedmen
23362,hillsides
23363,inferiors
23364,skating
23365,sportive
23366,wreckage
23367,bethel
23368,leeds
23369,servia
23370,pratique
23371,tombeau
23372,counters
23373,grouping
23374,humorist
23375,tendit
23376,economics
23377,genealogy
23378,incite
23379,phalanx
23380,regretfully
23381,sunburnt
23382,cowperwood
23383,cocoanut
23384,insulated
23385,profanity
23386,canary
23387,fount
23388,strictness
23389,juliana
23390,animating
23391,envoyer
23392,patricians
23393,rib
23394,scuffle
23395,trucks
23396,cass
23397,burgher
23398,outbursts
23399,beggarly
23400,couriers
23401,oligarchy
23402,vexations
23403,bravado
23404,censures
23405,favoring
23406,morceaux
23407,twos
23408,rameses
23409,bu
23410,eccentricity
23411,expiation
23412,propitiate
23413,straightening
23414,tasteful
23415,ultimatum
23416,pompeii
23417,adores
23418,inconstant
23419,plucky
23420,shrouds
23421,chandler
23422,jeroboam
23423,manhattan
23424,nabob
23425,shan
23426,persecutors
23427,propelled
23428,transgressions
23429,unhurt
23430,cynthy
23431,phronsie
23432,distracting
23433,estar
23434,pasteboard
23435,unexplored
23436,verschillende
23437,eccl
23438,felton
23439,lockhart
23440,mayo
23441,economically
23442,mulberry
23443,transparency
23444,unas
23445,dumouriez
23446,expands
23447,avril
23448,boca
23449,olleet
23450,caracalla
23451,custer
23452,communal
23453,eindelijk
23454,erotic
23455,padres
23456,splinters
23457,traite
23458,hallucination
23459,frieze
23460,gunner
23461,improves
23462,jongen
23463,trouvent
23464,venant
23465,defoe
23466,grafton
23467,disquieting
23468,caged
23469,congregated
23470,costing
23471,loops
23472,mashed
23473,neveu
23474,virulent
23475,britannia
23476,clyde
23477,goest
23478,pedantry
23479,printemps
23480,watkins
23481,elma
23482,zustand
23483,obra
23484,smuggling
23485,workhouse
23486,generator
23487,designating
23488,impressing
23489,kertaa
23490,penetrates
23491,throngs
23492,unquiet
23493,leonore
23494,manes
23495,southwards
23496,wantonness
23497,obed
23498,hemlock
23499,luo
23500,cambyses
23501,musset
23502,narcissus
23503,prohack
23504,vega
23505,eher
23506,excavations
23507,fragen
23508,hoogte
23509,maitresse
23510,namesake
23511,skirmishes
23512,schein
23513,diagnosis
23514,fitz
23515,aquiline
23516,commiseration
23517,leaue
23518,seisoi
23519,tuned
23520,saladin
23521,buoyancy
23522,discredited
23523,inured
23524,parfaite
23525,poser
23526,reactionary
23527,cherishing
23528,incognito
23529,suiv
23530,belgique
23531,gegenwart
23532,mariana
23533,stoic
23534,capability
23535,capitale
23536,nuevo
23537,redder
23538,unharmed
23539,mannering
23540,admonitions
23541,atheist
23542,cacique
23543,needlessly
23544,practicing
23545,samoa
23546,minced
23547,paupers
23548,salir
23549,snort
23550,subsidiary
23551,buyers
23552,comprenait
23553,dezelfde
23554,figuring
23555,hypothetical
23556,odorous
23557,remplir
23558,adieu
23559,sherlock
23560,theodosius
23561,decreasing
23562,puir
23563,situate
23564,suitably
23565,unseasonable
23566,blount
23567,crocker
23568,mons
23569,senegal
23570,courte
23571,goings
23572,leveled
23573,psychical
23574,unveiled
23575,astral
23576,chaperon
23577,extravagantly
23578,incongruity
23579,riddles
23580,sacredness
23581,swooped
23582,tourne
23583,undulations
23584,boche
23585,hebron
23586,retrospect
23587,rougher
23588,coxcomb
23589,habitude
23590,konung
23591,languished
23592,mor
23593,quarreled
23594,kemp
23595,marquess
23596,phoenicians
23597,prancing
23598,rove
23599,specialty
23600,cartier
23601,grizel
23602,bullion
23603,logis
23604,meteor
23605,portray
23606,rejoinder
23607,jakob
23608,mustapha
23609,didactic
23610,nostro
23611,raconte
23612,aliens
23613,cudgel
23614,lesse
23615,carolyn
23616,bounties
23617,carcase
23618,conformed
23619,exterminated
23620,pasted
23621,vertically
23622,watcher
23623,disraeli
23624,filmy
23625,injures
23626,remoteness
23627,messire
23628,abridged
23629,barricades
23630,clattered
23631,delude
23632,estado
23633,feint
23634,greenhouse
23635,hooge
23636,lesen
23637,meinte
23638,stallion
23639,tutte
23640,pendleton
23641,rochelle
23642,vedic
23643,conduce
23644,crib
23645,dusted
23646,meilleurs
23647,whined
23648,deronda
23649,joachim
23650,pasmer
23651,baton
23652,elimination
23653,palpably
23654,philanthropist
23655,produire
23656,ruffles
23657,scion
23658,tuition
23659,tule
23660,wealthiest
23661,ripley
23662,violette
23663,disobeyed
23664,inconnu
23665,resemblances
23666,rheumatic
23667,sh
23668,governors
23669,unesco
23670,werner
23671,changeable
23672,frailty
23673,gedeelte
23674,potentate
23675,medicis
23676,chasseur
23677,conditional
23678,fortement
23679,soeurs
23680,adorning
23681,entranced
23682,illogical
23683,kracht
23684,massy
23685,modifying
23686,thrash
23687,kew
23688,hailing
23689,novelties
23690,perh
23691,ransacked
23692,reorganization
23693,jacobite
23694,kendal
23695,kindern
23696,bruits
23697,proverbs
23698,vented
23699,wilden
23700,cun
23701,expence
23702,jemand
23703,outsider
23704,placard
23705,smuggled
23706,clove
23707,duryodhana
23708,elmira
23709,lynn
23710,platte
23711,adjourn
23712,coastal
23713,criant
23714,enorme
23715,paso
23716,spindle
23717,tinsel
23718,epitome
23719,estrangement
23720,evaporated
23721,inattention
23722,irreproachable
23723,magicians
23724,sustains
23725,varnished
23726,whoop
23727,hellas
23728,francia
23729,pons
23730,teile
23731,aground
23732,prattle
23733,replenished
23734,reponse
23735,brigham
23736,cherokees
23737,cassock
23738,challenges
23739,floral
23740,druids
23741,debut
23742,emulate
23743,konungen
23744,prises
23745,schwarzen
23746,stowe
23747,almond
23748,bloated
23749,denselben
23750,hinders
23751,molecules
23752,philosophe
23753,wriggled
23754,soissons
23755,boxing
23756,cura
23757,helpe
23758,savent
23759,serons
23760,syndicate
23761,upu
23762,instantaneously
23763,lengthen
23764,sobald
23765,pittsburgh
23766,confers
23767,devotedly
23768,unquestioned
23769,egbert
23770,lacy
23771,banded
23772,completes
23773,immature
23774,pails
23775,panegyric
23776,adele
23777,fran
23778,mayence
23779,dispirited
23780,ermine
23781,malevolent
23782,oman
23783,overhear
23784,quadrangle
23785,victime
23786,bibles
23787,assassinate
23788,carcasses
23789,cerveau
23790,chambermaid
23791,herum
23792,overlaid
23793,swagger
23794,warder
23795,blizzard
23796,desks
23797,incoming
23798,irrespective
23799,keg
23800,liian
23801,pocketed
23802,soupir
23803,commending
23804,commenting
23805,evergreens
23806,fantasy
23807,hinzu
23808,nude
23809,patronized
23810,pret
23811,quelled
23812,rebuilding
23813,sieges
23814,dartmouth
23815,consents
23816,disinclined
23817,favouring
23818,felony
23819,firstborn
23820,risque
23821,sided
23822,trite
23823,troisieme
23824,dividends
23825,doon
23826,horas
23827,rip
23828,jinny
23829,monsignor
23830,acacia
23831,carrion
23832,certify
23833,corruptions
23834,pape
23835,seafaring
23836,folket
23837,invidious
23838,souffre
23839,zaak
23840,fuerza
23841,piously
23842,poppy
23843,quaking
23844,rhinoceros
23845,seaboard
23846,slavish
23847,galahad
23848,buckler
23849,madmen
23850,moonshine
23851,switched
23852,verstehen
23853,vitally
23854,malacca
23855,contractors
23856,equip
23857,liep
23858,rehearse
23859,slashed
23860,sporadic
23861,dauphine
23862,evolutions
23863,intruders
23864,mushroom
23865,bowles
23866,eusebius
23867,lettres
23868,tahiti
23869,befriend
23870,distraught
23871,dormitory
23872,fibers
23873,intestines
23874,neere
23875,urine
23876,viene
23877,berne
23878,calvary
23879,duroc
23880,labrador
23881,melrose
23882,alters
23883,brambles
23884,consultations
23885,explication
23886,flippant
23887,funereal
23888,hija
23889,malt
23890,swerve
23891,unexplained
23892,versification
23893,braddock
23894,cesare
23895,goodwin
23896,mithridates
23897,trajan
23898,aire
23899,disunion
23900,storing
23901,corona
23902,gegangen
23903,godless
23904,iniquity
23905,meager
23906,saison
23907,statuary
23908,perth
23909,heille
23910,loge
23911,mochte
23912,remoter
23913,waterways
23914,ariel
23915,deut
23916,gregg
23917,itu
23918,popish
23919,camphor
23920,cardboard
23921,convient
23922,javelin
23923,knotty
23924,tyme
23925,wollt
23926,delphi
23927,lichfield
23928,morel
23929,cuttings
23930,deems
23931,diez
23932,unyielding
23933,aise
23934,exterminate
23935,gruesome
23936,hap
23937,sta
23938,uplift
23939,jewess
23940,amiably
23941,avails
23942,blickte
23943,cushioned
23944,damning
23945,disloyalty
23946,ejaculation
23947,jetait
23948,reddening
23949,vieil
23950,voisine
23951,lightfoot
23952,natchez
23953,currant
23954,refutation
23955,tapestries
23956,unflinching
23957,carnegie
23958,claimants
23959,freaks
23960,mezzo
23961,midshipman
23962,offrir
23963,poete
23964,ventilation
23965,heron
23966,bawled
23967,musingly
23968,perpetuated
23969,rueful
23970,muhammad
23971,bishopric
23972,precluded
23973,revise
23974,rote
23975,shirk
23976,unequalled
23977,marx
23978,rembrandt
23979,broods
23980,chel
23981,musketeers
23982,siete
23983,spinster
23984,cossack
23985,bluffs
23986,comfortless
23987,criait
23988,ravens
23989,servility
23990,superbly
23991,trouvant
23992,felicia
23993,severus
23994,deutsche
23995,enticed
23996,hacked
23997,intrepidity
23998,molested
23999,mouldy
24000,prob
24001,remords
24002,semblent
24003,sollte
24004,habitation
24005,hemos
24006,kitchens
24007,rossetti
24008,torres
24009,availing
24010,espoir
24011,grappled
24012,reviled
24013,sores
24014,eaton
24015,icao
24016,reichstag
24017,dissemble
24018,lebt
24019,margins
24020,spoedig
24021,georgian
24022,effets
24023,executors
24024,interrogated
24025,obliterate
24026,ashen
24027,blustering
24028,bullying
24029,etions
24030,galerie
24031,railed
24032,reverenced
24033,sauf
24034,verso
24035,weighted
24036,calvinists
24037,overview
24038,verner
24039,aircraft
24040,conceits
24041,infinitive
24042,monarchies
24043,numero
24044,subsidies
24045,thirtieth
24046,alton
24047,antinous
24048,dangled
24049,disinterestedness
24050,afghan
24051,annapolis
24052,jemima
24053,dissertation
24054,stora
24055,swoop
24056,thinkest
24057,turnip
24058,corsican
24059,czech
24060,octavia
24061,misdeeds
24062,rire
24063,bulgarian
24064,fairfield
24065,demoralized
24066,jaunty
24067,sien
24068,taut
24069,dislodge
24070,fourscore
24071,heresies
24072,hohe
24073,impalpable
24074,plaisirs
24075,preclude
24076,primera
24077,evidenced
24078,imprison
24079,meditatively
24080,muut
24081,unrelenting
24082,bedingung
24083,dido
24084,endymion
24085,alternatives
24086,joven
24087,negotiating
24088,openness
24089,propeller
24090,sofas
24091,timed
24092,argentina
24093,berthier
24094,dexter
24095,deduce
24096,argentine
24097,darrin
24098,evadne
24099,clears
24100,pronounces
24101,ratify
24102,resigning
24103,sive
24104,swaggering
24105,wrinkle
24106,xxxvi
24107,jubilee
24108,legible
24109,retrouve
24110,coke
24111,kirkwood
24112,lucretius
24113,ricardo
24114,accepter
24115,ninguna
24116,retira
24117,roguish
24118,solide
24119,terminus
24120,tick
24121,yeomen
24122,kreis
24123,butchered
24124,decanter
24125,erfahren
24126,ligt
24127,rioters
24128,scouring
24129,entrenched
24130,nerved
24131,unvarying
24132,attila
24133,weile
24134,accrue
24135,assessment
24136,axle
24137,dira
24138,expliquer
24139,robs
24140,scour
24141,gus
24142,jacky
24143,seam
24144,subjecting
24145,voudrait
24146,rolfe
24147,analogies
24148,delusion
24149,espouse
24150,exhaled
24151,grandchild
24152,heureusement
24153,loosening
24154,pun
24155,traceable
24156,wonderment
24157,carotte
24158,guernsey
24159,thessaly
24160,conforme
24161,grasps
24162,judiciary
24163,pieni
24164,stables
24165,savior
24166,stirn
24167,abstractions
24168,coy
24169,evading
24170,verrez
24171,viciously
24172,windmill
24173,hampstead
24174,leib
24175,effectiveness
24176,narrowest
24177,promiscuous
24178,serial
24179,antonyms
24180,janice
24181,montenegro
24182,bended
24183,billiard
24184,infinitesimal
24185,mond
24186,underhand
24187,viking
24188,courageously
24189,liveliness
24190,mobs
24191,scooped
24192,souffert
24193,understandings
24194,ibrd
24195,nt
24196,collaboration
24197,cringing
24198,drear
24199,photographed
24200,pleadings
24201,sem
24202,tubs
24203,wahrscheinlich
24204,atkinson
24205,feng
24206,piero
24207,sumatra
24208,blivit
24209,deriving
24210,etrange
24211,garage
24212,trays
24213,unthinking
24214,avoids
24215,drastic
24216,infuse
24217,penitentiary
24218,sourit
24219,uplands
24220,effi
24221,sylla
24222,aventure
24223,erano
24224,lurks
24225,quorum
24226,stinking
24227,arsinoe
24228,griselda
24229,buoy
24230,gourd
24231,maakt
24232,mitigated
24233,passaient
24234,slag
24235,waned
24236,libya
24237,alsof
24238,blunted
24239,earrings
24240,felon
24241,obscurely
24242,protectors
24243,scratches
24244,anomaly
24245,constituency
24246,extraneous
24247,balaam
24248,brest
24249,allerdings
24250,bosses
24251,exhorting
24252,elena
24253,apologise
24254,attachments
24255,fluctuating
24256,mountaineer
24257,schooled
24258,shackles
24259,summing
24260,taps
24261,turpentine
24262,stanbury
24263,bestimmte
24264,cloven
24265,hysteria
24266,mart
24267,apollonius
24268,canine
24269,contingencies
24270,desolated
24271,pattering
24272,revolts
24273,spendthrift
24274,khalif
24275,aflame
24276,disparity
24277,docility
24278,dwarfed
24279,hoog
24280,idleness
24281,prescriptions
24282,vuoksi
24283,abyssinia
24284,grenze
24285,haende
24286,dissenting
24287,drap
24288,figuratively
24289,marshalled
24290,suetonius
24291,enticing
24292,extricated
24293,garrulous
24294,weavers
24295,werde
24296,petrus
24297,whitwell
24298,cleaner
24299,intendant
24300,kaunis
24301,maestro
24302,bargained
24303,fonctions
24304,junto
24305,leaflets
24306,maigre
24307,merrily
24308,portage
24309,tente
24310,verte
24311,bildung
24312,jess
24313,exposes
24314,reappearance
24315,shears
24316,worthies
24317,savonarola
24318,ceinture
24319,deserter
24320,emerges
24321,sabres
24322,sille
24323,traiter
24324,unsound
24325,arundel
24326,guermantes
24327,enamel
24328,nuclear
24329,perplex
24330,streamers
24331,voler
24332,forester
24333,blazes
24334,fermer
24335,formulate
24336,inspirations
24337,masons
24338,necessaire
24339,opponent
24340,armitage
24341,chills
24342,delighting
24343,gleaned
24344,heralded
24345,scandals
24346,upshot
24347,alban
24348,thucydides
24349,arbour
24350,conspiracies
24351,lin
24352,potency
24353,sophistry
24354,thoughtfulness
24355,townspeople
24356,aeschylus
24357,aminta
24358,galen
24359,peer
24360,attenuated
24361,drummer
24362,gleichsam
24363,halfpenny
24364,sympathie
24365,unfitted
24366,wakefield
24367,clammy
24368,hawthorn
24369,honeysuckle
24370,reconstruct
24371,redan
24372,releva
24373,destroyers
24374,fide
24375,moderated
24376,sackcloth
24377,walsh
24378,arbre
24379,boutique
24380,habile
24381,harlot
24382,jaloux
24383,packets
24384,philosophically
24385,prostitutes
24386,recipes
24387,stuk
24388,benumbed
24389,dictating
24390,kuitenkaan
24391,preventive
24392,revelled
24393,vitals
24394,middlesex
24395,goutte
24396,stoics
24397,apologetically
24398,endorsed
24399,indelible
24400,inductive
24401,orgies
24402,passively
24403,tillbaka
24404,undignified
24405,astor
24406,legate
24407,pontiff
24408,rectory
24409,sair
24410,leuten
24411,dyes
24412,excavation
24413,freighted
24414,heiligen
24415,machten
24416,rayon
24417,sidewalks
24418,stewards
24419,enveloping
24420,jurors
24421,reeve
24422,gibbet
24423,husk
24424,lauter
24425,mucha
24426,noires
24427,nuori
24428,omnipotence
24429,paille
24430,subjugated
24431,unfounded
24432,laban
24433,coverings
24434,imparts
24435,inadvertently
24436,prompting
24437,splintered
24438,unlearned
24439,unserm
24440,gwyn
24441,shaykh
24442,excitements
24443,quello
24444,scandalized
24445,valueless
24446,belied
24447,siksi
24448,calcium
24449,lien
24450,liquids
24451,mumbling
24452,rift
24453,schlecht
24454,teille
24455,unaccountably
24456,verlaten
24457,abelard
24458,caen
24459,compton
24460,wingate
24461,condensation
24462,entertains
24463,upheaval
24464,lucca
24465,montmartre
24466,mountjoy
24467,cerebral
24468,courait
24469,depreciation
24470,tiring
24471,bannister
24472,richtung
24473,schwert
24474,allus
24475,cortege
24476,crested
24477,preyed
24478,subsidy
24479,edom
24480,liberia
24481,aikaan
24482,captures
24483,folgen
24484,gewisse
24485,itinerant
24486,rivulets
24487,cyprian
24488,lorenz
24489,bestimmten
24490,budge
24491,cousine
24492,dishonorable
24493,geniuses
24494,groupes
24495,ol
24496,phenomenal
24497,transgressed
24498,usurp
24499,wick
24500,barrow
24501,mordecai
24502,newcome
24503,yemen
24504,comprehends
24505,ebenfalls
24506,ecstasies
24507,fece
24508,fluency
24509,helt
24510,joked
24511,quays
24512,solitaire
24513,surges
24514,tahtonut
24515,tenaient
24516,unreality
24517,lecoq
24518,wylie
24519,administrator
24520,astrologer
24521,aveugle
24522,orations
24523,upstart
24524,filipino
24525,mahometan
24526,mel
24527,individualism
24528,vertus
24529,axel
24530,florentines
24531,macon
24532,trafalgar
24533,belfry
24534,periodically
24535,pi
24536,pluf
24537,rosary
24538,unbelieving
24539,dunstable
24540,climes
24541,enquiring
24542,nipped
24543,pagans
24544,dyer
24545,wmo
24546,brigadier
24547,couper
24548,enliven
24549,generale
24550,patria
24551,promenades
24552,threading
24553,typhoid
24554,unionist
24555,upton
24556,brides
24557,browned
24558,lausui
24559,unavoidably
24560,neale
24561,astonishingly
24562,seene
24563,appleton
24564,flocking
24565,fondest
24566,gardait
24567,millionaires
24568,narrate
24569,watchmen
24570,malone
24571,zulu
24572,blockhead
24573,hostage
24574,posa
24575,subtleties
24576,unfeigned
24577,comprend
24578,culmination
24579,quietude
24580,skolen
24581,uncover
24582,edie
24583,brackets
24584,cancer
24585,ducked
24586,flabby
24587,flot
24588,pheasants
24589,prolongation
24590,mose
24591,denser
24592,patriarchs
24593,resumption
24594,sisterly
24595,vagueness
24596,illust
24597,accords
24598,crocodiles
24599,eel
24600,feuille
24601,kort
24602,partitions
24603,unbelievers
24604,universality
24605,dynamic
24606,fiddler
24607,gegeven
24608,hoerte
24609,senatorial
24610,taga
24611,vermilion
24612,delacour
24613,mahommed
24614,agitations
24615,blessure
24616,tromper
24617,agir
24618,manchmal
24619,planetary
24620,quis
24621,burgundian
24622,demeter
24623,dialogues
24624,hur
24625,locally
24626,offre
24627,otter
24628,restive
24629,malays
24630,otho
24631,denizens
24632,landmark
24633,poing
24634,crosby
24635,shetland
24636,careers
24637,decomposed
24638,dubbed
24639,duet
24640,iniquitous
24641,omtrent
24642,serment
24643,wodurch
24644,clod
24645,priority
24646,lehre
24647,carvings
24648,contributors
24649,insufficiency
24650,levying
24651,rechts
24652,repelling
24653,toki
24654,townsmen
24655,hallam
24656,honduras
24657,adobe
24658,fertig
24659,imperatively
24660,memoria
24661,meubles
24662,queenly
24663,donnegan
24664,qu
24665,winkle
24666,canter
24667,chimes
24668,preferences
24669,tawdry
24670,siberian
24671,zurich
24672,disposes
24673,engrossing
24674,entrant
24675,soliloquy
24676,vibrated
24677,berkshire
24678,gustav
24679,vienne
24680,winnie
24681,abyss
24682,asti
24683,delineation
24684,disaffection
24685,ensi
24686,presage
24687,ruffle
24688,spurn
24689,childe
24690,morrel
24691,bloodshot
24692,facial
24693,libertine
24694,recounting
24695,platt
24696,cascades
24697,enactments
24698,harmed
24699,hastens
24700,teapot
24701,unprejudiced
24702,vt
24703,ariosto
24704,houston
24705,deprecating
24706,grog
24707,huusi
24708,ironic
24709,toit
24710,unravel
24711,mainwaring
24712,pluto
24713,remus
24714,atoned
24715,introductions
24716,kidneys
24717,lackey
24718,pronto
24719,submarines
24720,junker
24721,macquarie
24722,mogul
24723,rhet
24724,dully
24725,sensed
24726,threshing
24727,fao
24728,mem
24729,nip
24730,outlive
24731,punctuality
24732,disbelief
24733,overpower
24734,stupefaction
24735,garfield
24736,ioc
24737,landes
24738,unctad
24739,applauding
24740,bleached
24741,fortuna
24742,gulped
24743,newcomers
24744,pasturage
24745,rapacity
24746,reprimand
24747,unloaded
24748,amendment
24749,vulcan
24750,gnaw
24751,livelier
24752,dobbin
24753,marc
24754,popery
24755,commentaries
24756,nullement
24757,socket
24758,turnbull
24759,controversial
24760,erhielt
24761,mujeres
24762,dantes
24763,christening
24764,humorously
24765,jonkun
24766,patronizing
24767,thirsting
24768,bellew
24769,beowulf
24770,rutherford
24771,imperiously
24772,sech
24773,tumults
24774,heywood
24775,poitiers
24776,identifying
24777,subdivided
24778,athenaeum
24779,bereavement
24780,bloed
24781,braces
24782,flaunting
24783,fy
24784,spicy
24785,untruth
24786,rickman
24787,colonnade
24788,disrespectful
24789,schloss
24790,basking
24791,geest
24792,hooded
24793,necktie
24794,quarantine
24795,tuneful
24796,ange
24797,ante
24798,feind
24799,inalienable
24800,ketch
24801,mortgages
24802,ravage
24803,tart
24804,unsympathetic
24805,moscow
24806,bugs
24807,disinclination
24808,lamplight
24809,lasso
24810,layman
24811,wend
24812,albania
24813,harz
24814,pett
24815,ryan
24816,estis
24817,nus
24818,bryce
24819,goliath
24820,montrose
24821,filter
24822,fleshly
24823,grille
24824,piratical
24825,tantot
24826,trickery
24827,welled
24828,filipinos
24829,lufton
24830,drunkards
24831,noo
24832,outsiders
24833,paradoxical
24834,slough
24835,alvarez
24836,adulation
24837,cowered
24838,guilds
24839,harrowing
24840,maples
24841,moustache
24842,mutely
24843,oublie
24844,rightfully
24845,conn
24846,komm
24847,mussulman
24848,atheism
24849,blasting
24850,deviner
24851,enjoin
24852,mener
24853,odes
24854,pacha
24855,straws
24856,unreasonably
24857,antoi
24858,donnaient
24859,leper
24860,motioning
24861,ressemble
24862,sewn
24863,philistine
24864,alienation
24865,athlete
24866,circumscribed
24867,commemoration
24868,excusing
24869,geschrieben
24870,nutritious
24871,phosphorus
24872,puckered
24873,resonant
24874,simplified
24875,vibrate
24876,bristles
24877,mediator
24878,prithee
24879,starve
24880,subdivision
24881,carnac
24882,accompaniments
24883,amicably
24884,dezelve
24885,frayed
24886,parc
24887,penury
24888,potion
24889,retrograde
24890,sprite
24891,bauer
24892,attentively
24893,biographers
24894,depress
24895,quiero
24896,johns
24897,augmentation
24898,chasms
24899,conditioned
24900,drawbacks
24901,nostri
24902,vitesse
24903,augenblicke
24904,dienst
24905,arsenic
24906,contemplates
24907,cose
24908,nitrate
24909,samassa
24910,tavalla
24911,treads
24912,undeserved
24913,jacobs
24914,ferez
24915,hacker
24916,illuminate
24917,privates
24918,sharpen
24919,tinker
24920,duff
24921,swede
24922,collation
24923,duda
24924,herab
24925,mortgaged
24926,unchecked
24927,voisins
24928,maisie
24929,pindar
24930,wilfred
24931,wot
24932,affability
24933,bigness
24934,explanations
24935,inde
24936,katsoi
24937,obgleich
24938,voter
24939,buzzed
24940,matting
24941,premeditated
24942,sienne
24943,toasted
24944,goddard
24945,broadened
24946,burner
24947,ordain
24948,pitted
24949,siren
24950,eldon
24951,complet
24952,fastest
24953,ignominiously
24954,ministres
24955,mundane
24956,overruled
24957,pavillon
24958,queries
24959,richtig
24960,rooks
24961,testifies
24962,undisciplined
24963,captaine
24964,commensurate
24965,emot
24966,formulas
24967,interferes
24968,attica
24969,brandt
24970,ebers
24971,freeland
24972,cooperate
24973,electing
24974,leguas
24975,stainless
24976,leiden
24977,necker
24978,nesta
24979,auxquelles
24980,ministrations
24981,penchant
24982,predestined
24983,yeere
24984,auftritt
24985,principalities
24986,serviteur
24987,dutton
24988,rolle
24989,cabs
24990,caller
24991,etymology
24992,excavated
24993,grooves
24994,playhouse
24995,revenant
24996,slade
24997,begone
24998,darueber
24999,dismounting
25000,gland
25001,incredulously
25002,raking
25003,versatile
25004,josef
25005,cotyledons
25006,flaxen
25007,gestern
25008,orgueil
25009,tenter
25010,unequivocal
25011,bores
25012,gainsay
25013,galop
25014,meester
25015,nelle
25016,trouvai
25017,etruscan
25018,spinola
25019,weller
25020,zbyszko
25021,absolved
25022,defrauded
25023,disability
25024,giva
25025,intestine
25026,longueur
25027,suivante
25028,vortex
25029,chubby
25030,littleness
25031,sheathed
25032,translucent
25033,trolley
25034,hegel
25035,plautus
25036,bereit
25037,canonical
25038,gladden
25039,meane
25040,nicknamed
25041,outwards
25042,pup
25043,vacancies
25044,vapeur
25045,widen
25046,zes
25047,dawes
25048,fay
25049,phillis
25050,cucumbers
25051,forasmuch
25052,hr
25053,ihminen
25054,plush
25055,protege
25056,bestimmungen
25057,auteurs
25058,erhob
25059,forse
25060,grooten
25061,solle
25062,stacked
25063,unceremoniously
25064,wha
25065,baum
25066,matthias
25067,onondaga
25068,zenobia
25069,appartement
25070,agathemer
25071,antoninus
25072,grantly
25073,leghorn
25074,barrack
25075,competing
25076,pheasant
25077,requisites
25078,scalding
25079,sis
25080,unselfishness
25081,pharisee
25082,southerners
25083,charmer
25084,essere
25085,zieht
25086,farrar
25087,talmud
25088,armaments
25089,botanist
25090,circumspection
25091,demonstrating
25092,erscheinen
25093,excludes
25094,holden
25095,penances
25096,purl
25097,trackless
25098,uninjured
25099,wane
25100,capitulo
25101,spinoza
25102,cactus
25103,confluence
25104,cozy
25105,defies
25106,dripped
25107,scrutinizing
25108,stripling
25109,suche
25110,unjustifiable
25111,ilo
25112,jacopo
25113,beinahe
25114,consummated
25115,haer
25116,husbandman
25117,siendo
25118,upholding
25119,uplifting
25120,weathered
25121,berge
25122,dickinson
25123,hundert
25124,junk
25125,plenipotentiary
25126,tethered
25127,hasan
25128,mandy
25129,bachelors
25130,badness
25131,cancel
25132,comforter
25133,resumes
25134,revisit
25135,slacken
25136,tunnels
25137,cassandra
25138,dissenters
25139,wolsey
25140,directoire
25141,entfernt
25142,evanescent
25143,gare
25144,gingerly
25145,highwayman
25146,libations
25147,spades
25148,vomiting
25149,wisp
25150,beauregard
25151,linton
25152,philander
25153,bubbled
25154,corrupting
25155,menschlichen
25156,obtainable
25157,sectarian
25158,sophisticated
25159,glas
25160,stangerson
25161,acorns
25162,apprit
25163,blocking
25164,douleurs
25165,repellent
25166,paganel
25167,zeno
25168,baited
25169,expostulated
25170,monitor
25171,woodlands
25172,absolve
25173,burglars
25174,cannons
25175,moulds
25176,polygamy
25177,unfortunates
25178,criticize
25179,erased
25180,hams
25181,legitimately
25182,silverbridge
25183,antiquary
25184,incantations
25185,mica
25186,oever
25187,perpetuity
25188,signalled
25189,sinuous
25190,stud
25191,tuossa
25192,emir
25193,gulp
25194,hypotheses
25195,permettre
25196,populated
25197,scampered
25198,mackay
25199,wu
25200,alienate
25201,bairn
25202,boulevards
25203,domicile
25204,gladiators
25205,hearsay
25206,passable
25207,preaches
25208,recherches
25209,recumbent
25210,lessing
25211,evacuate
25212,fingered
25213,muraille
25214,pities
25215,tracery
25216,worketh
25217,abides
25218,bedtime
25219,mets
25220,overworked
25221,resorting
25222,satires
25223,smugglers
25224,vuur
25225,cleverer
25226,cubs
25227,offends
25228,boileau
25229,elgin
25230,phineas
25231,brokers
25232,embalmed
25233,trickle
25234,typewriter
25235,zulke
25236,akbar
25237,benham
25238,buren
25239,dahlia
25240,gill
25241,herrick
25242,affianced
25243,commentator
25244,crumb
25245,jouait
25246,brougham
25247,celeste
25248,afield
25249,audible
25250,connivance
25251,dependents
25252,dormait
25253,freedman
25254,nauseous
25255,plagued
25256,reproductive
25257,emanuel
25258,granvelle
25259,montespan
25260,accomplishment
25261,amb
25262,backe
25263,forceful
25264,linge
25265,liveries
25266,sterben
25267,wohin
25268,colonna
25269,cancelled
25270,connue
25271,dishonored
25272,gentil
25273,synthesis
25274,assimilate
25275,boomen
25276,callers
25277,darn
25278,dessein
25279,highroad
25280,migrant
25281,peintre
25282,potentates
25283,springtime
25284,aurelia
25285,contrite
25286,eventual
25287,hacen
25288,ooze
25289,sey
25290,veriest
25291,ohr
25292,beene
25293,drowsiness
25294,incorruptible
25295,larva
25296,pittance
25297,schrie
25298,stoves
25299,swirling
25300,rishis
25301,shorty
25302,airing
25303,cocher
25304,debe
25305,escorting
25306,pourvu
25307,unclouded
25308,unsightly
25309,argyle
25310,dallas
25311,ely
25312,penrod
25313,regel
25314,severn
25315,appendage
25316,bevel
25317,pensively
25318,pourraient
25319,sheriffs
25320,commodus
25321,duval
25322,maenner
25323,northampton
25324,sanchez
25325,shenandoah
25326,wohnung
25327,accusers
25328,applicants
25329,bets
25330,commissaire
25331,hoeren
25332,sentais
25333,totaling
25334,vanquish
25335,nino
25336,defenses
25337,inclosing
25338,unmitigated
25339,knapp
25340,geeft
25341,insurrections
25342,oratorical
25343,pareilles
25344,pumping
25345,volleys
25346,waft
25347,waxing
25348,machiavelli
25349,rita
25350,colonnes
25351,cuss
25352,dejeuner
25353,examines
25354,reels
25355,sauter
25356,scorns
25357,snub
25358,galled
25359,insular
25360,jostling
25361,loaned
25362,metaphors
25363,nombreuses
25364,olette
25365,questi
25366,republique
25367,sickle
25368,sparse
25369,honolulu
25370,zarathustra
25371,excellences
25372,gia
25373,municipality
25374,needlework
25375,einzigen
25376,religieuse
25377,zijnen
25378,bewusstsein
25379,frenchwoman
25380,juana
25381,adverb
25382,attributable
25383,betrachtet
25384,esser
25385,feux
25386,gild
25387,neglects
25388,outfit
25389,quai
25390,unassuming
25391,withdraws
25392,ives
25393,lydgate
25394,appertaining
25395,composedly
25396,discrepancy
25397,knocker
25398,poring
25399,armenians
25400,baptiste
25401,gebrauch
25402,smiley
25403,brownish
25404,cannibals
25405,elaboration
25406,hatchets
25407,intolerably
25408,macaroni
25409,resenting
25410,catiline
25411,eloise
25412,eugenia
25413,guatemala
25414,shaftesbury
25415,artistes
25416,debauch
25417,defaced
25418,dikwijls
25419,foibles
25420,hablar
25421,injudicious
25422,remercie
25423,alertness
25424,puddings
25425,margrave
25426,stoddard
25427,wien
25428,foregone
25429,insolently
25430,uprightness
25431,webs
25432,hank
25433,juanita
25434,lenore
25435,plata
25436,rachael
25437,ajan
25438,ascendant
25439,clanging
25440,equipages
25441,helfen
25442,porous
25443,zehn
25444,gaspard
25445,fallacious
25446,lawlessness
25447,stieg
25448,marina
25449,montalais
25450,anthem
25451,entend
25452,inky
25453,mercilessly
25454,pessimism
25455,rainfall
25456,relever
25457,secrete
25458,dombey
25459,herschel
25460,landor
25461,racey
25462,bonnie
25463,knell
25464,leeren
25465,surreptitiously
25466,waffen
25467,aprons
25468,bullied
25469,economies
25470,mirthful
25471,poussant
25472,producers
25473,cheyenne
25474,edgeworth
25475,gettysburg
25476,manasseh
25477,utopia
25478,arbitrarily
25479,brutish
25480,contemporaneous
25481,derisive
25482,disintegration
25483,llama
25484,manufactory
25485,moisten
25486,necklaces
25487,paraphrase
25488,specify
25489,voisi
25490,dominic
25491,ascribes
25492,einzelne
25493,frighted
25494,gestes
25495,philosophies
25496,snubbed
25497,squalls
25498,upbraid
25499,neb
25500,hindi
25501,pasar
25502,tilled
25503,vents
25504,chesapeake
25505,peyton
25506,hiljaa
25507,holde
25508,mientras
25509,orthography
25510,pitie
25511,thumped
25512,hogg
25513,plantagenet
25514,asparagus
25515,daybreak
25516,elixir
25517,mourner
25518,proprieties
25519,vroeger
25520,bundled
25521,ornate
25522,sett
25523,shelters
25524,subconscious
25525,englishwoman
25526,paget
25527,schule
25528,accentuated
25529,astrology
25530,bethink
25531,bouteille
25532,changeful
25533,debauched
25534,puberty
25535,slums
25536,villany
25537,bd
25538,benares
25539,barrenness
25540,consumes
25541,girth
25542,imaginings
25543,organist
25544,quiere
25545,restes
25546,sainted
25547,stenographer
25548,voiceless
25549,shannon
25550,attaque
25551,besogne
25552,dross
25553,existent
25554,inertia
25555,keyhole
25556,ledger
25557,maire
25558,quei
25559,quills
25560,radiation
25561,vinrent
25562,wriggling
25563,gage
25564,lager
25565,vargrave
25566,fehlt
25567,lodgers
25568,maailman
25569,mazes
25570,outcasts
25571,sorrel
25572,undid
25573,dupont
25574,malicorne
25575,richie
25576,slavic
25577,ajoute
25578,bedclothes
25579,marketing
25580,refuted
25581,ween
25582,choiseul
25583,lesbia
25584,cursory
25585,definitive
25586,forestall
25587,hoarded
25588,impresses
25589,sobbed
25590,thyme
25591,troublous
25592,twists
25593,wesentlich
25594,whore
25595,mather
25596,troilus
25597,conjuring
25598,operators
25599,pumped
25600,sehn
25601,baptismal
25602,cambric
25603,caterpillar
25604,celibacy
25605,hybrid
25606,refraction
25607,refuser
25608,searchingly
25609,spanned
25610,saniel
25611,gradation
25612,plurality
25613,wigs
25614,romany
25615,xxxvii
25616,abruptness
25617,desisted
25618,excommunicated
25619,folgte
25620,greyhound
25621,lar
25622,lovest
25623,souverain
25624,splendours
25625,transgress
25626,bute
25627,boomed
25628,facilitated
25629,pastimes
25630,pickles
25631,ressemblait
25632,sneaked
25633,timbered
25634,womankind
25635,simmons
25636,wogan
25637,blues
25638,capped
25639,composers
25640,earldom
25641,riait
25642,threes
25643,bruncker
25644,edouard
25645,nachricht
25646,panza
25647,journeyman
25648,overseas
25649,rumbled
25650,tripoli
25651,devrait
25652,ihmiset
25653,interment
25654,souffrances
25655,unattended
25656,zoude
25657,herre
25658,midas
25659,nationalist
25660,schritte
25661,complexions
25662,incorporation
25663,satirist
25664,sitzen
25665,lincolnshire
25666,preis
25667,bellow
25668,craggy
25669,haenen
25670,imbedded
25671,sires
25672,testifying
25673,dorn
25674,gluck
25675,roast
25676,brawling
25677,coincidences
25678,fantaisie
25679,forging
25680,undertaker
25681,vore
25682,faber
25683,moniteur
25684,soudan
25685,ick
25686,mauvaises
25687,promesse
25688,slocum
25689,auburn
25690,cistern
25691,decipher
25692,inhaled
25693,jolting
25694,mantles
25695,sedulously
25696,suppositions
25697,asian
25698,derek
25699,digby
25700,allured
25701,centurion
25702,expiate
25703,puppies
25704,sacerdotal
25705,yarns
25706,cuenta
25707,informer
25708,keinem
25709,rifled
25710,superfluity
25711,capt
25712,formen
25713,clanking
25714,depose
25715,nuage
25716,replenish
25717,sence
25718,stimulation
25719,fortes
25720,moorland
25721,munificence
25722,populaire
25723,relieves
25724,squeak
25725,hewer
25726,heilige
25727,inspectors
25728,jester
25729,putrid
25730,sawed
25731,schoone
25732,scrawled
25733,alsace
25734,louvain
25735,vespasian
25736,misshapen
25737,prodigality
25738,savor
25739,swims
25740,cabot
25741,chinamen
25742,tafel
25743,abolished
25744,blik
25745,evasive
25746,moralists
25747,neuter
25748,parvenu
25749,uniquement
25750,vaisseaux
25751,waarom
25752,anson
25753,berthe
25754,carol
25755,forsytes
25756,rudyard
25757,antlers
25758,inquires
25759,intersection
25760,birotteau
25761,hamlin
25762,bequest
25763,depositing
25764,determinate
25765,incontestable
25766,snart
25767,unsurpassed
25768,adapting
25769,approximation
25770,devons
25771,ignored
25772,incandescent
25773,nas
25774,poussait
25775,preserver
25776,thunderous
25777,unes
25778,barras
25779,parthians
25780,enthalten
25781,husks
25782,obtuse
25783,parfait
25784,serra
25785,weddings
25786,brigitte
25787,lyman
25788,gird
25789,sorting
25790,therefor
25791,unlovely
25792,harrow
25793,marne
25794,combustible
25795,doubles
25796,enchantments
25797,gentility
25798,hubiera
25799,intime
25800,invectives
25801,eddie
25802,euclid
25803,vorstellungen
25804,appela
25805,battled
25806,choisir
25807,durante
25808,genii
25809,grootste
25810,returne
25811,voelde
25812,damen
25813,eleazar
25814,ramon
25815,spiegel
25816,wochen
25817,battering
25818,fauna
25819,hermanos
25820,miehet
25821,kettle
25822,armee
25823,chuse
25824,clicked
25825,conservatism
25826,dismally
25827,dreads
25828,hing
25829,larder
25830,modeste
25831,partaken
25832,postponement
25833,sawdust
25834,barchester
25835,iran
25836,olympia
25837,schriften
25838,ba
25839,contente
25840,demie
25841,disengage
25842,strengthens
25843,subterfuge
25844,undersigned
25845,aylmer
25846,monsoreau
25847,rechte
25848,bonhomme
25849,fremden
25850,gag
25851,hunchback
25852,intricacies
25853,mongrel
25854,procurer
25855,schuldig
25856,spangled
25857,stokes
25858,conscription
25859,dusting
25860,inappropriate
25861,signifie
25862,wording
25863,bracht
25864,frightens
25865,homespun
25866,marauders
25867,motifs
25868,reconsider
25869,sparkles
25870,tractable
25871,carmichael
25872,ratcliffe
25873,hieroglyphics
25874,inquiet
25875,lioness
25876,pareils
25877,regenerate
25878,tillage
25879,waterproof
25880,bede
25881,cochin
25882,dwt
25883,ibc
25884,sforza
25885,combs
25886,wud
25887,galway
25888,schrift
25889,acquittal
25890,chalice
25891,preternatural
25892,umbrella
25893,venal
25894,coma
25895,dole
25896,fausse
25897,horreur
25898,iss
25899,misconception
25900,pave
25901,barnum
25902,insurance
25903,blink
25904,censorship
25905,choisi
25906,stonden
25907,leander
25908,verdun
25909,cynic
25910,kneels
25911,tassels
25912,knoxville
25913,nej
25914,roberta
25915,atomic
25916,flagged
25917,humanitarian
25918,jolla
25919,liabilities
25920,sprawled
25921,gegensatz
25922,telecommunications
25923,fastnesses
25924,fuese
25925,indicted
25926,malign
25927,milking
25928,royally
25929,sombres
25930,sut
25931,unimpaired
25932,benedetto
25933,articulation
25934,beeches
25935,convivial
25936,directement
25937,drog
25938,emit
25939,fluently
25940,malades
25941,preuves
25942,gaza
25943,affluent
25944,drugged
25945,dupes
25946,morass
25947,beginner
25948,lachen
25949,silvered
25950,unnerved
25951,assimilation
25952,chandelier
25953,coincided
25954,conclave
25955,extravagance
25956,familia
25957,inflammatory
25958,loser
25959,sediment
25960,terse
25961,caucasus
25962,hazlitt
25963,brandished
25964,dunes
25965,effigies
25966,kenne
25967,stimulants
25968,hooper
25969,papist
25970,samaritan
25971,sommer
25972,weymouth
25973,dentist
25974,freshened
25975,overtaking
25976,savory
25977,stampede
25978,thereat
25979,winde
25980,ouvrages
25981,marmont
25982,prinzen
25983,trieste
25984,benevolence
25985,blesse
25986,lapped
25987,nomenclature
25988,proffer
25989,regional
25990,sorcerer
25991,unabated
25992,vibrant
25993,caldwell
25994,mindanao
25995,gayer
25996,naer
25997,spirituality
25998,conan
25999,malise
26000,bastions
26001,disdainfully
26002,fluffy
26003,gullies
26004,lung
26005,taunted
26006,tutors
26007,missy
26008,bekommen
26009,cheerfulness
26010,commends
26011,consoler
26012,cumbrous
26013,monsoon
26014,steerage
26015,torrid
26016,balle
26017,geblieben
26018,instrumentality
26019,knighted
26020,pampered
26021,rangs
26022,swiftest
26023,blucher
26024,federals
26025,geol
26026,irrigated
26027,limerick
26028,myra
26029,piozzi
26030,malaria
26031,rebus
26032,serf
26033,storekeeper
26034,angleterre
26035,arbuthnot
26036,mueller
26037,septimus
26038,treppe
26039,advocacy
26040,cognition
26041,crystallized
26042,plowed
26043,provincia
26044,regaled
26045,servante
26046,cornell
26047,ifc
26048,russie
26049,fussy
26050,instability
26051,moesten
26052,notaire
26053,punishable
26054,retournant
26055,sama
26056,unicameral
26057,spitze
26058,fui
26059,fume
26060,generate
26061,importing
26062,mildest
26063,wetting
26064,apprehending
26065,choral
26066,drily
26067,gunwale
26068,juges
26069,mammoth
26070,ner
26071,pervade
26072,plodded
26073,trustful
26074,apoplexy
26075,erreicht
26076,habet
26077,imacr
26078,monologue
26079,noontide
26080,undiminished
26081,musa
26082,blackbird
26083,bugles
26084,cheapness
26085,histoires
26086,lichaam
26087,privateers
26088,seduction
26089,supplant
26090,twinge
26091,cuzco
26092,sergius
26093,bounteous
26094,fella
26095,hewed
26096,intuitions
26097,reek
26098,rill
26099,unreservedly
26100,cuba
26101,mcdonald
26102,hump
26103,lolling
26104,appl
26105,babe
26106,musgrave
26107,westmoreland
26108,aient
26109,annotated
26110,complaisant
26111,gedachte
26112,iam
26113,mockery
26114,naturalized
26115,nutrition
26116,soule
26117,elba
26118,beleaguered
26119,efficiently
26120,grossest
26121,mene
26122,sinless
26123,unapproachable
26124,billings
26125,capua
26126,langham
26127,theocritus
26128,bleating
26129,brakes
26130,deranged
26131,discomforts
26132,disquieted
26133,velours
26134,puritanism
26135,abatement
26136,clashed
26137,crouch
26138,extortion
26139,monotone
26140,nachher
26141,nutritive
26142,sapling
26143,ultra
26144,allotment
26145,dessous
26146,dethroned
26147,ebbed
26148,insubordination
26149,nettled
26150,verity
26151,amelie
26152,gillian
26153,pantheon
26154,abstractedly
26155,divulge
26156,flatters
26157,huru
26158,memoire
26159,viper
26160,yearnings
26161,cafes
26162,colloquial
26163,kennt
26164,linguistic
26165,murmure
26166,repartee
26167,craze
26168,fronted
26169,importunities
26170,livestock
26171,soif
26172,tremulously
26173,anselm
26174,arno
26175,boniface
26176,francoise
26177,lingard
26178,wyndham
26179,bewail
26180,dafuer
26181,executioners
26182,saws
26183,brahmin
26184,margot
26185,attractiveness
26186,converging
26187,craint
26188,pilgrimage
26189,elmer
26190,lowe
26191,strangway
26192,erreur
26193,guaranty
26194,parochial
26195,gebiet
26196,aldermen
26197,assumptions
26198,impressionable
26199,inquirer
26200,receptive
26201,stadholder
26202,transformations
26203,usefully
26204,violemment
26205,ifad
26206,selene
26207,villars
26208,drone
26209,enslave
26210,graciousness
26211,regardaient
26212,seras
26213,besitz
26214,breslau
26215,siena
26216,zara
26217,adherent
26218,cellular
26219,chinks
26220,optimistic
26221,joey
26222,zorn
26223,aggravating
26224,appartient
26225,deadened
26226,permeated
26227,pursuer
26228,sifting
26229,unconventional
26230,marchese
26231,beholder
26232,deacons
26233,discoloured
26234,proportionately
26235,upbraided
26236,barnard
26237,dampness
26238,garnish
26239,herrings
26240,hesitates
26241,inst
26242,intrust
26243,lapping
26244,reprehensible
26245,sported
26246,viva
26247,margarita
26248,mongolia
26249,wirt
26250,wolff
26251,amo
26252,floe
26253,footfall
26254,forwarding
26255,gills
26256,pencils
26257,proficient
26258,zwarte
26259,belmont
26260,mcdowell
26261,begets
26262,crypt
26263,fishery
26264,courcy
26265,bara
26266,copiously
26267,graft
26268,overmuch
26269,sante
26270,artois
26271,dumont
26272,magellan
26273,cereals
26274,halts
26275,jollity
26276,locomotives
26277,promener
26278,reservoirs
26279,semicircular
26280,shortage
26281,buonaparte
26282,parliaments
26283,bli
26284,epaules
26285,gaped
26286,geluk
26287,grasshopper
26288,poignard
26289,puissante
26290,unbound
26291,euphra
26292,bourse
26293,confounding
26294,inconsistencies
26295,muff
26296,succulent
26297,twitch
26298,voitures
26299,yoked
26300,moffat
26301,besoins
26302,decadence
26303,diuers
26304,dividend
26305,filaments
26306,fonds
26307,orchard
26308,prolonging
26309,sameness
26310,sedentary
26311,progressive
26312,artificers
26313,blesses
26314,dressmaker
26315,jeopardy
26316,jockey
26317,noisome
26318,tiefen
26319,tweede
26320,bossuet
26321,eindruck
26322,ferne
26323,naomi
26324,zoological
26325,bemerkt
26326,essaya
26327,igitur
26328,mischiefs
26329,quadrupeds
26330,sechs
26331,segment
26332,stratagems
26333,herrschaft
26334,buxom
26335,flexibility
26336,grammarians
26337,lieb
26338,motherless
26339,rollicking
26340,stabbing
26341,stretcher
26342,cochrane
26343,hispaniola
26344,tenez
26345,comedian
26346,corpulent
26347,lis
26348,litigation
26349,mouchoir
26350,pillory
26351,pria
26352,stylish
26353,sunsets
26354,arraigned
26355,braids
26356,cabaret
26357,classify
26358,credits
26359,presentment
26360,quake
26361,solidarity
26362,castor
26363,justine
26364,miltoun
26365,excels
26366,immunities
26367,maux
26368,rotted
26369,dock
26370,themistocles
26371,cede
26372,dependencies
26373,hostelry
26374,olemme
26375,roemische
26376,tenue
26377,tournait
26378,unpleasing
26379,gracie
26380,hund
26381,blistered
26382,dastardly
26383,picturing
26384,practitioners
26385,rapier
26386,rouva
26387,wearying
26388,arabians
26389,becker
26390,breakdown
26391,couverte
26392,folgenden
26393,legt
26394,lourd
26395,rhyming
26396,wheresoever
26397,yr
26398,gasoline
26399,gevoel
26400,pistoles
26401,tolling
26402,twopence
26403,vitality
26404,brahmans
26405,damaris
26406,lynde
26407,dispersing
26408,infallibility
26409,italics
26410,jorden
26411,loot
26412,pumpkin
26413,regimen
26414,townships
26415,berenice
26416,napier
26417,detrimental
26418,pianist
26419,react
26420,renoncer
26421,taxation
26422,tuvo
26423,chateaubriand
26424,lem
26425,potsdam
26426,fillet
26427,floundering
26428,gipsies
26429,hooren
26430,pelting
26431,profligacy
26432,ramener
26433,soups
26434,wherewithal
26435,lucilla
26436,bawling
26437,crabbed
26438,katseli
26439,plaintively
26440,reproducing
26441,scrubbing
26442,unsrer
26443,dorchester
26444,feinde
26445,alguno
26446,deprecated
26447,egoism
26448,flurry
26449,notables
26450,parlors
26451,scrubby
26452,separately
26453,sollst
26454,antwerp
26455,mavering
26456,nemesis
26457,cannibal
26458,equation
26459,essences
26460,finishes
26461,materialistic
26462,pelted
26463,unsuccessful
26464,caribou
26465,disproportionate
26466,humors
26467,metamorphosis
26468,outnumbered
26469,scaffolding
26470,vorhanden
26471,chambres
26472,deprivation
26473,llegar
26474,subtler
26475,buddhists
26476,desvarennes
26477,dutchmen
26478,bewailed
26479,cuff
26480,dimples
26481,inculcate
26482,lagoons
26483,odeur
26484,scenic
26485,troppo
26486,worauf
26487,crimean
26488,kazan
26489,mckinley
26490,attache
26491,correspondingly
26492,fiftieth
26493,surmount
26494,technology
26495,tiefer
26496,ajouter
26497,boxed
26498,chargeable
26499,gruel
26500,lasses
26501,pointedly
26502,uselessness
26503,oda
26504,chemists
26505,mackintosh
26506,mynheer
26507,circumcision
26508,convaincu
26509,dilate
26510,dirigea
26511,eclat
26512,fawning
26513,glens
26514,johon
26515,paraphernalia
26516,pretender
26517,skates
26518,unsullied
26519,abigail
26520,alligator
26521,closets
26522,demandant
26523,preconceived
26524,pursuant
26525,slouched
26526,sopra
26527,thoroughbred
26528,boarder
26529,clambering
26530,comets
26531,koenne
26532,muuten
26533,olde
26534,punctilious
26535,spasms
26536,brillante
26537,typing
26538,ascension
26539,fleury
26540,caricatures
26541,diagrams
26542,mers
26543,shovels
26544,backwoods
26545,drudge
26546,leased
26547,wen
26548,bolivar
26549,bolivia
26550,cocke
26551,ginevra
26552,renee
26553,abhorrent
26554,anticipation
26555,castes
26556,compromises
26557,extinguishing
26558,falsity
26559,homicide
26560,nitric
26561,reconciliation
26562,savons
26563,swish
26564,verschiedene
26565,mela
26566,pferd
26567,closeness
26568,fortifying
26569,honderd
26570,laments
26571,miscreant
26572,predicate
26573,reichen
26574,stillen
26575,bitnet
26576,claudio
26577,friesland
26578,sicily
26579,gash
26580,gull
26581,longitudinal
26582,schip
26583,tinder
26584,vengeful
26585,blicke
26586,kerry
26587,perceval
26588,ratisbon
26589,coursing
26590,emanated
26591,ravine
26592,umpire
26593,connaught
26594,liza
26595,buttresses
26596,initiate
26597,pone
26598,uren
26599,verging
26600,wier
26601,alden
26602,frankfurt
26603,italie
26604,lousteau
26605,accented
26606,crie
26607,danse
26608,delta
26609,indigent
26610,kingship
26611,seis
26612,unido
26613,advocating
26614,braccia
26615,cataracts
26616,keek
26617,soort
26618,unsparing
26619,iso
26620,ayez
26621,chasser
26622,discreditable
26623,exult
26624,frugality
26625,ili
26626,midwife
26627,nausea
26628,pertinacity
26629,phlegmatic
26630,prirent
26631,riflemen
26632,stoutest
26633,tasteless
26634,leidenschaft
26635,lister
26636,papacy
26637,allurements
26638,anden
26639,blive
26640,bounced
26641,distinguer
26642,equable
26643,hilarious
26644,searches
26645,twirling
26646,gilles
26647,hollis
26648,leibnitz
26649,philemon
26650,rustem
26651,arcades
26652,cranes
26653,existences
26654,fetter
26655,laddie
26656,handbook
26657,arching
26658,confessional
26659,pyre
26660,viendra
26661,horne
26662,amore
26663,bristled
26664,jogged
26665,quicksilver
26666,rideaux
26667,skylight
26668,bedouin
26669,eorum
26670,redolent
26671,rostro
26672,unmanageable
26673,waists
26674,dolphin
26675,honoria
26676,mathias
26677,entrar
26678,inversion
26679,kinde
26680,leases
26681,mausoleum
26682,middling
26683,namn
26684,recovers
26685,philippus
26686,flooring
26687,hackney
26688,impossibility
26689,indented
26690,lugubrious
26691,toothache
26692,sharon
26693,absurdity
26694,ballon
26695,bellies
26696,disclaimed
26697,disprove
26698,flutes
26699,foraging
26700,geschah
26701,jeers
26702,necessitate
26703,portraiture
26704,urchins
26705,usable
26706,cr
26707,imo
26708,israelite
26709,wallis
26710,cts
26711,gleichen
26712,inne
26713,omissions
26714,orifice
26715,suuren
26716,vrienden
26717,namur
26718,nicholson
26719,ulick
26720,diaphragm
26721,effusions
26722,experimenting
26723,fitfully
26724,kommit
26725,luster
26726,playmates
26727,raconta
26728,serpentine
26729,snail
26730,tuskin
26731,aleck
26732,betsey
26733,meest
26734,remarquable
26735,sueur
26736,coll
26737,marlowe
26738,wingfield
26739,affronted
26740,beholden
26741,closeted
26742,dummy
26743,logique
26744,militaires
26745,quizzical
26746,reconnaitre
26747,vragen
26748,cheshire
26749,marsa
26750,anoint
26751,curry
26752,dilute
26753,petitioners
26754,professedly
26755,richesse
26756,strangling
26757,zitten
26758,cecily
26759,cinderella
26760,monica
26761,nichols
26762,staunton
26763,assurer
26764,deathbed
26765,freien
26766,greets
26767,hillocks
26768,inattentive
26769,lut
26770,unattractive
26771,dickson
26772,elton
26773,nedda
26774,conspirator
26775,cooing
26776,dolor
26777,presides
26778,turquoise
26779,deuteronomy
26780,geval
26781,lurched
26782,nunnery
26783,watercourse
26784,euphemia
26785,wr
26786,bastion
26787,ber
26788,calibre
26789,deuil
26790,epoque
26791,geschieht
26792,hideously
26793,rebuff
26794,rime
26795,britannic
26796,ufer
26797,conduisit
26798,dramatically
26799,entree
26800,haud
26801,operatic
26802,stubbornness
26803,thong
26804,gefuehl
26805,handlung
26806,satz
26807,concocted
26808,fanden
26809,lading
26810,puppets
26811,undressing
26812,assuage
26813,goad
26814,lordships
26815,multa
26816,quarreling
26817,resin
26818,sarcastically
26819,severer
26820,gama
26821,phipps
26822,brillant
26823,dirge
26824,flanking
26825,largo
26826,locomotion
26827,markedly
26828,purring
26829,rambled
26830,shrapnel
26831,uncivil
26832,violente
26833,aldegonde
26834,gil
26835,jugurtha
26836,abeyance
26837,dispassionate
26838,exponent
26839,restaurant
26840,sparsely
26841,tem
26842,cadurcis
26843,indus
26844,lemmy
26845,mimi
26846,stedman
26847,bestial
26848,bonus
26849,craignait
26850,daarom
26851,iced
26852,inconstancy
26853,pleas
26854,unaltered
26855,violinist
26856,aline
26857,angelique
26858,portia
26859,ranald
26860,vladimir
26861,aboue
26862,cherub
26863,cramp
26864,degeneration
26865,grasshoppers
26866,grimaces
26867,maud
26868,felicitous
26869,handicapped
26870,hysterics
26871,indios
26872,paddock
26873,pendent
26874,twining
26875,dionysus
26876,gnaden
26877,math
26878,stefan
26879,abreve
26880,corse
26881,dearie
26882,disown
26883,dispossessed
26884,dissuaded
26885,egress
26886,hermano
26887,ornamentation
26888,partakers
26889,speculator
26890,belcher
26891,bingham
26892,verty
26893,disembarked
26894,falta
26895,foodstuffs
26896,inhabits
26897,squalor
26898,stammer
26899,waging
26900,womit
26901,langton
26902,thoreau
26903,xxxviii
26904,appendages
26905,kidney
26906,promoters
26907,roan
26908,tilting
26909,lauzun
26910,admonish
26911,contentions
26912,cypresses
26913,lineaments
26914,muddle
26915,pedant
26916,pleure
26917,colfax
26918,jamestown
26919,regency
26920,wunder
26921,chanson
26922,conquers
26923,holier
26924,misrepresented
26925,rationally
26926,teas
26927,unbidden
26928,hm
26929,parnell
26930,belike
26931,incorporate
26932,monkish
26933,restaient
26934,swooned
26935,davison
26936,quijote
26937,earns
26938,harmoniously
26939,heroically
26940,prate
26941,submits
26942,suh
26943,weare
26944,wenigen
26945,fredericksburg
26946,meynell
26947,centimes
26948,chercha
26949,consonants
26950,drills
26951,kidnapped
26952,levers
26953,mellan
26954,pianoforte
26955,sinning
26956,charlestown
26957,desdemona
26958,merthyr
26959,humanly
26960,insecure
26961,itch
26962,mixtures
26963,ove
26964,tala
26965,uncleanness
26966,wiederum
26967,phebe
26968,wipo
26969,annulled
26970,dynasty
26971,overt
26972,antigua
26973,egremont
26974,silurian
26975,cayenne
26976,invoking
26977,opportunely
26978,graeme
26979,bespeak
26980,cravings
26981,defiles
26982,disparut
26983,duo
26984,glaubt
26985,grudged
26986,inorganic
26987,pitkin
26988,sergeants
26989,thistle
26990,sigismund
26991,vine
26992,acheter
26993,brach
26994,envoya
26995,meisje
26996,membre
26997,photographer
26998,surmises
26999,appropriating
27000,commemorated
27001,droning
27002,francaise
27003,hver
27004,lak
27005,rubs
27006,schreiben
27007,tsp
27008,cupola
27009,reinstated
27010,taxing
27011,altesse
27012,besondere
27013,chastised
27014,cymbals
27015,futurity
27016,inexcusable
27017,laconic
27018,lernen
27019,rudest
27020,ting
27021,osgood
27022,auctioneer
27023,camps
27024,cycles
27025,emigrate
27026,indistinctly
27027,intimidate
27028,pocketbook
27029,unfrequented
27030,dunstan
27031,traum
27032,demeurait
27033,deviate
27034,encased
27035,morsels
27036,portaient
27037,radiated
27038,talte
27039,vus
27040,dred
27041,sergey
27042,baneful
27043,derided
27044,egen
27045,geologist
27046,merge
27047,perusing
27048,sauve
27049,transcript
27050,felsen
27051,mifflin
27052,schiff
27053,beverages
27054,boating
27055,circumspect
27056,dram
27057,navigate
27058,refugee
27059,riuer
27060,woodburn
27061,atteindre
27062,coals
27063,intrusive
27064,satisfait
27065,floyd
27066,thames
27067,disproportion
27068,eels
27069,soiree
27070,watchword
27071,deceives
27072,hoisting
27073,jen
27074,neigung
27075,abandons
27076,analytical
27077,assai
27078,dime
27079,distillation
27080,domineering
27081,empor
27082,harmonized
27083,notte
27084,opus
27085,pounce
27086,bartja
27087,helden
27088,tolstoy
27089,doctrinal
27090,framers
27091,jeer
27092,landowners
27093,malheurs
27094,naething
27095,nerveless
27096,tha
27097,uncertainly
27098,vindt
27099,vowing
27100,wann
27101,pencroft
27102,substanz
27103,cavernous
27104,enkel
27105,ennobling
27106,idolaters
27107,compuserve
27108,derues
27109,latimer
27110,kindnesses
27111,revolutionists
27112,sucht
27113,thankless
27114,zagen
27115,epist
27116,gaspar
27117,longestaffe
27118,lyell
27119,mott
27120,sandford
27121,behoveth
27122,bestaan
27123,dieselben
27124,rills
27125,squander
27126,stellt
27127,woful
27128,mekka
27129,serapis
27130,stuttgart
27131,zulus
27132,apathetic
27133,cornet
27134,hussy
27135,moeite
27136,passionless
27137,tatters
27138,darlings
27139,diagonally
27140,gasps
27141,ignorantly
27142,ineffective
27143,mellem
27144,pulpits
27145,selects
27146,sentant
27147,vaisseau
27148,agrarian
27149,berths
27150,clarified
27151,impurity
27152,jotta
27153,navies
27154,palette
27155,reckons
27156,secondes
27157,sooty
27158,blackwood
27159,bourne
27160,sachen
27161,ger
27162,joiden
27163,pattes
27164,vulgarly
27165,befehl
27166,professors
27167,annul
27168,diplomatists
27169,horizons
27170,oreille
27171,remorseful
27172,rumoured
27173,etruria
27174,hawley
27175,hereford
27176,hilton
27177,zanzibar
27178,capes
27179,disused
27180,fantastically
27181,farewells
27182,gaseous
27183,janitor
27184,mapped
27185,omnium
27186,smothering
27187,emperour
27188,shere
27189,cracker
27190,enamelled
27191,enigmatical
27192,parables
27193,principals
27194,slaveholding
27195,zufrieden
27196,marvin
27197,prioress
27198,reef
27199,mijnheer
27200,nennt
27201,stateroom
27202,vacantly
27203,welken
27204,crosbie
27205,mcimail
27206,gruffly
27207,hoi
27208,sepulchres
27209,agni
27210,gesetze
27211,sicherheit
27212,ainakin
27213,godt
27214,heut
27215,kerosene
27216,obsession
27217,principaux
27218,profaned
27219,skulking
27220,unproductive
27221,anzahl
27222,faustus
27223,grimes
27224,usa
27225,covertly
27226,dislodged
27227,financiers
27228,gravement
27229,jemals
27230,nightingales
27231,occupe
27232,politischen
27233,schoolboys
27234,stagnation
27235,supplicating
27236,winsome
27237,charlton
27238,geister
27239,sorge
27240,aquellas
27241,circuits
27242,outwitted
27243,panelled
27244,playthings
27245,mangel
27246,pichegru
27247,wilcox
27248,wiltshire
27249,einfach
27250,gehn
27251,indubitable
27252,pilgrimages
27253,thistles
27254,traversa
27255,duane
27256,wahl
27257,calms
27258,dorsal
27259,negers
27260,parnassus
27261,putney
27262,dragoon
27263,exploited
27264,lacerated
27265,shrilly
27266,darby
27267,meta
27268,fasted
27269,liue
27270,mincing
27271,monstre
27272,potest
27273,rocher
27274,sanctions
27275,bragelonne
27276,hippocrates
27277,ozma
27278,tahoe
27279,adroitness
27280,assists
27281,bashfulness
27282,exactitude
27283,liest
27284,magnates
27285,rappelait
27286,rit
27287,slut
27288,superficially
27289,widowhood
27290,ethiopian
27291,ivanhoe
27292,wulf
27293,demolish
27294,descry
27295,estuary
27296,gentilshommes
27297,minusta
27298,ombres
27299,sauta
27300,spurt
27301,traf
27302,ellsworth
27303,fiji
27304,vinci
27305,acquainting
27306,behaves
27307,hulk
27308,jog
27309,journalistic
27310,melodramatic
27311,obwohl
27312,outdone
27313,tactful
27314,annat
27315,boord
27316,deprives
27317,diagonal
27318,marier
27319,requisitions
27320,wetted
27321,atkins
27322,victorine
27323,aeroplanes
27324,avowedly
27325,crackled
27326,dropt
27327,indeterminate
27328,patrols
27329,seules
27330,stingy
27331,sweethearts
27332,toista
27333,zelve
27334,dwarf
27335,contours
27336,pedestrians
27337,prettiness
27338,reversal
27339,theaters
27340,unsubstantial
27341,verrons
27342,rhenish
27343,allora
27344,atter
27345,billow
27346,bleus
27347,entiere
27348,pallet
27349,starched
27350,aleppo
27351,deans
27352,jewel
27353,juli
27354,hemel
27355,interjected
27356,quadrille
27357,remonter
27358,sentier
27359,sulphurous
27360,thunderstorm
27361,denzil
27362,afire
27363,croaking
27364,fleas
27365,investigator
27366,paz
27367,pretexts
27368,refine
27369,stockholders
27370,adair
27371,insel
27372,jeremias
27373,afther
27374,fortuitous
27375,grafted
27376,jatkoi
27377,merite
27378,muita
27379,premonition
27380,spilling
27381,martian
27382,wellesley
27383,brackish
27384,cantered
27385,eres
27386,hiukan
27387,mattresses
27388,nutriment
27389,poissons
27390,pomegranate
27391,righted
27392,scrubbed
27393,thongs
27394,travaille
27395,albion
27396,aufmerksamkeit
27397,landgrave
27398,apprise
27399,pleaseth
27400,renseignements
27401,rivage
27402,tally
27403,trimmings
27404,unsteadily
27405,whimpering
27406,burnett
27407,castlereagh
27408,witt
27409,cabal
27410,ensconced
27411,samme
27412,heth
27413,roswell
27414,devais
27415,gaz
27416,melon
27417,migrated
27418,splinter
27419,sprays
27420,tepid
27421,wollen
27422,lothrop
27423,avenger
27424,craves
27425,depots
27426,emanating
27427,emulator
27428,flatterers
27429,medecin
27430,nonchalance
27431,racking
27432,subscriber
27433,huntingdon
27434,larkin
27435,ardente
27436,canteen
27437,enlistment
27438,mu
27439,sorceress
27440,tufted
27441,utilitarian
27442,abd
27443,colambre
27444,dhritarashtra
27445,alia
27446,elicit
27447,unfettered
27448,ance
27449,brew
27450,conspiring
27451,contradicting
27452,convertible
27453,dise
27454,einfache
27455,gingerbread
27456,habituated
27457,jolloin
27458,kansan
27459,mieli
27460,textile
27461,schlaf
27462,cartes
27463,divergent
27464,folgt
27465,grandfathers
27466,hatches
27467,neer
27468,overwrought
27469,polls
27470,unbending
27471,giacomo
27472,rosie
27473,waldo
27474,cuya
27475,exerts
27476,kannte
27477,lebte
27478,nebulous
27479,nomadic
27480,petulance
27481,reciprocity
27482,sleepily
27483,cathay
27484,walden
27485,yan
27486,chagrined
27487,conjurer
27488,speakest
27489,disparagement
27490,hinge
27491,liqueur
27492,loftiness
27493,powders
27494,projections
27495,snout
27496,soured
27497,gautier
27498,piso
27499,sturm
27500,tecumseh
27501,acceptation
27502,comming
27503,emoluments
27504,foreword
27505,tempter
27506,beale
27507,ferrers
27508,hagar
27509,mongols
27510,puck
27511,dips
27512,programme
27513,rancour
27514,ressources
27515,sewer
27516,toppled
27517,transept
27518,unaccompanied
27519,sonia
27520,texan
27521,burrows
27522,grudging
27523,illustre
27524,arcadian
27525,paracelsus
27526,tremblingly
27527,austerlitz
27528,beets
27529,chers
27530,criminals
27531,einiger
27532,engulfed
27533,gehe
27534,indescribably
27535,posing
27536,tenanted
27537,burma
27538,florine
27539,howel
27540,linden
27541,sedgwick
27542,beaches
27543,gluecklich
27544,rockets
27545,bantam
27546,easton
27547,eum
27548,eying
27549,giggling
27550,querelle
27551,saide
27552,soms
27553,unmerited
27554,punic
27555,chirping
27556,ganzes
27557,hovers
27558,merveilleux
27559,recognizable
27560,sirrah
27561,antichrist
27562,befits
27563,clipping
27564,cuyo
27565,eyeballs
27566,lowing
27567,ominously
27568,popping
27569,silencieux
27570,suet
27571,temperaments
27572,antiq
27573,roe
27574,sirius
27575,blockaded
27576,caisse
27577,indignities
27578,mop
27579,napkins
27580,palisade
27581,roches
27582,skinny
27583,waistcoats
27584,drayton
27585,urteil
27586,arrant
27587,demurred
27588,fluted
27589,grandiose
27590,peinture
27591,plebeians
27592,porphyry
27593,suspending
27594,tilbage
27595,unconcern
27596,untie
27597,voiles
27598,wayfarer
27599,chaldeans
27600,hippolyte
27601,hoffman
27602,mab
27603,concussion
27604,frisson
27605,gossamer
27606,hovels
27607,individus
27608,angelina
27609,bilder
27610,dilke
27611,melchior
27612,signior
27613,endast
27614,slates
27615,tamely
27616,welcomes
27617,janeiro
27618,autocratic
27619,endroits
27620,seance
27621,soupe
27622,sprout
27623,truculent
27624,unloading
27625,fehler
27626,powhatan
27627,wynne
27628,averting
27629,excise
27630,imitators
27631,persisting
27632,protoplasm
27633,skate
27634,throbs
27635,unpretending
27636,amyas
27637,casino
27638,gorenflot
27639,hornblower
27640,hsi
27641,abed
27642,absorbs
27643,aguas
27644,fender
27645,fiue
27646,hacking
27647,pelo
27648,prescribes
27649,procedure
27650,tole
27651,geistes
27652,hesse
27653,marathon
27654,smollett
27655,velasquez
27656,adage
27657,chintz
27658,cordage
27659,fama
27660,heifer
27661,largeness
27662,lon
27663,seared
27664,suffocation
27665,translates
27666,pentaur
27667,sewell
27668,hisself
27669,malevolence
27670,navires
27671,peddler
27672,pena
27673,roost
27674,wolde
27675,philips
27676,beareth
27677,briser
27678,disabilities
27679,sprained
27680,burleigh
27681,leipz
27682,championship
27683,evolve
27684,persistency
27685,playground
27686,restores
27687,tiled
27688,valait
27689,condolence
27690,giggled
27691,retourne
27692,eames
27693,hampden
27694,astui
27695,bogs
27696,companionable
27697,lilacs
27698,scantily
27699,scoop
27700,bosnia
27701,nehemiah
27702,wessex
27703,xl
27704,chimerical
27705,cruelle
27706,outlawed
27707,seeketh
27708,knabe
27709,risler
27710,animosities
27711,esos
27712,finale
27713,sheepskin
27714,ayrton
27715,pontius
27716,baie
27717,clink
27718,eleve
27719,gib
27720,idem
27721,mienne
27722,nourriture
27723,razon
27724,reproches
27725,viejo
27726,reyes
27727,flagship
27728,gret
27729,kleines
27730,loc
27731,burley
27732,anni
27733,bowling
27734,endnu
27735,privateer
27736,provisionally
27737,redness
27738,riven
27739,convenu
27740,encamp
27741,invigorating
27742,orden
27743,overlooks
27744,vacillating
27745,parry
27746,trenton
27747,woodstock
27748,concubines
27749,gulfs
27750,insincerity
27751,intermixed
27752,nunmehr
27753,topics
27754,methodists
27755,anciennes
27756,extol
27757,itching
27758,marvelling
27759,proviso
27760,subdivisions
27761,displacement
27762,dumped
27763,huntsmen
27764,milliers
27765,murailles
27766,quondam
27767,sounder
27768,aunty
27769,dieppe
27770,lambeth
27771,ossian
27772,offing
27773,questioner
27774,stoppage
27775,substantive
27776,agra
27777,ottilie
27778,sidonie
27779,depicting
27780,gape
27781,manoeuvring
27782,partakes
27783,bellingham
27784,bernardo
27785,newt
27786,tweed
27787,accoutrements
27788,aout
27789,capo
27790,capsules
27791,cheers
27792,chevaliers
27793,criticized
27794,digital
27795,fabrication
27796,gai
27797,lackeys
27798,lingua
27799,rends
27800,sterk
27801,vitiated
27802,ebenezer
27803,languedoc
27804,ltd
27805,sidon
27806,bobbed
27807,civilizations
27808,gelukkig
27809,paquet
27810,relies
27811,tahdon
27812,tampered
27813,bellamy
27814,prospero
27815,schriftkultur
27816,vinicius
27817,xxxix
27818,algebra
27819,experimented
27820,unintentionally
27821,untamed
27822,vigueur
27823,nil
27824,oedipus
27825,insincere
27826,lapses
27827,profondeur
27828,shatter
27829,sitteth
27830,spielen
27831,vicarage
27832,balthasar
27833,dulcinea
27834,breakfasts
27835,clamber
27836,economists
27837,flavored
27838,matelots
27839,thans
27840,unpleasantness
27841,victimes
27842,apennines
27843,babylonians
27844,comyn
27845,flaubert
27846,matti
27847,monck
27848,ohren
27849,sextus
27850,tirant
27851,descendait
27852,hadde
27853,irresolution
27854,landlocked
27855,quos
27856,rentre
27857,reprieve
27858,sidewise
27859,dea
27860,betweene
27861,empties
27862,haya
27863,hoo
27864,legality
27865,oracular
27866,smacked
27867,sombrero
27868,subjoined
27869,tattooed
27870,towing
27871,uncongenial
27872,vrede
27873,waive
27874,wrongfully
27875,achaeans
27876,darzac
27877,fang
27878,reflexion
27879,fearsome
27880,inadequacy
27881,lejos
27882,mitre
27883,pirates
27884,promoter
27885,repenting
27886,spontaneity
27887,turbulence
27888,unpacked
27889,kriemhild
27890,sitz
27891,befel
27892,enriching
27893,pasty
27894,sulkily
27895,worke
27896,priory
27897,theban
27898,blott
27899,cupboards
27900,defunct
27901,frappant
27902,irascible
27903,ogre
27904,pointer
27905,ames
27906,dundee
27907,penhallow
27908,tine
27909,baptize
27910,celestials
27911,faisons
27912,habeas
27913,liebt
27914,rectify
27915,undermining
27916,boccaccio
27917,foresman
27918,leavenworth
27919,seti
27920,barre
27921,comeliness
27922,gi
27923,soars
27924,yelping
27925,fiske
27926,pullman
27927,anglaise
27928,certo
27929,euen
27930,labels
27931,pestilential
27932,scheinen
27933,simulated
27934,ky
27935,lucile
27936,signore
27937,calleth
27938,escalier
27939,octavo
27940,writs
27941,dirk
27942,thatcher
27943,blanks
27944,countenanced
27945,demarcation
27946,derangement
27947,immobility
27948,inexpensive
27949,jungles
27950,lente
27951,misuse
27952,phosphate
27953,screech
27954,stereotyped
27955,unopened
27956,attmail
27957,burt
27958,clemence
27959,lawton
27960,zora
27961,crucible
27962,hackneyed
27963,humdrum
27964,minste
27965,misapprehension
27966,notification
27967,queerly
27968,vaine
27969,eros
27970,falle
27971,verde
27972,affectionately
27973,behest
27974,carbine
27975,chivalric
27976,curvature
27977,flatteries
27978,mogen
27979,allison
27980,greta
27981,malabar
27982,stuarts
27983,abominably
27984,accumulations
27985,approvingly
27986,coarsely
27987,dent
27988,endlessly
27989,galleon
27990,hunner
27991,incendiary
27992,lugger
27993,melodrama
27994,mocks
27995,nightcap
27996,recapture
27997,ua
27998,voraus
27999,irma
28000,lamartine
28001,schopenhauer
28002,trans
28003,withers
28004,croak
28005,ditty
28006,gaiters
28007,graduation
28008,heartiness
28009,impurities
28010,postern
28011,relegated
28012,rocket
28013,innocents
28014,sim
28015,concentric
28016,devices
28017,measureless
28018,paragon
28019,phosphorescent
28020,slothful
28021,strijd
28022,ups
28023,vrais
28024,burghley
28025,hildebrand
28026,hutton
28027,isak
28028,minos
28029,momente
28030,apporter
28031,aspirant
28032,culprits
28033,drummed
28034,groundwork
28035,miteinander
28036,natured
28037,quailed
28038,recreant
28039,salua
28040,satchel
28041,sentient
28042,spaeter
28043,unwarrantable
28044,chaos
28045,chou
28046,connor
28047,pekin
28048,vertrauen
28049,appel
28050,egalement
28051,falleth
28052,linking
28053,magis
28054,maidenly
28055,oozing
28056,overal
28057,palisades
28058,politesse
28059,sorted
28060,violations
28061,entwicklung
28062,jungfrau
28063,construe
28064,perdit
28065,reputations
28066,unrighteous
28067,ushers
28068,lamotte
28069,allayed
28070,degeneracy
28071,direful
28072,phrased
28073,quieting
28074,virginity
28075,apaches
28076,campagna
28077,gilead
28078,infanta
28079,italia
28080,milanese
28081,watling
28082,cohorts
28083,delinquent
28084,disguising
28085,fascinations
28086,gutters
28087,puddle
28088,ruts
28089,thieving
28090,voellig
28091,erle
28092,finch
28093,choruses
28094,combing
28095,graceless
28096,homines
28097,mete
28098,resultant
28099,rooster
28100,zoodat
28101,harlowe
28102,lumley
28103,sura
28104,afflicting
28105,displace
28106,elves
28107,gezogen
28108,interstices
28109,isang
28110,kolme
28111,lecteur
28112,pensant
28113,pervert
28114,poesy
28115,trok
28116,vues
28117,palliser
28118,decoy
28119,humiliate
28120,jeux
28121,stopt
28122,verbunden
28123,iago
28124,lucie
28125,netta
28126,rhin
28127,soult
28128,algun
28129,atrocity
28130,bourreau
28131,endurable
28132,idiot
28133,lineal
28134,marques
28135,sanctum
28136,writhe
28137,coligny
28138,sowerby
28139,absolue
28140,antiques
28141,apporte
28142,biology
28143,disks
28144,outcries
28145,tempore
28146,tighten
28147,traitorous
28148,crusades
28149,jeff
28150,stockton
28151,crise
28152,evoke
28153,lieve
28154,promptings
28155,rapporte
28156,crabbe
28157,newark
28158,tsar
28159,cantons
28160,confessedly
28161,enclosures
28162,forestry
28163,goblin
28164,kleur
28165,presto
28166,ruff
28167,shipment
28168,shouldest
28169,tyd
28170,eileen
28171,phidias
28172,wardes
28173,acclamation
28174,dapper
28175,ferma
28176,instalment
28177,nape
28178,negligible
28179,tahtoi
28180,servian
28181,eenig
28182,heavenward
28183,levelling
28184,mak
28185,spouting
28186,circe
28187,parisis
28188,armful
28189,beardless
28190,broiling
28191,fief
28192,jardins
28193,resists
28194,sanonut
28195,shelving
28196,souliers
28197,suelo
28198,uncivilized
28199,wielding
28200,bok
28201,dodo
28202,gaul
28203,caterpillars
28204,edra
28205,entirety
28206,herdsman
28207,hostilities
28208,imprudently
28209,mater
28210,naivete
28211,oma
28212,sarcophagus
28213,whirring
28214,clodius
28215,odo
28216,awa
28217,battu
28218,comble
28219,joskus
28220,maintenir
28221,terraced
28222,voyager
28223,linie
28224,nimrod
28225,ajatteli
28226,buffeted
28227,galleons
28228,morne
28229,musings
28230,obsequies
28231,segun
28232,tantum
28233,unsuited
28234,abdullah
28235,mercedes
28236,olympic
28237,sieh
28238,distingue
28239,exigency
28240,munching
28241,munificent
28242,nefarious
28243,responds
28244,shorthand
28245,supplice
28246,crozier
28247,feld
28248,larry
28249,awaked
28250,carp
28251,cohesion
28252,encroachment
28253,gymnastic
28254,idyllic
28255,inverse
28256,nue
28257,permet
28258,prennent
28259,scalded
28260,scorning
28261,sumptuously
28262,blomsterne
28263,salamanca
28264,begonnen
28265,chamois
28266,ensigns
28267,opal
28268,piastres
28269,rehearsals
28270,ruft
28271,sawing
28272,amazons
28273,mccarthy
28274,chroniclers
28275,exaggerations
28276,gagne
28277,gaoler
28278,liever
28279,scaly
28280,sociale
28281,stave
28282,fernandez
28283,halliday
28284,roebuck
28285,paganism
28286,patois
28287,hind
28288,abysses
28289,despots
28290,detract
28291,unseren
28292,venger
28293,disagreed
28294,fermented
28295,inhale
28296,oftenest
28297,repine
28298,oldbuck
28299,aggrandizement
28300,bantering
28301,beggary
28302,essayer
28303,glean
28304,kovin
28305,pathological
28306,vuestro
28307,doric
28308,ludovico
28309,dignitary
28310,enlever
28311,generating
28312,gorse
28313,hereunto
28314,scribbling
28315,shuttle
28316,sinistre
28317,stow
28318,donovan
28319,indes
28320,brunette
28321,catastrophes
28322,lagging
28323,ploetzlich
28324,reunited
28325,segundo
28326,syntax
28327,transference
28328,beppo
28329,erinnerung
28330,glanz
28331,hohenzollern
28332,kunti
28333,opfer
28334,rum
28335,thracian
28336,awakes
28337,consumers
28338,mensonge
28339,misrepresentation
28340,tactical
28341,vivo
28342,koenigin
28343,compatriots
28344,conformation
28345,dries
28346,encroaching
28347,financially
28348,numbed
28349,repressing
28350,totta
28351,foma
28352,hahn
28353,mathieu
28354,moravian
28355,scythian
28356,blubber
28357,gaue
28358,habited
28359,middel
28360,profiter
28361,shire
28362,thawed
28363,voracious
28364,siegmund
28365,guineas
28366,kinswoman
28367,naively
28368,permettait
28369,traverses
28370,manassas
28371,prue
28372,bumping
28373,decorating
28374,unpromising
28375,neal
28376,ambiguity
28377,dignes
28378,douces
28379,functional
28380,manufactories
28381,paroxysms
28382,paving
28383,pestilent
28384,erin
28385,godhead
28386,orkney
28387,staten
28388,imps
28389,reprimanded
28390,revoked
28391,scatters
28392,wrangle
28393,bibliotheque
28394,pip
28395,consolidate
28396,hys
28397,leaked
28398,midwinter
28399,silva
28400,tariff
28401,villon
28402,bottled
28403,clicking
28404,hedged
28405,meddled
28406,obras
28407,qualifying
28408,slouch
28409,carnot
28410,erster
28411,forsyth
28412,bailiffs
28413,embryonic
28414,glisser
28415,imposts
28416,longuement
28417,naast
28418,premieres
28419,unworthiness
28420,urns
28421,vasten
28422,violins
28423,whirls
28424,figaro
28425,sieg
28426,whistler
28427,concurrent
28428,coterie
28429,crackle
28430,detto
28431,headaches
28432,loiter
28433,marvelously
28434,moorings
28435,pretre
28436,reversing
28437,suffrages
28438,collingwood
28439,omaha
28440,frosted
28441,netting
28442,obtenu
28443,pledging
28444,slaveholder
28445,stouter
28446,tahi
28447,burg
28448,mammon
28449,sheba
28450,titan
28451,yoga
28452,augury
28453,grovelling
28454,larboard
28455,mistletoe
28456,muscle
28457,peines
28458,playwright
28459,precursor
28460,recognises
28461,unprovided
28462,amelioration
28463,beaks
28464,feelingly
28465,heftig
28466,pathless
28467,steg
28468,talade
28469,unhallowed
28470,verdient
28471,germanicus
28472,theodosia
28473,wrayson
28474,adverbs
28475,dissolves
28476,heareth
28477,javelins
28478,proscription
28479,sel
28480,versatility
28481,cowan
28482,grenzen
28483,imperialists
28484,lillie
28485,markt
28486,rochefort
28487,yuan
28488,adown
28489,gelegenheid
28490,gouty
28491,haren
28492,pigment
28493,toads
28494,trumpery
28495,kendall
28496,businesslike
28497,junger
28498,leggings
28499,ores
28500,quali
28501,toasts
28502,untutored
28503,yams
28504,blanco
28505,renan
28506,consiste
28507,ebreve
28508,fornication
28509,frente
28510,idling
28511,intelligible
28512,dermot
28513,encyclopaedia
28514,horton
28515,manne
28516,comprenez
28517,dons
28518,facsimile
28519,foretells
28520,furies
28521,lisait
28522,methodically
28523,oud
28524,rangers
28525,snore
28526,staircases
28527,steersman
28528,twittering
28529,warbling
28530,aileen
28531,joyeuse
28532,kloster
28533,macedonians
28534,ordinarily
28535,adieux
28536,branche
28537,comma
28538,duller
28539,expressionless
28540,intelligences
28541,kinsfolk
28542,progenitors
28543,ung
28544,zynde
28545,lygia
28546,politik
28547,aantal
28548,bibliography
28549,broadcloth
28550,chaude
28551,furnishings
28552,selfsame
28553,solicitors
28554,saal
28555,caressingly
28556,diem
28557,manchen
28558,mimicry
28559,provident
28560,reposer
28561,ruder
28562,scrip
28563,trudging
28564,unsuspicious
28565,wierd
28566,wuerden
28567,dorf
28568,elegy
28569,gambia
28570,vasari
28571,chaises
28572,entrap
28573,gleichfalls
28574,immortals
28575,recevait
28576,satiated
28577,bonacieux
28578,altitudes
28579,burglary
28580,convocation
28581,perjured
28582,shoving
28583,twang
28584,ugliest
28585,yt
28586,antti
28587,underwood
28588,bewailing
28589,clairement
28590,fassen
28591,indistinguishable
28592,naturalness
28593,nommer
28594,pel
28595,sisterhood
28596,snipe
28597,taboo
28598,latium
28599,magdalene
28600,mohun
28601,feebler
28602,forbearing
28603,grandsons
28604,jolted
28605,joyless
28606,pleines
28607,talkers
28608,topography
28609,unimaginable
28610,brant
28611,caire
28612,vergil
28613,gentes
28614,muddled
28615,untenable
28616,mcclernand
28617,bataillon
28618,demas
28619,dote
28620,hooted
28621,platoon
28622,ardan
28623,blas
28624,bonn
28625,queensland
28626,sallust
28627,vickers
28628,altid
28629,boroughs
28630,colla
28631,millet
28632,mingles
28633,obligingly
28634,situations
28635,spongy
28636,toon
28637,ebn
28638,hobson
28639,zeitung
28640,brawl
28641,freres
28642,idealist
28643,jus
28644,laxity
28645,matins
28646,professionally
28647,saattoi
28648,steadying
28649,sycamore
28650,mecklenburg
28651,roemer
28652,salamis
28653,cyclone
28654,embarkation
28655,leash
28656,multifarious
28657,roughest
28658,schooners
28659,tempts
28660,avon
28661,lantier
28662,chafe
28663,consumptive
28664,debility
28665,gagged
28666,ganske
28667,hout
28668,materia
28669,pods
28670,rarement
28671,translators
28672,brun
28673,clovis
28674,leland
28675,festoons
28676,kuullut
28677,lynx
28678,pared
28679,stateliness
28680,tracking
28681,vomit
28682,cullen
28683,slav
28684,westphalia
28685,cleaving
28686,eastwards
28687,entangle
28688,esclaves
28689,nondescript
28690,quavering
28691,rebound
28692,soigneusement
28693,wellnigh
28694,appian
28695,fl
28696,myers
28697,thebans
28698,weiber
28699,captor
28700,grappling
28701,pelt
28702,presentable
28703,sourd
28704,swamped
28705,cashel
28706,tuo
28707,arrete
28708,dy
28709,firemen
28710,flecked
28711,repliqua
28712,retrospective
28713,sanoo
28714,taire
28715,envoie
28716,fiat
28717,hvis
28718,maudlin
28719,satiety
28720,stiffening
28721,trabajo
28722,untaught
28723,abdul
28724,barbadoes
28725,corydon
28726,gnade
28727,josh
28728,auteur
28729,authenticated
28730,causait
28731,indulges
28732,palsy
28733,sightless
28734,unwary
28735,caxton
28736,hyacinth
28737,jeannin
28738,median
28739,ergo
28740,memento
28741,miksi
28742,mouthpiece
28743,sharpening
28744,strident
28745,trainer
28746,bray
28747,filippo
28748,johan
28749,watt
28750,aldaar
28751,authoress
28752,bekend
28753,bestaat
28754,simultaneously
28755,estelle
28756,hippias
28757,manitou
28758,abbots
28759,adjunct
28760,arcade
28761,melee
28762,shivers
28763,wended
28764,wurden
28765,burlington
28766,hd
28767,mandeville
28768,beneden
28769,indelicate
28770,inseparably
28771,prophetess
28772,saucers
28773,tablecloth
28774,thicket
28775,baptists
28776,palermo
28777,rowena
28778,tooting
28779,drawl
28780,ens
28781,hindering
28782,overawed
28783,pursed
28784,vaster
28785,harlem
28786,hulot
28787,auront
28788,clique
28789,gorgeously
28790,moindres
28791,sashes
28792,sint
28793,verborgen
28794,whithersoever
28795,provinz
28796,ritchie
28797,balked
28798,brat
28799,combated
28800,godliness
28801,icebergs
28802,milliner
28803,orgy
28804,parade
28805,principales
28806,vaudeville
28807,absences
28808,banked
28809,blithely
28810,frueher
28811,grandpa
28812,haetten
28813,ordination
28814,phonograph
28815,souci
28816,kimberley
28817,wille
28818,agitators
28819,apercevoir
28820,chipped
28821,everlastingly
28822,hypnotic
28823,liv
28824,ordonna
28825,paye
28826,quantum
28827,sche
28828,abby
28829,empfindung
28830,notwendigkeit
28831,agate
28832,alltid
28833,amusements
28834,breastplate
28835,char
28836,nomen
28837,reapers
28838,reopened
28839,seeke
28840,unnumbered
28841,ariadne
28842,hauptmann
28843,kemble
28844,messina
28845,baying
28846,grips
28847,olisin
28848,walnuts
28849,apportioned
28850,avocations
28851,discords
28852,howsoever
28853,legen
28854,midshipmen
28855,obsessed
28856,pneumonia
28857,pod
28858,sinew
28859,tingled
28860,artemis
28861,hungarians
28862,sikkim
28863,stanford
28864,ailment
28865,asperity
28866,diriger
28867,dump
28868,jambe
28869,kernels
28870,plowing
28871,vraag
28872,bayonne
28873,garter
28874,huntington
28875,noailles
28876,rica
28877,assailing
28878,bridles
28879,pouting
28880,squads
28881,urbanity
28882,ccc
28883,adorns
28884,emacr
28885,faisais
28886,fetid
28887,varten
28888,welded
28889,animates
28890,emanation
28891,gelegt
28892,gestellt
28893,harried
28894,reviewer
28895,lewin
28896,psalmist
28897,abbreviated
28898,carrot
28899,deines
28900,diviner
28901,eders
28902,enshrined
28903,garnison
28904,perche
28905,unpunished
28906,vives
28907,humphry
28908,kalle
28909,impels
28910,rideau
28911,toga
28912,unreserved
28913,balthazar
28914,fore
28915,iberville
28916,marmion
28917,deliberating
28918,films
28919,frankness
28920,geh
28921,gutes
28922,headless
28923,lettered
28924,maw
28925,mourut
28926,promptement
28927,sige
28928,stimuli
28929,athenian
28930,arbeiter
28931,marya
28932,curriculum
28933,fastenings
28934,interlude
28935,legislate
28936,oppressions
28937,wasp
28938,wenige
28939,hatton
28940,hungary
28941,marcello
28942,dunque
28943,mash
28944,raisonnable
28945,revoke
28946,rompre
28947,stoops
28948,volgens
28949,mysie
28950,peyrade
28951,bowmen
28952,jerks
28953,landowner
28954,paard
28955,patroness
28956,spiritless
28957,testimonial
28958,vaincu
28959,buckhurst
28960,elysian
28961,battait
28962,bracken
28963,cwt
28964,dolorous
28965,entrancing
28966,fascinate
28967,gevonden
28968,haft
28969,levait
28970,ordinairement
28971,posters
28972,poursuivit
28973,pulley
28974,unsuccessfully
28975,griechen
28976,holman
28977,nanny
28978,pathfinder
28979,vierge
28980,constamment
28981,desponding
28982,eener
28983,furlough
28984,haciendo
28985,pueden
28986,remaineth
28987,roved
28988,schijnt
28989,byng
28990,calvinism
28991,chick
28992,gudrun
28993,drenching
28994,hustle
28995,inhumanity
28996,intensive
28997,lod
28998,prep
28999,slanted
29000,vidi
29001,decatur
29002,martineau
29003,purcell
29004,bastante
29005,bitch
29006,comprehensible
29007,ejaculations
29008,embossed
29009,fik
29010,grandsire
29011,guid
29012,lieden
29013,overwork
29014,savaient
29015,scarecrow
29016,sqq
29017,turtles
29018,vespers
29019,vijf
29020,buffon
29021,alchemy
29022,ano
29023,consign
29024,eyebrow
29025,granary
29026,hinab
29027,inundated
29028,skeptical
29029,venereal
29030,ideen
29031,bilious
29032,feudalism
29033,nosegay
29034,thinning
29035,tourism
29036,voluntad
29037,almanac
29038,belligerents
29039,buon
29040,celebrities
29041,esset
29042,fidgeted
29043,grunting
29044,houre
29045,rewarding
29046,asquith
29047,
29048,afstand
29049,beweging
29050,blir
29051,commencait
29052,confidante
29053,conjoined
29054,coppers
29055,demonstrates
29056,ofte
29057,origins
29058,rhyme
29059,whitest
29060,julio
29061,keswick
29062,robarts
29063,apparut
29064,busiest
29065,clogged
29066,enlightening
29067,illuminations
29068,limites
29069,relent
29070,sangue
29071,sieben
29072,undeceive
29073,azores
29074,sharpe
29075,bello
29076,cauldron
29077,commenca
29078,commode
29079,flints
29080,grayish
29081,havia
29082,locust
29083,mastiff
29084,seniors
29085,vaunted
29086,evangeline
29087,guizot
29088,basalt
29089,connexions
29090,froh
29091,goblets
29092,picturesquely
29093,raspberries
29094,ueberall
29095,witchery
29096,rapp
29097,thuillier
29098,criticising
29099,curtsey
29100,deare
29101,forestalled
29102,alix
29103,dartie
29104,faulkner
29105,inferno
29106,tartary
29107,couverts
29108,deafness
29109,negress
29110,slanders
29111,verlangen
29112,amherst
29113,kalman
29114,magi
29115,cube
29116,idler
29117,subordinated
29118,viande
29119,wobei
29120,athena
29121,euphrasia
29122,linn
29123,ambuscade
29124,curtailed
29125,doting
29126,horseshoe
29127,legation
29128,piedra
29129,schaute
29130,seus
29131,supposer
29132,domitian
29133,jabez
29134,malmaison
29135,miami
29136,soto
29137,boredom
29138,differentiation
29139,estoy
29140,investigators
29141,segments
29142,taunting
29143,uebrigen
29144,virent
29145,aulus
29146,existenz
29147,ancor
29148,bottes
29149,contradicts
29150,derogatory
29151,discusses
29152,indivisible
29153,lourde
29154,orchids
29155,perdait
29156,zeg
29157,blackstone
29158,freddy
29159,tomlinson
29160,bamboos
29161,campus
29162,commande
29163,deliberated
29164,froidement
29165,hygiene
29166,kuuluu
29167,mover
29168,mowing
29169,prochain
29170,ramifications
29171,undergoes
29172,warre
29173,agesilaus
29174,cosimo
29175,luna
29176,sallie
29177,alcalde
29178,awards
29179,fantastical
29180,fournir
29181,impel
29182,inefficiency
29183,locker
29184,persecutor
29185,privily
29186,refectory
29187,spares
29188,spr
29189,krone
29190,rache
29191,caucus
29192,fasts
29193,marchands
29194,stitched
29195,unload
29196,abschied
29197,eph
29198,herdegen
29199,lombards
29200,mouret
29201,romfrey
29202,shiloh
29203,zusammenhang
29204,argumentative
29205,averaged
29206,banjo
29207,belted
29208,clenching
29209,excellente
29210,interdict
29211,madder
29212,merchandise
29213,politician
29214,postilion
29215,reino
29216,sangen
29217,specialists
29218,weaned
29219,ferrand
29220,hobbes
29221,icj
29222,louvois
29223,theophilus
29224,alum
29225,badges
29226,caballero
29227,ene
29228,hermits
29229,lateness
29230,manganese
29231,shanghai
29232,bridged
29233,dawns
29234,juicio
29235,microwave
29236,pensais
29237,slamming
29238,spokes
29239,ticklish
29240,belton
29241,blanca
29242,caledonia
29243,evelina
29244,hetta
29245,stael
29246,autonomy
29247,getroffen
29248,heah
29249,mortify
29250,racy
29251,singed
29252,strikers
29253,atticus
29254,greenwood
29255,laetitia
29256,clefts
29257,contenting
29258,convenable
29259,damped
29260,mellowed
29261,sammen
29262,volkomen
29263,avenel
29264,cilicia
29265,chirp
29266,demise
29267,flattery
29268,pavilions
29269,percivale
29270,bilden
29271,diploma
29272,herded
29273,successivement
29274,venido
29275,chalmers
29276,korean
29277,authoritatively
29278,benefices
29279,braucht
29280,fungus
29281,pente
29282,rapping
29283,sollt
29284,unanswered
29285,values
29286,herzens
29287,stueck
29288,nudged
29289,orbits
29290,patriotes
29291,scaling
29292,voces
29293,nidderdale
29294,administrators
29295,aqueduct
29296,bil
29297,dijeron
29298,doer
29299,muerto
29300,partager
29301,saunter
29302,winnipeg
29303,anos
29304,beurre
29305,cloche
29306,dezer
29307,distinctively
29308,durfte
29309,gory
29310,jolt
29311,mithin
29312,occupancy
29313,palfrey
29314,tulisi
29315,burnham
29316,christus
29317,elementary
29318,ensues
29319,equaled
29320,grossness
29321,huomasi
29322,irruption
29323,walters
29324,chucked
29325,externals
29326,foreshadowed
29327,gelernt
29328,instilled
29329,laine
29330,minde
29331,novices
29332,parsimony
29333,porches
29334,primordial
29335,teller
29336,termine
29337,goat
29338,hakluyt
29339,alternations
29340,anent
29341,asset
29342,constrain
29343,flammes
29344,imod
29345,preferably
29346,stricter
29347,tuning
29348,votive
29349,artaxerxes
29350,merrick
29351,envelop
29352,hungered
29353,molecular
29354,puits
29355,serried
29356,toothless
29357,troyes
29358,wesens
29359,bevy
29360,dependency
29361,genomen
29362,infest
29363,sala
29364,sways
29365,congreve
29366,isidore
29367,jerrie
29368,assaulting
29369,dritten
29370,ferais
29371,importe
29372,perilously
29373,underworld
29374,unserem
29375,chevelure
29376,mocht
29377,mustering
29378,newness
29379,parasitic
29380,parvint
29381,vesture
29382,northmen
29383,animus
29384,compiler
29385,congestion
29386,enfance
29387,indessen
29388,minarets
29389,nativity
29390,wahre
29391,crayon
29392,demur
29393,dictionaries
29394,dinero
29395,keynote
29396,leagued
29397,reasonableness
29398,bentham
29399,bette
29400,innern
29401,luzon
29402,malachi
29403,marcos
29404,nemours
29405,demagogues
29406,execration
29407,fife
29408,smoother
29409,steeples
29410,tiesi
29411,toned
29412,underlies
29413,buller
29414,freda
29415,mozambique
29416,nast
29417,taine
29418,dalle
29419,fagots
29420,mosques
29421,nate
29422,scrawl
29423,spits
29424,falder
29425,isobel
29426,aggregation
29427,dykes
29428,figura
29429,humiliations
29430,manier
29431,palatial
29432,rumored
29433,tattoo
29434,tolls
29435,orinoco
29436,chiselled
29437,contenta
29438,elopement
29439,emancipate
29440,ergriff
29441,improbability
29442,looketh
29443,loup
29444,participating
29445,passent
29446,sanctification
29447,soone
29448,tingle
29449,vastes
29450,eurer
29451,southwark
29452,suisse
29453,baisers
29454,bowled
29455,corals
29456,maturer
29457,paralytic
29458,prohibitions
29459,signet
29460,spoonfuls
29461,symbolized
29462,uphill
29463,henson
29464,selden
29465,andar
29466,apropos
29467,cornfields
29468,demagogue
29469,disheartening
29470,dwellings
29471,equatorial
29472,genially
29473,honeyed
29474,olisivat
29475,overran
29476,deride
29477,freshman
29478,gode
29479,gratuitously
29480,inviolate
29481,kites
29482,recommence
29483,tolled
29484,kenby
29485,gebruik
29486,impassible
29487,lascivious
29488,providentially
29489,ransomed
29490,satisfaire
29491,vise
29492,voleur
29493,dee
29494,rochefoucauld
29495,vandover
29496,beckon
29497,ejus
29498,forsaking
29499,poisson
29500,shelled
29501,timbre
29502,tripod
29503,crimea
29504,puss
29505,despairingly
29506,exaggerating
29507,foretaste
29508,laissez
29509,unfitness
29510,titanic
29511,erschienen
29512,fusillade
29513,geologists
29514,handicap
29515,headlands
29516,nettles
29517,props
29518,reproving
29519,shattering
29520,transcends
29521,pfarrer
29522,punkt
29523,taj
29524,tiefe
29525,advices
29526,arroyo
29527,flaps
29528,geraniums
29529,guerdon
29530,hankering
29531,muet
29532,relays
29533,saliva
29534,shingles
29535,suerte
29536,vorigen
29537,byzantium
29538,derbyshire
29539,drawings
29540,fam
29541,pinkerton
29542,xli
29543,competency
29544,migrations
29545,semblant
29546,vivants
29547,australians
29548,valentine
29549,violetta
29550,advancement
29551,brigantine
29552,druggist
29553,housework
29554,illusory
29555,suites
29556,charmian
29557,nimes
29558,thos
29559,algemeen
29560,benefiting
29561,demoralizing
29562,exploding
29563,ihmisten
29564,nurture
29565,whimpered
29566,gorham
29567,mansfeld
29568,chante
29569,ofttimes
29570,parfum
29571,phaeton
29572,prochaine
29573,retorts
29574,serviteurs
29575,toiset
29576,fitzpatrick
29577,graydon
29578,guida
29579,saturdays
29580,schomberg
29581,yarmouth
29582,alternation
29583,eddying
29584,pistolet
29585,repudiation
29586,transfers
29587,uprooted
29588,voudra
29589,waylaid
29590,coursed
29591,ferret
29592,respecter
29593,thoughtlessly
29594,agostino
29595,astron
29596,basque
29597,goody
29598,wallingford
29599,wickham
29600,accommodation
29601,telkens
29602,wold
29603,banker
29604,beautified
29605,embodies
29606,fuehlte
29607,indoor
29608,misunderstandings
29609,mobility
29610,plenitude
29611,qualms
29612,robins
29613,spurring
29614,teaspoonfuls
29615,wor
29616,barine
29617,freundschaft
29618,highlander
29619,indianapolis
29620,leroy
29621,pontus
29622,bucks
29623,cultivators
29624,franchement
29625,negligently
29626,synthetic
29627,touchant
29628,unbuttoned
29629,bougainville
29630,draper
29631,onkel
29632,auditory
29633,besetting
29634,causal
29635,delineated
29636,detailing
29637,emblazoned
29638,gnashing
29639,horsemanship
29640,mennyt
29641,scrapes
29642,workingmen
29643,adler
29644,alain
29645,ansehung
29646,fisk
29647,flemings
29648,gilman
29649,holborn
29650,marseille
29651,blacken
29652,hebbende
29653,merced
29654,scurrying
29655,sedert
29656,swirl
29657,tram
29658,zoort
29659,aristides
29660,ruthven
29661,affidavit
29662,banditti
29663,counterbalance
29664,depreciate
29665,loafing
29666,rin
29667,souviens
29668,tee
29669,variability
29670,darrow
29671,garry
29672,kildare
29673,container
29674,desolating
29675,distortion
29676,holler
29677,seekers
29678,undeceived
29679,bonner
29680,columbine
29681,uruguay
29682,amain
29683,divulged
29684,effulgence
29685,kiel
29686,koetti
29687,marauding
29688,prepossessing
29689,barnaby
29690,fremde
29691,monaco
29692,montigny
29693,crusaders
29694,emitting
29695,foothills
29696,gunboat
29697,justification
29698,moneyed
29699,plenteous
29700,punched
29701,thrives
29702,bremen
29703,canute
29704,gesang
29705,howland
29706,michaelmas
29707,aff
29708,billowy
29709,cheats
29710,infect
29711,ploughman
29712,queerest
29713,spiked
29714,teint
29715,tonnerre
29716,tranen
29717,whizzed
29718,laertes
29719,lytton
29720,quintilian
29721,strasse
29722,eerie
29723,gusty
29724,organise
29725,outdoors
29726,quantitative
29727,sentis
29728,lycurgus
29729,aides
29730,animo
29731,causeth
29732,doest
29733,drest
29734,hectic
29735,ignores
29736,ize
29737,morgens
29738,navait
29739,partage
29740,perd
29741,prenaient
29742,rump
29743,squash
29744,stipend
29745,badger
29746,boldwood
29747,giotto
29748,harmon
29749,hesiod
29750,annotations
29751,ballots
29752,beginnen
29753,kiu
29754,knavery
29755,kokonaan
29756,lapsi
29757,loon
29758,meteors
29759,placards
29760,rebukes
29761,rencontra
29762,farbe
29763,kane
29764,maltese
29765,pollyanna
29766,tullia
29767,civile
29768,dimension
29769,erosion
29770,mutilation
29771,oddest
29772,scoffing
29773,teaspoons
29774,vertue
29775,visa
29776,aerssens
29777,verrian
29778,apostate
29779,contenir
29780,coyote
29781,racks
29782,rivalled
29783,sneeze
29784,steadfastness
29785,sweated
29786,telescopes
29787,virginal
29788,voeux
29789,krankheit
29790,leinster
29791,schutz
29792,belie
29793,calamitous
29794,equipments
29795,fagged
29796,imploringly
29797,jasper
29798,jib
29799,narcotic
29800,seamed
29801,tickling
29802,undercurrent
29803,voudrez
29804,durand
29805,lemon
29806,soho
29807,behoves
29808,dite
29809,endangering
29810,fairyland
29811,keepeth
29812,ploughs
29813,safeguards
29814,threateningly
29815,zunaechst
29816,gambetta
29817,incas
29818,lourdes
29819,priestley
29820,schrecken
29821,erwarten
29822,fatale
29823,gorged
29824,missis
29825,necks
29826,patronage
29827,reckoning
29828,superscription
29829,uselessly
29830,logik
29831,thayer
29832,blister
29833,discoverable
29834,frequenting
29835,insecurity
29836,mourns
29837,plaire
29838,quatorze
29839,rivet
29840,tertiary
29841,whereto
29842,dotty
29843,ewing
29844,himmels
29845,lenox
29846,versuch
29847,zorzi
29848,assorted
29849,footlights
29850,lutter
29851,recrossed
29852,ribald
29853,tunne
29854,desiree
29855,lockwood
29856,otaheite
29857,diplomat
29858,faccia
29859,griechischen
29860,pensez
29861,albrecht
29862,saga
29863,archangel
29864,bartered
29865,dragen
29866,extremest
29867,gewonnen
29868,parlons
29869,pealed
29870,plenipotentiaries
29871,profanation
29872,shepherdess
29873,surplice
29874,europeans
29875,rienzi
29876,alleviation
29877,asylums
29878,colds
29879,darksome
29880,deployed
29881,eis
29882,fertilised
29883,hai
29884,hrs
29885,snuffed
29886,sullied
29887,whizzing
29888,francie
29889,innes
29890,ablutions
29891,cowl
29892,frontispiece
29893,hatching
29894,humaines
29895,obloquy
29896,voulons
29897,hellespont
29898,marcius
29899,shibli
29900,conciliating
29901,emphasizing
29902,eruptions
29903,hireling
29904,kennis
29905,ooit
29906,pontifical
29907,steely
29908,stoical
29909,voy
29910,caron
29911,fitzhugh
29912,hauptstadt
29913,rastignac
29914,singleton
29915,siward
29916,tully
29917,whew
29918,xlii
29919,cachait
29920,husbandmen
29921,kulki
29922,nieuw
29923,riper
29924,wealthier
29925,baltimore
29926,hewitt
29927,oho
29928,conforming
29929,depositions
29930,disdaining
29931,followeth
29932,hater
29933,heeren
29934,tiptoed
29935,unheeding
29936,dundas
29937,franzosen
29938,injuns
29939,kleider
29940,rosen
29941,abjure
29942,archery
29943,crickets
29944,embarras
29945,entanglement
29946,fatuous
29947,headings
29948,intimations
29949,merchandize
29950,paraissaient
29951,soonest
29952,thousandth
29953,unfairly
29954,augmenting
29955,avenir
29956,bairns
29957,contaminated
29958,fiacre
29959,filament
29960,grotesquely
29961,harsher
29962,jete
29963,kuka
29964,mackerel
29965,outbreaks
29966,plafond
29967,spiced
29968,zuweilen
29969,aquinas
29970,dashwood
29971,finnish
29972,waife
29973,cabo
29974,cloaked
29975,deceiver
29976,fatty
29977,kindergarten
29978,oiseau
29979,overhauled
29980,screeching
29981,subsidence
29982,unwavering
29983,westwards
29984,communists
29985,maister
29986,vogel
29987,gedachten
29988,habiendo
29989,obelisk
29990,ose
29991,uh
29992,voller
29993,calvinist
29994,polybius
29995,ypres
29996,annoncer
29997,astrologers
29998,casas
29999,casque
30000,enlisting
30001,funeste
30002,handcuffs
30003,loftily
30004,saurais
30005,schoolmistress
30006,sinut
30007,soviel
30008,tedium
30009,winks
30010,nolan
30011,boars
30012,granaries
30013,juif
30014,quinine
30015,resource
30016,squint
30017,stesso
30018,biron
30019,cuvier
30020,proteus
30021,strasbourg
30022,sybarite
30023,ardeur
30024,busted
30025,critter
30026,drawling
30027,drizzling
30028,dweller
30029,fractured
30030,minae
30031,perdus
30032,verbatim
30033,cadmus
30034,iaea
30035,sheppard
30036,shylock
30037,weisheit
30038,apostrophe
30039,climatic
30040,fatten
30041,hooting
30042,kraal
30043,natuurlijk
30044,trooped
30045,unresisting
30046,carver
30047,corliss
30048,kreise
30049,apenas
30050,aurais
30051,dreamless
30052,jocular
30053,lointain
30054,oxidation
30055,rasping
30056,seeker
30057,tentatively
30058,tiniest
30059,unadorned
30060,uneventful
30061,wozu
30062,lausanne
30063,moulin
30064,ormont
30065,riccabocca
30066,salomon
30067,stuhl
30068,aberration
30069,autocrat
30070,crus
30071,distantly
30072,hash
30073,lanterne
30074,patronize
30075,podia
30076,saplings
30077,secoua
30078,appomattox
30079,etta
30080,gillespie
30081,marly
30082,morok
30083,birches
30084,dines
30085,doce
30086,pealing
30087,primroses
30088,relentlessly
30089,vente
30090,whack
30091,amine
30092,howell
30093,palma
30094,zane
30095,aspires
30096,balloons
30097,craftsmen
30098,dando
30099,dyeing
30100,hereof
30101,prin
30102,tirade
30103,slavonic
30104,apprenticed
30105,blackmail
30106,canyons
30107,collisions
30108,congenital
30109,contacts
30110,cropping
30111,diametrically
30112,mallet
30113,severance
30114,stolidly
30115,umbrage
30116,caspar
30117,octavio
30118,tavia
30119,vetter
30120,abnormally
30121,citations
30122,dams
30123,kindles
30124,penitential
30125,quils
30126,spellbound
30127,strapping
30128,clarkson
30129,passover
30130,pisistratus
30131,arranges
30132,arsenals
30133,befitted
30134,disclosures
30135,douloureux
30136,fireman
30137,formulae
30138,gleefully
30139,indigne
30140,intrinsically
30141,overthrowing
30142,pasado
30143,purser
30144,realite
30145,rhubarb
30146,stiffen
30147,tornado
30148,scythians
30149,trollope
30150,chloroform
30151,contorted
30152,determinations
30153,glibly
30154,glum
30155,meteorological
30156,officiating
30157,patio
30158,trice
30159,versteht
30160,wile
30161,baleinier
30162,martinique
30163,orme
30164,alternated
30165,ascribing
30166,hydraulic
30167,laquais
30168,marin
30169,reprobation
30170,soo
30171,twirled
30172,vainement
30173,cassio
30174,festus
30175,gov
30176,schnee
30177,avrebbe
30178,breakfasting
30179,bridled
30180,citron
30181,fouet
30182,holocaust
30183,juniper
30184,malheureusement
30185,merveille
30186,pleurait
30187,puolen
30188,redoutable
30189,tenderer
30190,wails
30191,woof
30192,hakon
30193,vicenza
30194,wa
30195,wally
30196,caballo
30197,elkaar
30198,squeaking
30199,superannuated
30200,thereunto
30201,vio
30202,wince
30203,windlass
30204,hanson
30205,paterson
30206,pinckney
30207,volga
30208,provocative
30209,recompensed
30210,sauces
30211,schweren
30212,vihdoin
30213,zelven
30214,indias
30215,breasts
30216,churchmen
30217,glisten
30218,slot
30219,tekee
30220,turne
30221,visites
30222,whaling
30223,breckon
30224,lucerne
30225,murchison
30226,petrovitch
30227,churlish
30228,delightedly
30229,longingly
30230,provokes
30231,queste
30232,unseres
30233,untrodden
30234,vigils
30235,alencon
30236,evangelist
30237,pringle
30238,templar
30239,affray
30240,blotting
30241,calf
30242,cheeses
30243,entwined
30244,molestation
30245,refus
30246,roseate
30247,serre
30248,albanian
30249,appius
30250,coburn
30251,grandier
30252,lys
30253,odette
30254,sganarelle
30255,alwaar
30256,changeless
30257,designer
30258,dictatorship
30259,diep
30260,drowsily
30261,felling
30262,leaky
30263,monopolies
30264,onerous
30265,overalls
30266,proxy
30267,rehearsing
30268,ringed
30269,superl
30270,cappy
30271,grenada
30272,lehrer
30273,violante
30274,blare
30275,esas
30276,expeditious
30277,importuned
30278,kvar
30279,lika
30280,mitigation
30281,raspberry
30282,riviere
30283,triumphing
30284,unoffending
30285,clem
30286,devereux
30287,harvey
30288,marilla
30289,rowe
30290,wangen
30291,calmness
30292,conglomerate
30293,eenmaal
30294,firmest
30295,frontal
30296,invulnerable
30297,nothings
30298,sceptic
30299,slam
30300,busen
30301,maori
30302,alkaline
30303,baissa
30304,ipsa
30305,maahan
30306,receptacles
30307,sarebbe
30308,songea
30309,veiling
30310,bigelow
30311,highnesses
30312,pollock
30313,stephenson
30314,aloes
30315,amener
30316,amigos
30317,appetizing
30318,faring
30319,interlaced
30320,prating
30321,protestation
30322,riddled
30323,buxton
30324,slavs
30325,bancs
30326,decoction
30327,egotistical
30328,flannels
30329,flighty
30330,incisive
30331,joindre
30332,paraitre
30333,undefiled
30334,valorous
30335,werken
30336,auvergne
30337,blackfeet
30338,dayton
30339,palmyra
30340,vesta
30341,accompli
30342,dialectic
30343,meted
30344,misjudged
30345,neues
30346,plante
30347,poodle
30348,sergent
30349,trouverez
30350,venons
30351,alwyn
30352,anthea
30353,hertford
30354,apologizing
30355,booked
30356,escutcheon
30357,hoar
30358,nettement
30359,prospectus
30360,rattlesnake
30361,regretful
30362,saline
30363,gurth
30364,josue
30365,pentecost
30366,stolz
30367,strauss
30368,escapade
30369,generalship
30370,libels
30371,naturaleza
30372,olikin
30373,pensioners
30374,abyssinian
30375,bourges
30376,canaanites
30377,dacier
30378,hansen
30379,jozef
30380,kentish
30381,pomfret
30382,disparage
30383,huskily
30384,operatives
30385,petitioner
30386,playfulness
30387,bagarag
30388,crillon
30389,josie
30390,mayer
30391,tyrolese
30392,valladolid
30393,chattel
30394,cornered
30395,dadelijk
30396,derselbe
30397,envying
30398,onlookers
30399,peanuts
30400,publisher
30401,shareholders
30402,steeply
30403,thimble
30404,trenchant
30405,waitress
30406,charteris
30407,fane
30408,stube
30409,zadig
30410,booted
30411,defraud
30412,looped
30413,recurrent
30414,sloeg
30415,ala
30416,lond
30417,pretoria
30418,wesleyan
30419,bestehen
30420,cradled
30421,devine
30422,eradicate
30423,fel
30424,gegenueber
30425,illegible
30426,speeds
30427,strut
30428,aegean
30429,diodorus
30430,federalists
30431,acumen
30432,caldron
30433,differentiated
30434,disowned
30435,fearlessness
30436,flicked
30437,gravelly
30438,lanthorn
30439,rears
30440,sourde
30441,tantalizing
30442,dardanelles
30443,magdeburg
30444,marta
30445,stuyvesant
30446,aloofness
30447,broil
30448,conduisait
30449,sufferance
30450,tastefully
30451,tumblers
30452,beauvais
30453,heloise
30454,heracles
30455,polynesian
30456,proudie
30457,admirals
30458,carta
30459,combating
30460,faiths
30461,healthier
30462,iceberg
30463,kurzen
30464,pela
30465,waterfalls
30466,degen
30467,hurst
30468,univ
30469,demoniac
30470,emme
30471,entitles
30472,epics
30473,metals
30474,mua
30475,vilja
30476,allgemeinheit
30477,gwynne
30478,contenait
30479,disappearance
30480,hammocks
30481,impolitic
30482,notched
30483,nuts
30484,pesar
30485,spawn
30486,storehouses
30487,targets
30488,dobson
30489,minun
30490,orsini
30491,poseidon
30492,southerner
30493,captives
30494,intorno
30495,mockingly
30496,pristine
30497,talke
30498,burlingame
30499,croft
30500,maya
30501,averages
30502,capers
30503,elucidation
30504,gereed
30505,nibbling
30506,synonym
30507,testa
30508,verlangt
30509,catullus
30510,mitleid
30511,scheldt
30512,sears
30513,airily
30514,calming
30515,dorp
30516,expelling
30517,floundered
30518,forearm
30519,futile
30520,immigrant
30521,myrrh
30522,pedlar
30523,publican
30524,worldliness
30525,butchery
30526,buttonhole
30527,cased
30528,inextricably
30529,iridescent
30530,parried
30531,uncertainties
30532,wallowing
30533,capitan
30534,endicott
30535,ugo
30536,virginians
30537,adolescence
30538,corroborate
30539,disinherited
30540,enormities
30541,inquietude
30542,jes
30543,soulless
30544,trouvera
30545,yit
30546,aldarondo
30547,blenheim
30548,caligula
30549,epicurean
30550,voc
30551,zacharias
30552,apostasy
30553,clog
30554,glimpsed
30555,liste
30556,matiere
30557,maturing
30558,od
30559,palsied
30560,peacocks
30561,revelling
30562,tremblante
30563,besuch
30564,conservatives
30565,newmarket
30566,bly
30567,churl
30568,dicen
30569,fino
30570,indissoluble
30571,naeher
30572,parlance
30573,transmitter
30574,vare
30575,vorbei
30576,alaeddin
30577,kurus
30578,templeton
30579,dilatory
30580,entrapped
30581,fittings
30582,schaffen
30583,coral
30584,livia
30585,thea
30586,alehouse
30587,asphalt
30588,bumper
30589,colts
30590,daarna
30591,drays
30592,dwindling
30593,eius
30594,estan
30595,firstly
30596,growls
30597,inhaling
30598,intractable
30599,pomegranates
30600,unearthed
30601,ruf
30602,smithfield
30603,avantages
30604,beadle
30605,demolition
30606,dese
30607,ducking
30608,encroach
30609,hungrily
30610,inextricable
30611,poeta
30612,shimmer
30613,slighter
30614,steppes
30615,augustan
30616,bascom
30617,beelzebub
30618,cabul
30619,doubleday
30620,ferrier
30621,juden
30622,malaga
30623,prothero
30624,brewed
30625,lathe
30626,ling
30627,litle
30628,nah
30629,parading
30630,personas
30631,pointers
30632,quince
30633,sacramental
30634,tristement
30635,farquhar
30636,kidd
30637,lepic
30638,maxence
30639,mazzini
30640,northeastern
30641,cogent
30642,darkling
30643,eater
30644,improbable
30645,inconsolable
30646,lengthwise
30647,mucous
30648,productivity
30649,shielding
30650,townsfolk
30651,caldigate
30652,dijon
30653,mendelssohn
30654,defensive
30655,disparaging
30656,lengua
30657,plaudits
30658,richtete
30659,subversive
30660,pavia
30661,spargo
30662,clods
30663,covenants
30664,jauntily
30665,kunt
30666,osaa
30667,pillared
30668,soprano
30669,varmaan
30670,byrne
30671,juley
30672,monckton
30673,polignac
30674,television
30675,vasudeva
30676,accountant
30677,condense
30678,economist
30679,hindrances
30680,kerk
30681,laps
30682,snowed
30683,strutting
30684,suavity
30685,charitably
30686,gents
30687,marins
30688,parvenir
30689,colombo
30690,elia
30691,elysium
30692,uganda
30693,verne
30694,assay
30695,chins
30696,heaves
30697,hopefulness
30698,lichens
30699,pommel
30700,reconstructed
30701,sarcasms
30702,sy
30703,ethelyn
30704,lizzy
30705,mahometans
30706,exclusiveness
30707,fracas
30708,mooi
30709,obtrusive
30710,pals
30711,undergraduate
30712,vuotta
30713,bronte
30714,calderon
30715,elsmere
30716,heikki
30717,coarsest
30718,constituencies
30719,cram
30720,emu
30721,faibles
30722,governess
30723,habitans
30724,irretrievably
30725,legacies
30726,niggardly
30727,respirer
30728,smithy
30729,beni
30730,seelen
30731,embellish
30732,furled
30733,hugely
30734,liggen
30735,miserly
30736,mush
30737,redoubt
30738,usurping
30739,baisemeaux
30740,carlsbad
30741,charivari
30742,federalist
30743,libyan
30744,vietnam
30745,appoints
30746,checkered
30747,downtown
30748,gals
30749,habiliments
30750,lunatics
30751,ninguno
30752,pardonne
30753,plated
30754,puhui
30755,serrant
30756,tegenover
30757,wriggle
30758,ammiani
30759,canby
30760,giuseppe
30761,grad
30762,ka
30763,sairmeuse
30764,crowed
30765,curs
30766,disentangle
30767,hac
30768,harpoon
30769,marriageable
30770,miscarriage
30771,moines
30772,premise
30773,ravings
30774,vociferous
30775,blowed
30776,darunter
30777,fous
30778,gewinnen
30779,gladsome
30780,knobs
30781,kring
30782,kuulla
30783,offert
30784,pitchers
30785,slaughtering
30786,solamente
30787,steeled
30788,app
30789,hazlewood
30790,henshaw
30791,micheline
30792,tyrone
30793,bezig
30794,contient
30795,couchant
30796,downpour
30797,explosives
30798,fop
30799,innerhalb
30800,shavings
30801,stink
30802,stund
30803,unctuous
30804,apocalypse
30805,lutherans
30806,massena
30807,ukraine
30808,butts
30809,detaching
30810,doffed
30811,ensured
30812,groceries
30813,interposing
30814,justicia
30815,nicely
30816,siguiente
30817,troubler
30818,tuosta
30819,vn
30820,denuded
30821,gien
30822,palliate
30823,powerless
30824,siehst
30825,skepticism
30826,thirsted
30827,unwashed
30828,harlan
30829,tibetan
30830,accelerate
30831,benignity
30832,donor
30833,malefactors
30834,outstripped
30835,remarqua
30836,rustics
30837,slick
30838,vicarious
30839,wasps
30840,belgrade
30841,flo
30842,haman
30843,johnstone
30844,banishing
30845,coiffure
30846,enacting
30847,impudently
30848,limes
30849,neighing
30850,outpouring
30851,pommes
30852,ticked
30853,twintig
30854,unlettered
30855,unpopularity
30856,verification
30857,herrera
30858,lentulus
30859,radicals
30860,chequered
30861,corazon
30862,fathomless
30863,serjeant
30864,warships
30865,antlitz
30866,blanchard
30867,corinne
30868,yellowstone
30869,celebre
30870,geniality
30871,hydrochloric
30872,incentives
30873,meself
30874,meurt
30875,profondes
30876,provincials
30877,prunes
30878,punishes
30879,quivers
30880,repayment
30881,ridicules
30882,scuttle
30883,soumis
30884,hamel
30885,independents
30886,unionists
30887,vicomtesse
30888,citie
30889,divil
30890,domaine
30891,kith
30892,poursuivre
30893,slays
30894,tackled
30895,chump
30896,gregorio
30897,boek
30898,cartilage
30899,dikes
30900,menton
30901,overturning
30902,peeps
30903,piecemeal
30904,plaisanterie
30905,gottfried
30906,leid
30907,lisle
30908,motte
30909,strafe
30910,achievements
30911,crafts
30912,crucifixion
30913,expostulation
30914,herbes
30915,huizen
30916,rating
30917,slandered
30918,socialistic
30919,stucco
30920,thoughtlessness
30921,giulio
30922,patroclus
30923,abduction
30924,careworn
30925,cesser
30926,cob
30927,connus
30928,foret
30929,gluttony
30930,mache
30931,mollified
30932,presupposes
30933,sicken
30934,typically
30935,volubility
30936,gestalten
30937,millicent
30938,proserpine
30939,sahwah
30940,warwickshire
30941,breve
30942,contumely
30943,prescience
30944,pyramidal
30945,quadruped
30946,remplacer
30947,sacking
30948,unrestricted
30949,loudon
30950,manfred
30951,strom
30952,barricaded
30953,bragging
30954,bueno
30955,cucumber
30956,jocund
30957,mancher
30958,oneness
30959,pensees
30960,practicability
30961,reprisals
30962,samt
30963,soap
30964,subitement
30965,systeme
30966,territoire
30967,jehan
30968,midland
30969,wingfold
30970,abstaining
30971,aurons
30972,beneficiary
30973,dislocated
30974,fenetres
30975,steenen
30976,taivaan
30977,beweis
30978,nicholl
30979,oof
30980,ashy
30981,bonte
30982,circumcised
30983,cupfuls
30984,discloses
30985,engraven
30986,getal
30987,llamado
30988,millstone
30989,atherton
30990,berl
30991,cordelia
30992,ec
30993,manchu
30994,modena
30995,pipelines
30996,salzburg
30997,actuality
30998,loquacious
30999,pudo
31000,vial
31001,campan
31002,hobbs
31003,lapierre
31004,assessed
31005,chronicled
31006,fem
31007,northwestern
31008,peso
31009,rummaging
31010,rumpled
31011,signalized
31012,tahdo
31013,volte
31014,aufgabe
31015,burgundians
31016,gawd
31017,greville
31018,hinduism
31019,sloane
31020,theodor
31021,amplitude
31022,bask
31023,bewegen
31024,demoiselles
31025,giuen
31026,jointed
31027,obstructing
31028,outrun
31029,texte
31030,tumulte
31031,camillo
31032,gratian
31033,ithaca
31034,jura
31035,leonidas
31036,wilhelmina
31037,aggravation
31038,devours
31039,embassies
31040,gebe
31041,ignited
31042,kotiin
31043,chickamauga
31044,cooperative
31045,yvonne
31046,bandes
31047,churchman
31048,clank
31049,encircle
31050,gethan
31051,paisible
31052,paralleled
31053,plantains
31054,presentiments
31055,shortwave
31056,unutterably
31057,vitae
31058,paaker
31059,valenciennes
31060,antimony
31061,avesse
31062,canvassed
31063,cuirass
31064,egregious
31065,kunnes
31066,marveled
31067,mauve
31068,opposites
31069,permanency
31070,reappears
31071,singleness
31072,whisperings
31073,wormwood
31074,carmel
31075,cibber
31076,kerels
31077,lidia
31078,absolu
31079,diejenigen
31080,habitat
31081,interet
31082,posture
31083,rouses
31084,smear
31085,startlingly
31086,alleyne
31087,augereau
31088,bailie
31089,capuchin
31090,foy
31091,harpagon
31092,nucingen
31093,windham
31094,centrifugal
31095,dreamers
31096,eri
31097,flinch
31098,magpie
31099,richesses
31100,solvent
31101,transcend
31102,treffen
31103,balder
31104,chatillon
31105,lina
31106,tulliver
31107,aqueous
31108,aspirations
31109,circa
31110,coffer
31111,dreariness
31112,eos
31113,exasperate
31114,gypsies
31115,humidity
31116,idolized
31117,jouir
31118,leichter
31119,objeto
31120,prete
31121,waarheid
31122,wean
31123,arten
31124,parke
31125,freest
31126,grenadier
31127,hurricanes
31128,lichen
31129,lightening
31130,mindre
31131,passim
31132,rei
31133,sijn
31134,sprigs
31135,nase
31136,arma
31137,cavil
31138,coherence
31139,excruciating
31140,eyelid
31141,hobbling
31142,sanoin
31143,aquila
31144,grenoble
31145,xliii
31146,ambulances
31147,bulletins
31148,chic
31149,desquels
31150,excellencies
31151,mittens
31152,oom
31153,patchwork
31154,script
31155,studs
31156,valle
31157,venais
31158,yez
31159,brutus
31160,bulstrode
31161,carinthia
31162,croker
31163,ecuador
31164,hernando
31165,accost
31166,bouts
31167,crimsoned
31168,cute
31169,drearily
31170,fondled
31171,hisses
31172,infraction
31173,kommo
31174,lowers
31175,neiti
31176,picnics
31177,swindle
31178,picardy
31179,arriere
31180,catholique
31181,contortions
31182,flirted
31183,gripe
31184,householder
31185,illi
31186,impostors
31187,models
31188,ouverts
31189,sensibility
31190,songeant
31191,testimonio
31192,ballantyne
31193,jago
31194,kosten
31195,lansdowne
31196,laud
31197,tarleton
31198,apotheosis
31199,bodyguard
31200,defendre
31201,inaugural
31202,intensify
31203,jokes
31204,paraissent
31205,photography
31206,sano
31207,gorgias
31208,septimius
31209,sofia
31210,austerities
31211,casements
31212,franchir
31213,genealogical
31214,idealized
31215,marital
31216,proprio
31217,sorter
31218,strutted
31219,tirait
31220,marengo
31221,stimmen
31222,borrows
31223,corroboration
31224,enthousiasme
31225,irreligious
31226,jackals
31227,loafers
31228,siller
31229,advertiser
31230,bobbie
31231,humphreys
31232,arracher
31233,aspen
31234,croaked
31235,custodian
31236,heros
31237,liebte
31238,losse
31239,seht
31240,stopper
31241,swordsman
31242,warten
31243,whitening
31244,braut
31245,jessica
31246,kitchener
31247,lithuania
31248,redworth
31249,coadjutor
31250,droves
31251,evincing
31252,extirpate
31253,hoods
31254,krank
31255,liner
31256,offrait
31257,philanthropists
31258,plantain
31259,proposa
31260,statutory
31261,tiden
31262,agrippina
31263,hendon
31264,mohawks
31265,deadliest
31266,deducted
31267,flaws
31268,garbage
31269,hauts
31270,likenesses
31271,purposeless
31272,shiftless
31273,umher
31274,antilles
31275,carter
31276,montezuma
31277,punjab
31278,vic
31279,carven
31280,collegiate
31281,endureth
31282,gracia
31283,mightest
31284,monarchie
31285,unwarranted
31286,armadale
31287,dominicans
31288,durward
31289,handlungen
31290,lepidus
31291,nannie
31292,roxane
31293,staffordshire
31294,adjoined
31295,diverging
31296,kaikkien
31297,maata
31298,modelling
31299,penknife
31300,pourrai
31301,redundant
31302,regrette
31303,rusted
31304,solemnities
31305,souriait
31306,subtlest
31307,tandem
31308,unmercifully
31309,uproarious
31310,helas
31311,pennington
31312,engraver
31313,miscreants
31314,rapporter
31315,retainer
31316,sulle
31317,undervalue
31318,carlotta
31319,clermont
31320,harwich
31321,hollande
31322,lope
31323,onko
31324,apocryphal
31325,behoved
31326,denouement
31327,diesmal
31328,donnera
31329,estime
31330,immersion
31331,soundless
31332,stepfather
31333,schlacht
31334,texans
31335,brimful
31336,chaplet
31337,desecrated
31338,jerky
31339,lustig
31340,martyred
31341,maternity
31342,muiden
31343,outdo
31344,projectiles
31345,purporting
31346,rabid
31347,regrettable
31348,supplie
31349,weaves
31350,cinna
31351,islington
31352,manicamp
31353,pakistan
31354,silvia
31355,apologised
31356,manie
31357,miroir
31358,rapides
31359,thir
31360,tusen
31361,unalloyed
31362,unbeliever
31363,veiller
31364,dampier
31365,generall
31366,wolfgang
31367,bated
31368,beet
31369,belly
31370,borst
31371,flayed
31372,goblins
31373,gouttes
31374,merkte
31375,migratory
31376,moles
31377,revile
31378,unge
31379,uti
31380,chrysostom
31381,yukon
31382,absolutism
31383,amalgamation
31384,enthusiasms
31385,entrenchments
31386,eten
31387,interiors
31388,ligger
31389,misere
31390,parlaient
31391,prophesying
31392,starken
31393,submissively
31394,supping
31395,tenido
31396,unofficial
31397,kuru
31398,mannheim
31399,mongolian
31400,adamant
31401,discolored
31402,disquietude
31403,entierement
31404,feline
31405,ot
31406,raft
31407,salvage
31408,stork
31409,surfeit
31410,tiennent
31411,unmeasured
31412,andras
31413,bramble
31414,christiana
31415,geom
31416,hebe
31417,hilliard
31418,hurtle
31419,tarentum
31420,arrivee
31421,carrosse
31422,crestfallen
31423,deuced
31424,domino
31425,dubiously
31426,farmhouses
31427,luminary
31428,overdone
31429,posible
31430,radiate
31431,razed
31432,relented
31433,ture
31434,eduard
31435,geronimo
31436,abideth
31437,accents
31438,flancs
31439,juxtaposition
31440,objecting
31441,omacr
31442,slashing
31443,falk
31444,raeburn
31445,trim
31446,boor
31447,extempore
31448,giddiness
31449,hallucinations
31450,hoot
31451,protein
31452,sacristan
31453,scampering
31454,thunderstruck
31455,falmouth
31456,hermas
31457,bouncing
31458,enigmatic
31459,illumine
31460,lebhaft
31461,loophole
31462,milked
31463,pox
31464,readiest
31465,rental
31466,slits
31467,ukko
31468,verres
31469,cheapside
31470,lucille
31471,romania
31472,sprague
31473,carnivorous
31474,drinke
31475,erudite
31476,kaikkea
31477,montant
31478,navigating
31479,serie
31480,sonner
31481,argives
31482,haiti
31483,heil
31484,lathrop
31485,moran
31486,schmucke
31487,stonewall
31488,archdukes
31489,citation
31490,cuir
31491,germinal
31492,highwaymen
31493,natuur
31494,resto
31495,suffisait
31496,wovon
31497,bruxelles
31498,nevers
31499,sertorius
31500,allgemein
31501,bison
31502,dysentery
31503,fen
31504,fishers
31505,keineswegs
31506,miry
31507,adot
31508,entendant
31509,gelten
31510,hussars
31511,individu
31512,larvae
31513,sleeves
31514,tuk
31515,tulip
31516,baillie
31517,darya
31518,cc
31519,erreichen
31520,fugitives
31521,fulsome
31522,inderdaad
31523,lullaby
31524,reedy
31525,epictetus
31526,fillmore
31527,hein
31528,livius
31529,pontiac
31530,ailed
31531,conseiller
31532,defenseless
31533,desespoir
31534,devolve
31535,ello
31536,forment
31537,lodgment
31538,mourant
31539,postillion
31540,publishes
31541,ras
31542,rioting
31543,sincerest
31544,unfurled
31545,ismail
31546,lucinda
31547,mulford
31548,zufall
31549,armature
31550,assizes
31551,diess
31552,graded
31553,kaikkia
31554,lauded
31555,lucidity
31556,rires
31557,scharf
31558,staccato
31559,steaks
31560,stratified
31561,traten
31562,unimpeachable
31563,vaincre
31564,beresford
31565,gallus
31566,manzoni
31567,nehljudof
31568,schneider
31569,adheres
31570,configuration
31571,cutlets
31572,gavest
31573,pencilled
31574,pulsing
31575,revising
31576,ruisseau
31577,subsists
31578,crockett
31579,fiorsen
31580,macpherson
31581,selby
31582,statute
31583,westcott
31584,abdominal
31585,bazaars
31586,dominates
31587,elite
31588,enunciation
31589,fixer
31590,mihin
31591,notches
31592,rancor
31593,sternest
31594,sympathised
31595,throned
31596,tittle
31597,unwisely
31598,bulwer
31599,challoner
31600,indonesia
31601,lucknow
31602,catalogues
31603,dai
31604,diurnal
31605,enchantress
31606,gazelle
31607,honneurs
31608,inconnue
31609,britling
31610,maulevrier
31611,norma
31612,stamford
31613,depressions
31614,faggots
31615,gastric
31616,housewives
31617,interpolated
31618,interrupts
31619,kilometres
31620,meads
31621,moonbeams
31622,puissances
31623,reconnoitring
31624,reprises
31625,stewpan
31626,freuden
31627,pentateuch
31628,sixtus
31629,antwoord
31630,chiding
31631,disembodied
31632,emporte
31633,indubitably
31634,inneren
31635,irremediable
31636,mow
31637,presenta
31638,unnamed
31639,vervolgens
31640,bedient
31641,tiere
31642,verlust
31643,aard
31644,axioms
31645,canvassing
31646,cognizant
31647,eenigen
31648,grandmamma
31649,inkstand
31650,laissaient
31651,lautre
31652,oozed
31653,poses
31654,resourceful
31655,subsiding
31656,vampire
31657,werdet
31658,wondrously
31659,erfolg
31660,fere
31661,morten
31662,seelchen
31663,thad
31664,walloon
31665,alsdann
31666,bolster
31667,denk
31668,harboured
31669,orchestral
31670,preciso
31671,spinach
31672,viendo
31673,jumping
31674,miene
31675,serbian
31676,shelby
31677,taurus
31678,tische
31679,cad
31680,compagne
31681,dutifully
31682,entities
31683,gehad
31684,revellers
31685,romp
31686,starlit
31687,trekken
31688,tulips
31689,calvinistic
31690,coconnas
31691,dient
31692,enda
31693,gambled
31694,hawking
31695,poniard
31696,purent
31697,recit
31698,softens
31699,voeu
31700,aztec
31701,lama
31702,wolken
31703,bleven
31704,chid
31705,eilte
31706,gnats
31707,innere
31708,jetty
31709,joies
31710,kohti
31711,progenitor
31712,vexing
31713,waif
31714,barto
31715,celt
31716,mckee
31717,peninsular
31718,saudi
31719,billions
31720,disadvantageous
31721,elocution
31722,foully
31723,indisputably
31724,makest
31725,pleasantness
31726,poetess
31727,scorpion
31728,springy
31729,stags
31730,vollen
31731,vulgaire
31732,weakens
31733,gard
31734,parme
31735,attuned
31736,dependants
31737,frisch
31738,perpetuation
31739,scoundrel
31740,singe
31741,templo
31742,wending
31743,alvan
31744,mae
31745,portman
31746,acquirement
31747,articulated
31748,baptised
31749,clams
31750,conning
31751,deprecate
31752,elucidate
31753,empirischen
31754,minority
31755,phrasing
31756,refusa
31757,remercier
31758,smuggler
31759,yhteen
31760,mercier
31761,crone
31762,danser
31763,dochter
31764,humide
31765,laenger
31766,parapets
31767,apache
31768,corso
31769,danvers
31770,johannesburg
31771,bakers
31772,clowns
31773,diaries
31774,fuehrte
31775,fusils
31776,giggle
31777,lunching
31778,perles
31779,slur
31780,stimulates
31781,thinness
31782,eigenschaften
31783,endorse
31784,paradoxes
31785,platitudes
31786,puhua
31787,satis
31788,shudders
31789,similes
31790,thro
31791,voltaic
31792,denry
31793,enderby
31794,leroux
31795,manley
31796,circumstanced
31797,empfangen
31798,furry
31799,hearths
31800,rentrant
31801,totter
31802,unripe
31803,upbraiding
31804,volgenden
31805,haenden
31806,proctor
31807,beeves
31808,branding
31809,conceivably
31810,flinty
31811,herdsmen
31812,hygienic
31813,monopolized
31814,nibble
31815,outrageously
31816,triangles
31817,turbans
31818,unexceptionable
31819,nietzsche
31820,rimini
31821,stoller
31822,avouer
31823,bleeds
31824,boue
31825,brusquely
31826,buttons
31827,furze
31828,kehrte
31829,libros
31830,masonic
31831,puedo
31832,sorcerers
31833,tendres
31834,frazer
31835,isaacs
31836,valence
31837,burrowing
31838,coude
31839,didna
31840,kalt
31841,promotes
31842,soirs
31843,casaubon
31844,denbigh
31845,geschmack
31846,acorn
31847,brevet
31848,heimlich
31849,kahden
31850,knowe
31851,ridder
31852,riz
31853,suivie
31854,throttle
31855,worthiest
31856,marche
31857,farouche
31858,kreeg
31859,mainsail
31860,nostril
31861,paraffin
31862,pleurs
31863,prismatic
31864,purplish
31865,screwing
31866,tooth
31867,arzt
31868,tancred
31869,wardour
31870,blandishments
31871,cachet
31872,correspondance
31873,courrier
31874,inlets
31875,mesh
31876,muutamia
31877,pitfalls
31878,aurelian
31879,daniels
31880,serbs
31881,bombarded
31882,breech
31883,disruption
31884,edle
31885,entails
31886,incontinently
31887,jumbled
31888,venial
31889,delawares
31890,epirus
31891,gian
31892,lea
31893,macedon
31894,nettie
31895,abridgment
31896,curiosite
31897,dunce
31898,erkannte
31899,factitious
31900,geschickt
31901,greensward
31902,gurgle
31903,lagged
31904,rattles
31905,slings
31906,suas
31907,mach
31908,theil
31909,affreuse
31910,fautes
31911,formaient
31912,majorities
31913,pestered
31914,sanft
31915,tendencies
31916,thefts
31917,varlet
31918,verbally
31919,arbeiten
31920,asher
31921,corney
31922,deen
31923,kerr
31924,lyceum
31925,bulldog
31926,choleric
31927,disagreeably
31928,flotte
31929,grudgingly
31930,harangues
31931,merchantmen
31932,nogen
31933,pawing
31934,quittant
31935,rendus
31936,tenses
31937,vallen
31938,wouldest
31939,cleo
31940,menschheit
31941,riverside
31942,sanderson
31943,chandeliers
31944,simplify
31945,domitius
31946,admissible
31947,beavers
31948,brachten
31949,concubine
31950,couler
31951,despatching
31952,discomposed
31953,eulogium
31954,faction
31955,hesitancy
31956,hybrids
31957,suiting
31958,tetes
31959,pertinax
31960,saxe
31961,wechsel
31962,affix
31963,cautions
31964,creer
31965,gleiche
31966,haired
31967,outweigh
31968,pithy
31969,pruning
31970,tankard
31971,trembler
31972,trousseau
31973,luxemburg
31974,mario
31975,winsor
31976,concours
31977,deflected
31978,envoye
31979,interchanged
31980,meurtre
31981,municipalities
31982,swindler
31983,terrasse
31984,tubular
31985,wordy
31986,gascoigne
31987,icelandic
31988,simla
31989,warton
31990,amants
31991,appealingly
31992,buffoon
31993,commendations
31994,dictatorial
31995,dizziness
31996,erkannt
31997,ghi
31998,outermost
31999,overmastering
32000,religieuses
32001,remittances
32002,roten
32003,scales
32004,sunshiny
32005,bumpus
32006,templars
32007,acquis
32008,impossibilities
32009,montes
32010,scouted
32011,sortis
32012,steeps
32013,tenian
32014,tragically
32015,typified
32016,visor
32017,zaken
32018,amerika
32019,bogen
32020,raskolnikov
32021,canvases
32022,clinking
32023,dappled
32024,fellowship
32025,glut
32026,heran
32027,illud
32028,mistrusted
32029,vreemde
32030,whitewash
32031,agathon
32032,chippewa
32033,jahrh
32034,phi
32035,urbino
32036,williamsburg
32037,coining
32038,commotions
32039,cubit
32040,festooned
32041,forgives
32042,indelibly
32043,meno
32044,prism
32045,aguinaldo
32046,baird
32047,castlewood
32048,chr
32049,dupre
32050,freemasonry
32051,gawaine
32052,hillyard
32053,torre
32054,xliv
32055,bringe
32056,coasted
32057,gurgled
32058,interprets
32059,regne
32060,republished
32061,scathing
32062,sucre
32063,unauthorized
32064,underfoot
32065,werry
32066,cornhill
32067,juni
32068,lindley
32069,montpensier
32070,taft
32071,armorial
32072,convinces
32073,cul
32074,eclipses
32075,morir
32076,pensioner
32077,slash
32078,tribus
32079,adolph
32080,galicia
32081,gerechtigkeit
32082,guthrie
32083,roldan
32084,sordello
32085,entreprise
32086,menee
32087,mettent
32088,raiders
32089,remunerative
32090,schepen
32091,tormentor
32092,aniela
32093,farrell
32094,millie
32095,blieben
32096,erhoben
32097,esoteric
32098,fuerte
32099,gneiss
32100,heraldic
32101,indecency
32102,persuades
32103,reorganized
32104,sere
32105,serue
32106,sprouting
32107,sturdily
32108,trooping
32109,vuestros
32110,wiens
32111,bros
32112,curzon
32113,lorimer
32114,malaysia
32115,waterford
32116,bunks
32117,limply
32118,mystics
32119,pessimistic
32120,retina
32121,rijk
32122,seers
32123,tahtoo
32124,zogen
32125,darstellung
32126,glieder
32127,corks
32128,dietro
32129,pinioned
32130,reconnaissant
32131,saattaa
32132,titres
32133,abbotsford
32134,angola
32135,hogan
32136,tertullian
32137,bluster
32138,freshest
32139,garda
32140,gerichtet
32141,imitates
32142,jeweled
32143,romanticism
32144,selues
32145,tarts
32146,vivent
32147,frome
32148,sehnsucht
32149,sevilla
32150,blindfold
32151,infiniment
32152,luce
32153,moed
32154,pocos
32155,proposer
32156,prosecutions
32157,prudential
32158,reacted
32159,recondite
32160,rhythms
32161,welkin
32162,alhambra
32163,anatole
32164,hardin
32165,mesdames
32166,origen
32167,ox
32168,parthenon
32169,saltash
32170,volkes
32171,annonce
32172,browsing
32173,gon
32174,hilltop
32175,loopen
32176,oddity
32177,omnibuses
32178,ouvrant
32179,perishes
32180,spray
32181,sunless
32182,tombstones
32183,yen
32184,ladysmith
32185,cairn
32186,cutlass
32187,foamed
32188,lice
32189,metamorphosed
32190,petting
32191,rappela
32192,rapturously
32193,rebuking
32194,redden
32195,rigueur
32196,scorch
32197,straggled
32198,stukken
32199,courtenay
32200,gegner
32201,massacre
32202,provencal
32203,rostov
32204,baith
32205,counties
32206,farmyard
32207,letztere
32208,maailmassa
32209,siding
32210,suicidal
32211,timide
32212,dejah
32213,galbraith
32214,hohenlo
32215,icftu
32216,larsan
32217,moro
32218,newton
32219,vaux
32220,zunge
32221,appurtenances
32222,aptitudes
32223,blaspheme
32224,churn
32225,diverged
32226,escrito
32227,floes
32228,mutterings
32229,nightgown
32230,occupait
32231,promiscuously
32232,siens
32233,tombant
32234,vapid
32235,yachts
32236,mand
32237,maurevert
32238,staaten
32239,trevanion
32240,abbreviation
32241,analyses
32242,antanut
32243,auriez
32244,cloistered
32245,condenser
32246,demandai
32247,explications
32248,lamentably
32249,lancer
32250,leider
32251,revanche
32252,sith
32253,wordes
32254,bauern
32255,esto
32256,gavin
32257,joaquin
32258,mcchesney
32259,valparaiso
32260,vandals
32261,yann
32262,academies
32263,aventures
32264,brokenly
32265,smartness
32266,syne
32267,thirsty
32268,freunden
32269,grier
32270,kultur
32271,latham
32272,compress
32273,consolatory
32274,hicieron
32275,illiberal
32276,intuitively
32277,viimein
32278,volstrekt
32279,wrappings
32280,wus
32281,claudet
32282,girard
32283,ina
32284,martie
32285,amenities
32286,blots
32287,cadavres
32288,einfachen
32289,fractions
32290,graph
32291,isolate
32292,lawgiver
32293,suinkaan
32294,tietysti
32295,topographical
32296,chauvelin
32297,gonzaga
32298,cubes
32299,depreciated
32300,doo
32301,ewe
32302,goodbye
32303,inciting
32304,peindre
32305,regulates
32306,smartest
32307,vivante
32308,ike
32309,apertures
32310,bight
32311,contends
32312,iver
32313,mummies
32314,quittait
32315,sententious
32316,arles
32317,bavarians
32318,bergson
32319,micah
32320,nebel
32321,aforetime
32322,angenommen
32323,blames
32324,choeur
32325,combatant
32326,daselbst
32327,diver
32328,embattled
32329,embellishments
32330,espionage
32331,gedaante
32332,kegs
32333,molded
32334,reposes
32335,stabs
32336,thraldom
32337,transmuted
32338,woodpecker
32339,baas
32340,bessy
32341,georgetown
32342,hartington
32343,laieikawai
32344,ticknor
32345,zeitschrift
32346,chaplains
32347,dieren
32348,embrasure
32349,fabricated
32350,frailties
32351,jung
32352,kuuli
32353,recitations
32354,relenting
32355,snails
32356,unquestioning
32357,artemus
32358,baudraye
32359,egad
32360,kristus
32361,pierrot
32362,disorganized
32363,rebuke
32364,sanglots
32365,sitzt
32366,svarede
32367,usurer
32368,wt
32369,delsarte
32370,peckham
32371,senat
32372,auberge
32373,grandmothers
32374,hospitalities
32375,liturgy
32376,pinks
32377,revery
32378,romping
32379,showman
32380,subterraneous
32381,vellum
32382,antigonus
32383,cellini
32384,franciscans
32385,mattie
32386,vigo
32387,avance
32388,campaigning
32389,glib
32390,hotels
32391,loungers
32392,malcontents
32393,overshadowing
32394,pliable
32395,spans
32396,stinted
32397,thunderbolts
32398,unabashed
32399,jermyn
32400,montpellier
32401,straightway
32402,viner
32403,alkaa
32404,appreciates
32405,commitment
32406,esclave
32407,fuor
32408,haelt
32409,injuries
32410,muette
32411,nes
32412,proprement
32413,sociology
32414,subversion
32415,triumphs
32416,tror
32417,uusi
32418,bluebell
32419,lohengrin
32420,nicodemus
32421,callings
32422,disputation
32423,honnete
32424,lenses
32425,nonsensical
32426,parterre
32427,principale
32428,shipboard
32429,trouverait
32430,vigoureux
32431,whet
32432,aar
32433,bayle
32434,hodges
32435,interpol
32436,shinto
32437,condamne
32438,creux
32439,deezen
32440,enamored
32441,folios
32442,galant
32443,hominum
32444,inclement
32445,nuestras
32446,transitions
32447,voyaient
32448,weiten
32449,abbas
32450,amaryllis
32451,anspruch
32452,croce
32453,heriot
32454,jaffa
32455,aliquid
32456,conscientiousness
32457,corduroy
32458,iodine
32459,merriest
32460,mest
32461,resinous
32462,jowett
32463,abler
32464,appartenait
32465,cabled
32466,considerately
32467,flawless
32468,gulch
32469,kansa
32470,liens
32471,pageantry
32472,revolves
32473,sports
32474,unburied
32475,albans
32476,bladene
32477,crittenden
32478,strickland
32479,titel
32480,anonymously
32481,apparition
32482,benefice
32483,gymnastics
32484,habitant
32485,mated
32486,prononce
32487,quiescent
32488,recurs
32489,sentido
32490,tras
32491,brescia
32492,heimat
32493,megan
32494,schaden
32495,fuming
32496,labeled
32497,poches
32498,promenait
32499,superstructure
32500,alack
32501,cade
32502,cohen
32503,coriolanus
32504,gericht
32505,helgi
32506,lothair
32507,norgate
32508,pecksniff
32509,rivier
32510,blindfolded
32511,gennem
32512,hetgeen
32513,irritably
32514,jaunes
32515,legere
32516,negatives
32517,poster
32518,spirituous
32519,unquenchable
32520,geschlecht
32521,samos
32522,alder
32523,assenting
32524,becometh
32525,colonnades
32526,doorkeeper
32527,foran
32528,forcer
32529,foulest
32530,frills
32531,geographers
32532,hippopotamus
32533,lanky
32534,nok
32535,procureur
32536,promulgation
32537,subvert
32538,cutler
32539,danville
32540,hazeldean
32541,hilary
32542,vanderbilt
32543,zeb
32544,beautify
32545,beliefs
32546,bygones
32547,cradles
32548,grise
32549,laundress
32550,paarden
32551,potted
32552,tremblant
32553,zekere
32554,domine
32555,jerrold
32556,jourdan
32557,nobili
32558,oates
32559,peloponnesus
32560,widerspruch
32561,archbishops
32562,bureaus
32563,captivate
32564,dernieres
32565,desirability
32566,equerry
32567,kop
32568,landet
32569,laver
32570,magistrat
32571,offensively
32572,vorm
32573,wrecking
32574,berliner
32575,galsworthy
32576,ionic
32577,piedmontese
32578,ralston
32579,alibi
32580,blackbirds
32581,clearings
32582,dwindle
32583,expiated
32584,lint
32585,mither
32586,molemmat
32587,ouvre
32588,pri
32589,voorbij
32590,whooping
32591,bellegarde
32592,avantage
32593,chlorine
32594,crevasses
32595,drapeau
32596,filtering
32597,kapteeni
32598,menage
32599,mishaps
32600,quintessence
32601,requited
32602,rhymed
32603,trapping
32604,unleavened
32605,weltering
32606,ferice
32607,gerty
32608,mauern
32609,russes
32610,conduits
32611,cooped
32612,inception
32613,outing
32614,poner
32615,verlieren
32616,brienne
32617,elvira
32618,glaucus
32619,keene
32620,marcelle
32621,virg
32622,buoyed
32623,eiland
32624,enchanter
32625,feste
32626,settee
32627,shearing
32628,ska
32629,uninterruptedly
32630,yachting
32631,aeneid
32632,barnet
32633,bhimasena
32634,essen
32635,sindbad
32636,stimmung
32637,attendit
32638,exprimer
32639,gridiron
32640,infringe
32641,ki
32642,lepers
32643,pout
32644,reliefs
32645,starke
32646,unthinkable
32647,alexandrovna
32648,kaisers
32649,maupassant
32650,adder
32651,braggart
32652,daba
32653,devenus
32654,kurze
32655,maitres
32656,planches
32657,prescribing
32658,ranches
32659,sapped
32660,wallow
32661,wigwams
32662,abimelech
32663,longueville
32664,pomeroy
32665,streit
32666,anteeksi
32667,cadences
32668,dab
32669,fattened
32670,genres
32671,lapset
32672,magnifiques
32673,plainte
32674,primum
32675,prosecution
32676,readjustment
32677,reals
32678,speculations
32679,unmittelbare
32680,veines
32681,yelp
32682,balkans
32683,charta
32684,craye
32685,faringhea
32686,flaccus
32687,petrograd
32688,sanford
32689,abandonner
32690,censors
32691,chat
32692,circlet
32693,fameuse
32694,forger
32695,interstate
32696,mismanagement
32697,quaintness
32698,rentrait
32699,sanon
32700,stentorian
32701,surprized
32702,taxicab
32703,totality
32704,tulen
32705,untainted
32706,bumble
32707,harlequin
32708,katrine
32709,engross
32710,epilepsy
32711,forewarned
32712,muertos
32713,vides
32714,viso
32715,calyste
32716,lebrun
32717,lescure
32718,madden
32719,schwartz
32720,waddington
32721,anathema
32722,brauchen
32723,compute
32724,congealed
32725,croquet
32726,declaimed
32727,essa
32728,fulfils
32729,intimidation
32730,parenthesis
32731,pawned
32732,poate
32733,wipes
32734,yawl
32735,agathe
32736,dunham
32737,ellison
32738,samnites
32739,selkirk
32740,compasses
32741,criminality
32742,gamla
32743,rankled
32744,remise
32745,sinfulness
32746,delft
32747,dunyazad
32748,perrot
32749,wetter
32750,cessa
32751,citing
32752,diffusing
32753,eld
32754,entretien
32755,fords
32756,frankincense
32757,hinunter
32758,laissent
32759,leeches
32760,portier
32761,quails
32762,stak
32763,takana
32764,ubiquitous
32765,vanhan
32766,hattie
32767,kepler
32768,moreton
32769,churning
32770,craftsman
32771,seria
32772,acropolis
32773,asaph
32774,barbados
32775,buddy
32776,donelson
32777,haynes
32778,tammany
32779,brewer
32780,couvrir
32781,eigentliche
32782,evolutionary
32783,graaf
32784,hundra
32785,litter
32786,oblation
32787,rectified
32788,tantos
32789,vilken
32790,whetted
32791,benny
32792,coronado
32793,darnley
32794,krebs
32795,spencer
32796,vaudreuil
32797,apricots
32798,bec
32799,beguiling
32800,betrachten
32801,claps
32802,hacienda
32803,jested
32804,leopards
32805,publicans
32806,recreations
32807,stoicism
32808,testimonials
32809,thwarting
32810,tri
32811,uncovering
32812,wahren
32813,fianna
32814,justus
32815,milord
32816,miocene
32817,shagpat
32818,adelante
32819,amies
32820,besotted
32821,confier
32822,forthright
32823,dupin
32824,haughton
32825,knowles
32826,pharao
32827,strogoff
32828,agreable
32829,connait
32830,enunciated
32831,navigated
32832,overcoats
32833,reprenait
32834,reverting
32835,seh
32836,splashes
32837,sprouts
32838,trespassing
32839,vexes
32840,comus
32841,jorrocks
32842,lind
32843,touraine
32844,anguished
32845,arbeid
32846,deafened
32847,deviations
32848,elliptical
32849,hielten
32850,hubo
32851,inordinately
32852,narrows
32853,overweening
32854,precisement
32855,reconnoissance
32856,roues
32857,bontoc
32858,philibert
32859,venters
32860,cuivre
32861,hub
32862,irate
32863,lobsters
32864,manse
32865,nomine
32866,numbness
32867,ordonne
32868,plaintes
32869,porcupine
32870,proletariat
32871,tacks
32872,trumpeter
32873,victual
32874,wheelbarrow
32875,bracy
32876,iraq
32877,tabor
32878,abermals
32879,balles
32880,corrective
32881,crunching
32882,fortieth
32883,inflections
32884,raisonnement
32885,stort
32886,jinks
32887,sheik
32888,apprehensions
32889,aprs
32890,babbled
32891,bildet
32892,cobweb
32893,excitation
32894,ihmisen
32895,inquisitors
32896,singen
32897,steeper
32898,tribesmen
32899,amt
32900,congregate
32901,emblematic
32902,enow
32903,faellt
32904,formait
32905,greate
32906,mortars
32907,nal
32908,prig
32909,recaptured
32910,serieux
32911,surprendre
32912,veta
32913,weitere
32914,himalayas
32915,judaea
32916,parva
32917,robrecht
32918,completement
32919,contamination
32920,heauen
32921,oor
32922,pierces
32923,poetically
32924,skunk
32925,thinges
32926,alpes
32927,cleinias
32928,kaid
32929,verus
32930,blackberries
32931,bogus
32932,contraste
32933,cordes
32934,discoverers
32935,enumerating
32936,paramour
32937,revers
32938,rives
32939,alex
32940,amabel
32941,himalaya
32942,ninon
32943,priester
32944,schumann
32945,ursins
32946,broach
32947,demented
32948,filly
32949,flatterer
32950,furred
32951,gleicher
32952,instructs
32953,learner
32954,mentality
32955,pathways
32956,swains
32957,weakling
32958,argyll
32959,jenks
32960,yves
32961,choc
32962,cleavage
32963,dolce
32964,eeuw
32965,ewes
32966,eyeglass
32967,landen
32968,outlets
32969,scamper
32970,thrushes
32971,zette
32972,bohemians
32973,cresswell
32974,dominie
32975,epsom
32976,leam
32977,maston
32978,tunbridge
32979,abridge
32980,arithmetical
32981,comparaison
32982,contrives
32983,eluding
32984,generalization
32985,idealistic
32986,lite
32987,litters
32988,sean
32989,streng
32990,treeless
32991,tumbles
32992,vertrek
32993,achmet
32994,denys
32995,erfurt
32996,georgina
32997,innstetten
32998,drinker
32999,edified
33000,employes
33001,exhalations
33002,historique
33003,lobes
33004,miei
33005,oikeastaan
33006,slush
33007,theatricals
33008,entfernung
33009,mayflower
33010,mitford
33011,ama
33012,bonum
33013,canot
33014,demeurer
33015,drizzle
33016,empressement
33017,fixity
33018,jolies
33019,ludicrously
33020,magisterial
33021,relinquishing
33022,sabots
33023,schwere
33024,suurta
33025,abdallah
33026,myles
33027,otway
33028,tankred
33029,treue
33030,annehmen
33031,danke
33032,driftwood
33033,equivalents
33034,freie
33035,latticed
33036,receivers
33037,shouldering
33038,compar
33039,fitch
33040,sangleys
33041,summe
33042,traenen
33043,wilkie
33044,administrations
33045,caper
33046,clamouring
33047,humbling
33048,incompetence
33049,meende
33050,overlapping
33051,sapphires
33052,uel
33053,signorina
33054,aqua
33055,centralized
33056,cualquiera
33057,hauteurs
33058,mouthfuls
33059,patented
33060,scribble
33061,snowing
33062,squeal
33063,tormentors
33064,betts
33065,christine
33066,oglethorpe
33067,rambler
33068,treves
33069,xlv
33070,bateaux
33071,broeder
33072,cronies
33073,manufactures
33074,occuper
33075,rook
33076,wenches
33077,farben
33078,hungerford
33079,marseillaise
33080,sibylla
33081,steinmetz
33082,abdicated
33083,aggressions
33084,inextinguishable
33085,originates
33086,radiance
33087,reinstate
33088,soundest
33089,spree
33090,starred
33091,teens
33092,gardeur
33093,hughie
33094,irwin
33095,stahl
33096,vendee
33097,adventitious
33098,betterment
33099,bourgeoise
33100,bowsprit
33101,distrait
33102,garish
33103,girdles
33104,homesickness
33105,ices
33106,impeached
33107,inutiles
33108,ipso
33109,mentre
33110,migrants
33111,mixes
33112,poesie
33113,renews
33114,resultat
33115,tiara
33116,turneth
33117,viento
33118,doltaire
33119,geordie
33120,hofe
33121,holz
33122,correlation
33123,crossings
33124,eigenlijk
33125,fein
33126,fickleness
33127,graphically
33128,tenaciously
33129,trahison
33130,turnkey
33131,burgos
33132,endnote
33133,igorot
33134,seattle
33135,eersten
33136,immers
33137,looseness
33138,motto
33139,noght
33140,shekels
33141,surprize
33142,ustedes
33143,vainqueur
33144,alvarado
33145,clerke
33146,oberon
33147,schwarzenberg
33148,tarascon
33149,verbrechen
33150,adjuncts
33151,admissions
33152,contrario
33153,corollary
33154,leadeth
33155,millinery
33156,persuader
33157,tarpaulin
33158,trouvais
33159,vaulting
33160,vermag
33161,ethiopians
33162,gillis
33163,jethro
33164,somerville
33165,cultivator
33166,deified
33167,epilogue
33168,fantasies
33169,improvident
33170,reichte
33171,unfolds
33172,bedlam
33173,einsicht
33174,londoners
33175,narbonne
33176,angler
33177,careering
33178,dissected
33179,hewing
33180,hierher
33181,metaphorical
33182,oscillations
33183,practises
33184,rem
33185,secundum
33186,ennius
33187,kossuth
33188,wingrave
33189,captious
33190,coerce
33191,counteracted
33192,fronds
33193,globular
33194,nibbled
33195,shopman
33196,strictures
33197,tenths
33198,unchristian
33199,garrett
33200,greenleaf
33201,sevier
33202,sturt
33203,aufmerksam
33204,baseless
33205,bleue
33206,dales
33207,lawsuits
33208,messes
33209,passageway
33210,pertain
33211,proconsul
33212,sting
33213,yeh
33214,annales
33215,avocat
33216,danken
33217,ecrire
33218,investiture
33219,kohtaan
33220,ressemblance
33221,satiric
33222,serially
33223,smock
33224,subito
33225,voisinage
33226,bloch
33227,davids
33228,fiesco
33229,townshend
33230,ulm
33231,announcements
33232,basses
33233,bracket
33234,capsule
33235,cree
33236,furor
33237,hungering
33238,offenbar
33239,plotseling
33240,sated
33241,scenting
33242,titular
33243,venne
33244,japon
33245,rigby
33246,travilla
33247,arouses
33248,basaltic
33249,dulce
33250,heirs
33251,mui
33252,mustang
33253,ruminating
33254,surmounting
33255,uncharitable
33256,visitant
33257,vivres
33258,wisps
33259,bituminous
33260,grammarian
33261,maltreated
33262,mismos
33263,prowl
33264,regen
33265,thetis
33266,balcon
33267,cemeteries
33268,clue
33269,coincides
33270,coolest
33271,damper
33272,peeling
33273,penis
33274,ravaging
33275,sicut
33276,sixe
33277,tosto
33278,unswerving
33279,walketh
33280,allworthy
33281,brinkley
33282,hulda
33283,pelican
33284,saumur
33285,tempel
33286,adresser
33287,anomalies
33288,arrivaient
33289,bate
33290,buttress
33291,childishness
33292,clamoring
33293,deluged
33294,descendu
33295,earshot
33296,enthralled
33297,flagging
33298,juggler
33299,marmalade
33300,milloinkaan
33301,minions
33302,modulated
33303,tournure
33304,entente
33305,peloponnesian
33306,saskatchewan
33307,camest
33308,creeper
33309,hatreds
33310,inexorably
33311,mercurial
33312,radiantly
33313,squinting
33314,telegraphs
33315,unassisted
33316,unskilful
33317,visitations
33318,wendet
33319,aussicht
33320,bergenheim
33321,jarndyce
33322,sanscrit
33323,tb
33324,concomitant
33325,hoffe
33326,lunacy
33327,pertains
33328,pulmonary
33329,readier
33330,seedy
33331,unscientific
33332,calabria
33333,sow
33334,wetzel
33335,arrives
33336,gulden
33337,revocation
33338,scurried
33339,minuten
33340,adversaire
33341,caro
33342,drollery
33343,glorification
33344,gracias
33345,gracieux
33346,mevrouw
33347,miscarried
33348,secretions
33349,southwestern
33350,vanquished
33351,bourdon
33352,christabel
33353,gargantua
33354,knickerbocker
33355,confiscate
33356,drier
33357,eatables
33358,enumerates
33359,impressiveness
33360,insuring
33361,jogging
33362,lilla
33363,puddles
33364,specifications
33365,zeven
33366,baudin
33367,stratton
33368,distaff
33369,enjoining
33370,frolicsome
33371,gingham
33372,intermediary
33373,ironed
33374,ladle
33375,preying
33376,saura
33377,shamefaced
33378,spores
33379,taikka
33380,veste
33381,cytherea
33382,iras
33383,milano
33384,steine
33385,zoroaster
33386,befalls
33387,bewegt
33388,efecto
33389,embellishment
33390,ent
33391,impeach
33392,impersonation
33393,natuerlich
33394,repository
33395,sawest
33396,shafts
33397,tiu
33398,troughs
33399,unlighted
33400,bronson
33401,povy
33402,ainoa
33403,atop
33404,destinee
33405,dray
33406,ebbe
33407,editorship
33408,facilitating
33409,flagon
33410,flurried
33411,foolhardy
33412,intersecting
33413,nerveux
33414,salads
33415,schienen
33416,scurrilous
33417,slackening
33418,tinned
33419,unscathed
33420,woodman
33421,alick
33422,hodgson
33423,nataly
33424,rugby
33425,breaker
33426,corpo
33427,erg
33428,glaces
33429,guts
33430,manipulated
33431,nestle
33432,numerals
33433,peppers
33434,radishes
33435,regale
33436,saakka
33437,shamelessly
33438,siesta
33439,supplicate
33440,trellis
33441,unspotted
33442,zwanzig
33443,andalusia
33444,blyth
33445,cranmer
33446,fontenoy
33447,janus
33448,moritz
33449,recorder
33450,siamese
33451,sibyll
33452,strafford
33453,volkplanting
33454,anointing
33455,coping
33456,courser
33457,destin
33458,dissembled
33459,fondling
33460,gratuity
33461,magnate
33462,niveau
33463,questionings
33464,travaillait
33465,warders
33466,benvenuto
33467,hu
33468,occidental
33469,salz
33470,sulpice
33471,chaffing
33472,culled
33473,cumbersome
33474,dicta
33475,documentary
33476,dumbly
33477,incursion
33478,justness
33479,pressures
33480,textbook
33481,vaunt
33482,baruch
33483,laval
33484,romains
33485,scherer
33486,soma
33487,ventnor
33488,aspecto
33489,beefsteak
33490,burdens
33491,dight
33492,multitud
33493,photo
33494,pitilessly
33495,ridders
33496,zuvor
33497,elsje
33498,frankish
33499,somersetshire
33500,buttoning
33501,canting
33502,elke
33503,failli
33504,formative
33505,groweth
33506,incapacitated
33507,lunge
33508,menschliche
33509,pretenders
33510,sables
33511,shelling
33512,tombs
33513,tricky
33514,unconquered
33515,unpretentious
33516,waan
33517,kritik
33518,stoff
33519,treville
33520,bevor
33521,gamester
33522,moyenne
33523,muesse
33524,nurseries
33525,omaa
33526,ouden
33527,technicalities
33528,tendons
33529,tress
33530,wires
33531,favoral
33532,timor
33533,agi
33534,deswegen
33535,disapproving
33536,interdicted
33537,jugs
33538,reconnais
33539,routine
33540,subjoin
33541,yearns
33542,dickie
33543,melanctha
33544,nekhludoff
33545,teuton
33546,buries
33547,earthworks
33548,eate
33549,endorsement
33550,fake
33551,fastens
33552,gelassen
33553,leering
33554,maneuver
33555,pumpkins
33556,russe
33557,tabac
33558,volgen
33559,alders
33560,cashmere
33561,hosses
33562,legitimacy
33563,octagonal
33564,profundity
33565,satisfactions
33566,scrupled
33567,signaled
33568,squatter
33569,wirft
33570,beryl
33571,platon
33572,apportait
33573,cacao
33574,embrasser
33575,enjoins
33576,guys
33577,heals
33578,impositions
33579,impost
33580,pienen
33581,pilasters
33582,pricks
33583,roode
33584,sacristy
33585,sware
33586,gaylord
33587,haldane
33588,leser
33589,liddy
33590,tatler
33591,autocracy
33592,battleships
33593,counterpoise
33594,dinners
33595,identifies
33596,illis
33597,incision
33598,lowland
33599,luona
33600,peche
33601,traditionally
33602,roper
33603,scandinavia
33604,torah
33605,wabash
33606,advisability
33607,ena
33608,enemigos
33609,fashioning
33610,gloating
33611,gotta
33612,lid
33613,mobilization
33614,pourrez
33615,quun
33616,schlafen
33617,somit
33618,tulivat
33619,turnings
33620,clarice
33621,gegenstaende
33622,holloway
33623,komik
33624,tush
33625,verneuil
33626,annee
33627,apprehended
33628,becalmed
33629,canker
33630,collusion
33631,commissariat
33632,coupables
33633,curbed
33634,dilating
33635,entendimiento
33636,entgegnete
33637,huddle
33638,ingrained
33639,lenity
33640,libation
33641,predominated
33642,sullenness
33643,beziehungen
33644,chatelet
33645,erden
33646,fichte
33647,hatteras
33648,jacobites
33649,nils
33650,peruvians
33651,weir
33652,admittedly
33653,congested
33654,courtesan
33655,debasing
33656,direst
33657,effroyable
33658,mosaics
33659,retenu
33660,sheepish
33661,upholstered
33662,vaguement
33663,bangs
33664,denise
33665,jehane
33666,abdicate
33667,bestir
33668,dramatique
33669,officiated
33670,offrit
33671,prest
33672,roundness
33673,scandale
33674,scow
33675,travesty
33676,bodleian
33677,cubans
33678,lauriston
33679,pocahontas
33680,vorteil
33681,burners
33682,houdt
33683,juniors
33684,librement
33685,onzer
33686,pensar
33687,rakes
33688,ranking
33689,restricting
33690,esmeralda
33691,gravesend
33692,manisty
33693,pandora
33694,ruggiero
33695,spanien
33696,zen
33697,adolescent
33698,benefactress
33699,derelict
33700,doughnuts
33701,duca
33702,environed
33703,iban
33704,inroad
33705,kneaded
33706,obscures
33707,overcrowded
33708,paire
33709,racontait
33710,rouler
33711,solve
33712,venturesome
33713,cordillera
33714,dienste
33715,joinville
33716,tyson
33717,utica
33718,compensations
33719,mirada
33720,mislaid
33721,muzzles
33722,scorpions
33723,sinulla
33724,tampering
33725,trous
33726,tunics
33727,vole
33728,bors
33729,bowman
33730,catalina
33731,geheimnis
33732,grandcourt
33733,pah
33734,amethyst
33735,awnings
33736,coincident
33737,encomiums
33738,enveloppe
33739,findeth
33740,gamut
33741,harmlessly
33742,heur
33743,immortalized
33744,incantation
33745,licentiate
33746,suoraan
33747,thinketh
33748,pepin
33749,prevost
33750,chunk
33751,couvrait
33752,doel
33753,gra
33754,presumptive
33755,psychologist
33756,selfishly
33757,slaine
33758,soothes
33759,unfaltering
33760,villanous
33761,amasis
33762,lauf
33763,mamie
33764,rameau
33765,bounce
33766,clamored
33767,grandparents
33768,inspirer
33769,nascent
33770,necesario
33771,ollenkaan
33772,profondeurs
33773,rendue
33774,unpainted
33775,vacations
33776,vntill
33777,fenelon
33778,guyon
33779,oriel
33780,rutland
33781,werther
33782,willem
33783,crushes
33784,daft
33785,heartrending
33786,miedo
33787,militarism
33788,mischievously
33789,postponing
33790,tink
33791,belford
33792,brownie
33793,butte
33794,grahame
33795,erlaubt
33796,esthetic
33797,invloed
33798,libertad
33799,nen
33800,omnis
33801,pineapple
33802,quiso
33803,sojourned
33804,abends
33805,gerda
33806,iglesias
33807,kari
33808,milwaukee
33809,pepe
33810,philippi
33811,betrifft
33812,desormais
33813,dieth
33814,douloureuse
33815,fewest
33816,helptulo
33817,giorgione
33818,lacheneur
33819,orientals
33820,peterson
33821,broadening
33822,centaines
33823,cuarto
33824,ebullition
33825,hulp
33826,partaker
33827,sirup
33828,tevens
33829,whisk
33830,carboniferous
33831,faery
33832,regis
33833,tarquin
33834,blemishes
33835,bridesmaids
33836,floored
33837,foundered
33838,gobierno
33839,inane
33840,mulle
33841,phonetic
33842,silhouetted
33843,sitter
33844,pomerania
33845,allegation
33846,balk
33847,breastwork
33848,buttercups
33849,ell
33850,modeled
33851,osa
33852,professorship
33853,shins
33854,superabundance
33855,unendlich
33856,unprovoked
33857,daggett
33858,rogero
33859,tamar
33860,blouses
33861,diners
33862,disquisition
33863,dritte
33864,etten
33865,neutralize
33866,oneself
33867,predestination
33868,pulverized
33869,syllogism
33870,unceremonious
33871,worm
33872,cayrol
33873,cibot
33874,kerttu
33875,magdalena
33876,prusse
33877,boggy
33878,caput
33879,consoles
33880,contemn
33881,craftily
33882,daubed
33883,digs
33884,eteen
33885,grete
33886,inoculated
33887,ironing
33888,lediglich
33889,naechsten
33890,pentru
33891,repining
33892,republicanism
33893,righteously
33894,tigress
33895,traurig
33896,chiltern
33897,clementine
33898,hercules
33899,mancha
33900,martians
33901,acme
33902,adverted
33903,bounden
33904,connaissais
33905,enceinte
33906,plausibility
33907,sanctuaries
33908,unu
33909,wadna
33910,womanish
33911,brot
33912,freundin
33913,gammon
33914,ticonderoga
33915,toland
33916,bettered
33917,cackling
33918,crust
33919,freezes
33920,gracefulness
33921,ipsum
33922,laudanum
33923,monotonously
33924,bligh
33925,broughton
33926,nicias
33927,ridley
33928,scotsman
33929,valmond
33930,descents
33931,humoured
33932,servent
33933,toilettes
33934,watercourses
33935,arsene
33936,brit
33937,lob
33938,perugia
33939,truppen
33940,welshman
33941,wiggily
33942,analyzing
33943,dike
33944,louer
33945,onkin
33946,pron
33947,tendrement
33948,volver
33949,wizened
33950,caithness
33951,pharaohs
33952,bleaching
33953,comite
33954,invests
33955,monosyllables
33956,moping
33957,penguins
33958,propter
33959,scrolls
33960,sendeth
33961,wrathfully
33962,athanasius
33963,boggs
33964,cockney
33965,evesham
33966,florian
33967,ramona
33968,croient
33969,festen
33970,glissa
33971,holdt
33972,meint
33973,resolutely
33974,skein
33975,spectateurs
33976,squabble
33977,tocht
33978,toestand
33979,vials
33980,vileness
33981,lysias
33982,rushton
33983,styx
33984,adaptability
33985,aider
33986,antelopes
33987,attentivement
33988,bolting
33989,enemigo
33990,expedite
33991,fetches
33992,helm
33993,hoarding
33994,insensate
33995,receiveth
33996,recut
33997,registering
33998,remounted
33999,shifty
34000,solchem
34001,sxi
34002,untill
34003,whimsically
34004,auftrag
34005,grecs
34006,landis
34007,lough
34008,brogue
34009,fallacies
34010,gedurende
34011,halcyon
34012,indorsed
34013,progressively
34014,quantite
34015,riot
34016,shadowing
34017,spoliation
34018,spoor
34019,staden
34020,sundered
34021,witless
34022,bretons
34023,nigeria
34024,orte
34025,xlvi
34026,astonishes
34027,discrepancies
34028,fats
34029,hobble
34030,inconspicuous
34031,jig
34032,marido
34033,nid
34034,oni
34035,plaines
34036,poacher
34037,saan
34038,seeme
34039,sows
34040,yong
34041,erfahrungen
34042,fannie
34043,holstein
34044,knopf
34045,prentiss
34046,stacy
34047,transylvania
34048,vergniaud
34049,candelabra
34050,comings
34051,contractions
34052,crooning
34053,fiefs
34054,notation
34055,schwarze
34056,typhus
34057,weedy
34058,welling
34059,ballard
34060,benin
34061,chilian
34062,chine
34063,sark
34064,trenck
34065,dynamo
34066,examen
34067,imitator
34068,incessantly
34069,injected
34070,rivalries
34071,yeeres
34072,breda
34073,dal
34074,higginson
34075,ingolby
34076,keokuk
34077,pegasus
34078,ayre
34079,barques
34080,beaded
34081,bekam
34082,campagnes
34083,dispenser
34084,fiancee
34085,generalities
34086,haleine
34087,keia
34088,musically
34089,necessite
34090,spins
34091,touring
34092,warst
34093,boxer
34094,trost
34095,beweisen
34096,confoundedly
34097,dela
34098,erstwhile
34099,gene
34100,panier
34101,philosophes
34102,plaits
34103,restent
34104,stunt
34105,weasel
34106,bern
34107,covenanters
34108,garvin
34109,gast
34110,verhaeltnisse
34111,animi
34112,auras
34113,betrachtete
34114,distressful
34115,ette
34116,plis
34117,sociological
34118,summa
34119,ungraceful
34120,virulence
34121,whimper
34122,wilfulness
34123,bulgarians
34124,mussulmans
34125,rechnung
34126,servius
34127,brooms
34128,disseminated
34129,freehold
34130,gxi
34131,mastery
34132,modernes
34133,ouvrait
34134,shotgun
34135,sterven
34136,strategical
34137,wayfarers
34138,yhden
34139,youse
34140,zin
34141,beauharnais
34142,croatia
34143,gattung
34144,goriot
34145,holofernes
34146,pap
34147,wickersham
34148,aggressor
34149,depleted
34150,duidelijk
34151,effete
34152,gambols
34153,groom
34154,gypsum
34155,harten
34156,hogshead
34157,implications
34158,petto
34159,philological
34160,pomps
34161,seamanship
34162,taches
34163,transporter
34164,bennington
34165,congressman
34166,kaffir
34167,kilkenny
34168,ramsey
34169,trianon
34170,cadaverous
34171,enlivening
34172,glutton
34173,halla
34174,homelike
34175,intestinal
34176,muu
34177,pencha
34178,souleva
34179,termination
34180,waeren
34181,denny
34182,islamic
34183,kendrick
34184,benches
34185,compensating
34186,corsairs
34187,encompass
34188,gardien
34189,geleden
34190,jails
34191,lijk
34192,nahmen
34193,puffy
34194,theorists
34195,trowsers
34196,aiwohikupua
34197,chevreuse
34198,forrester
34199,ipswich
34200,cripples
34201,deceptions
34202,dells
34203,joyousness
34204,ope
34205,optimist
34206,pollute
34207,sprong
34208,thyroid
34209,furneaux
34210,gerrit
34211,affronts
34212,alligators
34213,emporium
34214,hetken
34215,informations
34216,muren
34217,personnelle
34218,politische
34219,scalped
34220,suffix
34221,uncut
34222,corbett
34223,dominica
34224,fleisch
34225,hah
34226,hanoverian
34227,leach
34228,equinoctial
34229,expeditions
34230,facere
34231,liberating
34232,liken
34233,mural
34234,ouvertes
34235,parquet
34236,presencia
34237,unreliable
34238,camelot
34239,nationalists
34240,osman
34241,broder
34242,conveyances
34243,erreurs
34244,expectantly
34245,muka
34246,proverbially
34247,scuttled
34248,stiller
34249,tarda
34250,newbury
34251,pippin
34252,antipathies
34253,brazier
34254,deseo
34255,disposer
34256,dissection
34257,impelling
34258,masturbation
34259,meilleures
34260,moder
34261,modus
34262,oppressing
34263,smattering
34264,uninvited
34265,manon
34266,angling
34267,colic
34268,convives
34269,downhill
34270,dyspepsia
34271,foemen
34272,gesproken
34273,lhe
34274,ois
34275,paremmin
34276,prune
34277,sacerdotes
34278,sentimens
34279,soumettre
34280,wachten
34281,flucht
34282,harrel
34283,klea
34284,oneida
34285,radcliffe
34286,verdurin
34287,appeareth
34288,beginners
34289,canaille
34290,characterization
34291,espacio
34292,furthering
34293,idiocy
34294,irreverence
34295,kens
34296,manors
34297,misused
34298,quartet
34299,unstrung
34300,uomo
34301,vivir
34302,wardens
34303,auckland
34304,carruthers
34305,spaniard
34306,armees
34307,duizend
34308,evenements
34309,froward
34310,jong
34311,matinee
34312,prowled
34313,retrouva
34314,semejante
34315,souffrait
34316,unblemished
34317,virtuoso
34318,clint
34319,courtney
34320,eb
34321,italiens
34322,lacedaemon
34323,orio
34324,riggs
34325,spalding
34326,aspirants
34327,canne
34328,exultingly
34329,histrionic
34330,marchesa
34331,salvo
34332,vijand
34333,aires
34334,cobbett
34335,marino
34336,schlegel
34337,adjured
34338,connaissances
34339,duenna
34340,exalting
34341,mugs
34342,pikku
34343,samen
34344,twitter
34345,zit
34346,yama
34347,zweiter
34348,barouche
34349,baste
34350,capables
34351,enlarges
34352,farces
34353,garters
34354,immenses
34355,overflows
34356,remiss
34357,reproductions
34358,respectably
34359,albinia
34360,arcis
34361,cerberus
34362,faraday
34363,wainamoinen
34364,deflection
34365,discontents
34366,fidele
34367,helmet
34368,jangling
34369,pantalon
34370,postures
34371,seducer
34372,weldra
34373,acapulco
34374,barr
34375,colman
34376,edestone
34377,etruscans
34378,hurstwood
34379,ascetics
34380,atheists
34381,charlatan
34382,easie
34383,graduating
34384,homesteads
34385,kertoi
34386,pardonner
34387,parlent
34388,quietest
34389,shams
34390,veld
34391,volgende
34392,fergusson
34393,gosh
34394,kendricks
34395,manasses
34396,spilett
34397,ajoutait
34398,begyndte
34399,cots
34400,demoralization
34401,electorate
34402,hoechsten
34403,honteux
34404,icicles
34405,panoply
34406,ravening
34407,universelle
34408,ku
34409,latour
34410,matty
34411,moderen
34412,pau
34413,alwayes
34414,brouillard
34415,bulged
34416,canny
34417,daffodils
34418,interrogative
34419,neigh
34420,outwit
34421,overcomes
34422,overloaded
34423,pinning
34424,raiding
34425,toises
34426,gilmore
34427,colline
34428,langzaam
34429,monograph
34430,noised
34431,plaatsen
34432,plateau
34433,poings
34434,skeleton
34435,toisella
34436,betrachtung
34437,charlot
34438,hymen
34439,unix
34440,bezeichnet
34441,coordinates
34442,craignant
34443,daunt
34444,disconsolately
34445,disputants
34446,farmed
34447,kidnapping
34448,livers
34449,mau
34450,seceded
34451,seducing
34452,thae
34453,wart
34454,robbie
34455,craned
34456,disfigure
34457,endearment
34458,exhale
34459,gu
34460,nonchalant
34461,ris
34462,smacking
34463,sprightliness
34464,torches
34465,woning
34466,batavian
34467,academical
34468,allers
34469,beholders
34470,brune
34471,carbines
34472,ciudades
34473,codicil
34474,flavoured
34475,forza
34476,fussing
34477,nourrir
34478,pretexte
34479,prospecting
34480,ridding
34481,secouant
34482,serenade
34483,chas
34484,kammer
34485,liberator
34486,quarles
34487,yazoo
34488,chirped
34489,commonwealths
34490,compost
34491,dieron
34492,hunched
34493,omelette
34494,pincers
34495,swooping
34496,tiennyt
34497,unum
34498,vendu
34499,vlg
34500,chickahominy
34501,gareth
34502,guildhall
34503,macumazahn
34504,nefert
34505,nicky
34506,vpon
34507,befand
34508,chicks
34509,confesse
34510,couraient
34511,diables
34512,emanate
34513,eulogies
34514,funniest
34515,goeden
34516,incorrectly
34517,lugubre
34518,minuet
34519,ocho
34520,pleasantries
34521,sacs
34522,winna
34523,tobago
34524,agitator
34525,chantait
34526,coupling
34527,dissembling
34528,focused
34529,harvesting
34530,mediums
34531,pageants
34532,participles
34533,pests
34534,propagating
34535,rearranged
34536,thinnest
34537,unification
34538,warme
34539,lagrange
34540,abandonne
34541,contes
34542,foudre
34543,lisp
34544,niceties
34545,tremblait
34546,benet
34547,berber
34548,horner
34549,lyttelton
34550,mallory
34551,wftu
34552,wut
34553,affectations
34554,choler
34555,merging
34556,mira
34557,seasonal
34558,tether
34559,thut
34560,tosin
34561,tyrannous
34562,voleurs
34563,adel
34564,bridger
34565,davoust
34566,vasco
34567,betes
34568,blijft
34569,brewery
34570,gladiator
34571,granulated
34572,ibi
34573,incautious
34574,justifier
34575,lieue
34576,mandarin
34577,opprobrious
34578,petal
34579,publics
34580,unpolished
34581,anselmo
34582,calicut
34583,carmelite
34584,carton
34585,florentin
34586,grandison
34587,hildreth
34588,scylla
34589,annos
34590,blessures
34591,casing
34592,chiffre
34593,colle
34594,communed
34595,communism
34596,convoked
34597,curieuse
34598,debonair
34599,enz
34600,genoegen
34601,imperilled
34602,inconceivably
34603,ladylike
34604,profitless
34605,replaces
34606,trieb
34607,veinte
34608,worthlessness
34609,britannica
34610,hayward
34611,klaus
34612,bestand
34613,clarity
34614,counterbalanced
34615,dilettante
34616,evaporate
34617,forerunners
34618,hemispheres
34619,klug
34620,lif
34621,luy
34622,metaphorically
34623,protectorate
34624,undergraduates
34625,uniformed
34626,maiestie
34627,moeglichkeit
34628,savary
34629,umslopogaas
34630,accomplishes
34631,agen
34632,altruistic
34633,bienveillance
34634,concurring
34635,demandez
34636,enfans
34637,espy
34638,flutters
34639,formule
34640,menigte
34641,pleurant
34642,punir
34643,raided
34644,registry
34645,satins
34646,shrubs
34647,slecht
34648,vodka
34649,babbitt
34650,lavretsky
34651,ruhm
34652,thron
34653,ussr
34654,corset
34655,decia
34656,foresaid
34657,gateways
34658,gelesen
34659,recommencer
34660,reveille
34661,slanderous
34662,therfore
34663,braun
34664,northland
34665,vaterland
34666,bribing
34667,fowl
34668,genoemd
34669,heutigen
34670,instalments
34671,intrigued
34672,lits
34673,pact
34674,rummaged
34675,shuns
34676,static
34677,uero
34678,uuden
34679,cleves
34680,coryston
34681,democritus
34682,dinwiddie
34683,durtal
34684,pollard
34685,alpha
34686,cherishes
34687,conclure
34688,curtail
34689,deciphered
34690,flout
34691,giorni
34692,juggling
34693,morbidly
34694,panacea
34695,probing
34696,telegraphy
34697,unchallenged
34698,chillon
34699,constantius
34700,gharib
34701,hottentot
34702,roumania
34703,andrer
34704,ansikte
34705,apercevait
34706,clotted
34707,compassionately
34708,dresse
34709,durance
34710,galt
34711,helmsman
34712,hysterically
34713,pessimist
34714,provender
34715,ren
34716,rendent
34717,seneschal
34718,sonata
34719,funk
34720,kinney
34721,abjured
34722,blazoned
34723,cajoled
34724,circumvent
34725,collie
34726,confute
34727,discourtesy
34728,emergence
34729,greenness
34730,immured
34731,scrubs
34732,selle
34733,slights
34734,stool
34735,storey
34736,strays
34737,unconditionally
34738,winnings
34739,esperance
34740,assignats
34741,buckwheat
34742,craters
34743,dandies
34744,desperadoes
34745,duchies
34746,exemples
34747,itselleen
34748,lige
34749,neuem
34750,poca
34751,questioningly
34752,unequivocally
34753,vitriol
34754,bailly
34755,basle
34756,graefin
34757,herne
34758,juliet
34759,lamballe
34760,mcgregor
34761,phoenicia
34762,rumania
34763,belongeth
34764,bullies
34765,chiming
34766,elevates
34767,infra
34768,moiety
34769,noticeably
34770,tribulations
34771,tucking
34772,whatso
34773,aquitaine
34774,schoenheit
34775,xviiie
34776,alphabetical
34777,fuehren
34778,immune
34779,importantes
34780,indigence
34781,ingratiating
34782,merrier
34783,nannte
34784,necesidad
34785,ngon
34786,ocular
34787,pontoon
34788,sago
34789,tenantry
34790,anty
34791,cos
34792,lothario
34793,moseley
34794,adaptations
34795,blotches
34796,coitus
34797,completion
34798,curates
34799,depicts
34800,driveway
34801,erase
34802,llegado
34803,nests
34804,oceanic
34805,omnipresent
34806,reprend
34807,secretive
34808,touchstone
34809,arabes
34810,beauclerc
34811,moluccas
34812,phrygian
34813,badinage
34814,bergs
34815,bishoprics
34816,clubbed
34817,etilde
34818,inaccuracy
34819,medan
34820,noita
34821,pedestals
34822,sucks
34823,wedges
34824,breitmann
34825,crossjay
34826,kelson
34827,trotter
34828,witherspoon
34829,convoys
34830,deviated
34831,douzaine
34832,duelling
34833,enervating
34834,entanglements
34835,flinched
34836,greatcoat
34837,mightily
34838,mortuary
34839,outworn
34840,pertinacious
34841,propria
34842,redoubts
34843,sewers
34844,thermidor
34845,unintentional
34846,barbarossa
34847,bowery
34848,chadwick
34849,hudibras
34850,iesus
34851,lusitania
34852,paladin
34853,patagonia
34854,testaments
34855,amphibious
34856,behooves
34857,censorious
34858,detraction
34859,dunghill
34860,fahren
34861,imprecation
34862,nominations
34863,pedagogue
34864,photoplay
34865,promotions
34866,retaliate
34867,scrutinize
34868,devonian
34869,fentolin
34870,attaquer
34871,bosschen
34872,capering
34873,citer
34874,dalliance
34875,dasjenige
34876,deaden
34877,flores
34878,fragt
34879,partant
34880,produits
34881,redound
34882,ski
34883,veder
34884,woefully
34885,druid
34886,ellery
34887,kashmir
34888,botanists
34889,bungling
34890,fermes
34891,geranium
34892,inopportune
34893,lees
34894,predominate
34895,scald
34896,tarred
34897,unintelligent
34898,waived
34899,alida
34900,morland
34901,quito
34902,admettre
34903,avonds
34904,blasphemies
34905,craintes
34906,gae
34907,hoert
34908,minion
34909,revisited
34910,saltpetre
34911,suivaient
34912,bovary
34913,fal
34914,germaine
34915,hardinge
34916,junot
34917,braving
34918,corrugated
34919,disputed
34920,endearments
34921,exalts
34922,falsch
34923,faro
34924,holster
34925,naturalization
34926,saat
34927,senile
34928,shipbuilding
34929,treize
34930,unified
34931,caucasian
34932,giuliano
34933,lars
34934,nubian
34935,proc
34936,rodolphe
34937,archly
34938,coachmen
34939,cuirassiers
34940,epileptic
34941,geschlossen
34942,idioms
34943,jingled
34944,mediate
34945,perdu
34946,soreness
34947,theoretic
34948,geary
34949,parkman
34950,rosette
34951,abortion
34952,adversaires
34953,banqueting
34954,booke
34955,denounces
34956,fievre
34957,kende
34958,necessitates
34959,pillaging
34960,ret
34961,revives
34962,susceptibilities
34963,unimaginative
34964,byrd
34965,chico
34966,meath
34967,rogue
34968,smyth
34969,vauxhall
34970,afterthought
34971,cackle
34972,dives
34973,eigentlichen
34974,filet
34975,flake
34976,geographer
34977,gossiped
34978,governorship
34979,greenery
34980,immodest
34981,logement
34982,nostre
34983,obtrude
34984,reductions
34985,selitti
34986,treu
34987,empfindungen
34988,reg
34989,tolstoi
34990,anchoring
34991,confounds
34992,debajo
34993,discarding
34994,dotage
34995,ferryman
34996,interrogate
34997,langues
34998,orig
34999,puerperal
35000,putty
35001,sidan
35002,sloops
35003,slouching
35004,verscheiden
35005,antipater
35006,danae
35007,iland
35008,ingmar
35009,pallieter
35010,sargent
35011,acclaim
35012,bor
35013,borde
35014,gregarious
35015,herbs
35016,indruk
35017,limbo
35018,palmen
35019,peint
35020,propound
35021,restrictive
35022,roles
35023,storied
35024,tang
35025,uterus
35026,utiles
35027,alcott
35028,haltung
35029,jehoshaphat
35030,moravia
35031,briny
35032,commandait
35033,conjunctions
35034,dervish
35035,etres
35036,flanc
35037,grooter
35038,linear
35039,mangeait
35040,pistolets
35041,presenter
35042,sanoen
35043,alston
35044,aristoteles
35045,blatt
35046,derry
35047,geduld
35048,harwood
35049,lola
35050,muehe
35051,prinzessin
35052,roddy
35053,sorbonne
35054,abasement
35055,assister
35056,breastworks
35057,lobe
35058,molecule
35059,origine
35060,purement
35061,shipmates
35062,weeding
35063,wery
35064,dames
35065,inger
35066,xlvii
35067,agli
35068,aired
35069,aria
35070,chats
35071,forefront
35072,punctuated
35073,silencio
35074,tendant
35075,tocsin
35076,toying
35077,wol
35078,woodsman
35079,bethany
35080,denton
35081,ernestine
35082,nickleby
35083,paulo
35084,rep
35085,eject
35086,exacts
35087,fungi
35088,hermosa
35089,loafer
35090,malediction
35091,obscur
35092,provocations
35093,unconcernedly
35094,unshaven
35095,varios
35096,vouched
35097,willful
35098,concepcion
35099,ming
35100,sikes
35101,squeers
35102,abbeys
35103,cadre
35104,cools
35105,diverge
35106,kona
35107,lacquer
35108,landward
35109,marchaient
35110,ridiculing
35111,snaps
35112,steppe
35113,ani
35114,ansehen
35115,castilla
35116,claverhouse
35117,gotzkowsky
35118,hollander
35119,kerl
35120,pyramus
35121,upanishads
35122,blent
35123,booby
35124,bum
35125,cutters
35126,encouragingly
35127,greediness
35128,hoewel
35129,joista
35130,lachend
35131,overwhelmingly
35132,sandal
35133,snowstorm
35134,viime
35135,dunlap
35136,blockading
35137,candidates
35138,clinch
35139,dally
35140,gezeigt
35141,glinting
35142,hives
35143,immediatement
35144,leddy
35145,ral
35146,rendant
35147,sewing
35148,velvets
35149,baldy
35150,drusilla
35151,mathew
35152,mord
35153,nala
35154,ogilvy
35155,stamboul
35156,acquaintanceship
35157,armory
35158,cierta
35159,denials
35160,erheben
35161,prank
35162,serrer
35163,topsails
35164,transitional
35165,vna
35166,andover
35167,basilio
35168,bosphorus
35169,caulaincourt
35170,leonie
35171,stapleton
35172,bidder
35173,chores
35174,cornfield
35175,diplomats
35176,eateth
35177,embitter
35178,encima
35179,foundling
35180,franchi
35181,gaieties
35182,interrogatories
35183,jerkin
35184,landau
35185,magnum
35186,nich
35187,nonce
35188,ovens
35189,partisanship
35190,pulsation
35191,schal
35192,swindling
35193,taal
35194,unstained
35195,uomini
35196,canaries
35197,goetter
35198,maldon
35199,augur
35200,calyx
35201,crawls
35202,dredge
35203,guerrier
35204,healths
35205,inundations
35206,mowed
35207,muista
35208,perversely
35209,procurator
35210,profounder
35211,sardines
35212,sock
35213,synagogues
35214,toits
35215,traditionary
35216,transmigration
35217,tumultuously
35218,beaconsfield
35219,campania
35220,cretan
35221,fuersten
35222,ier
35223,japhet
35224,mahomedan
35225,manchuria
35226,ogilvie
35227,peyster
35228,bouche
35229,celebrates
35230,disliking
35231,diversities
35232,fronte
35233,inclusion
35234,paysage
35235,proche
35236,recipients
35237,tinkled
35238,cimon
35239,copernicus
35240,gemeinde
35241,londonderry
35242,sweyn
35243,thibet
35244,viennese
35245,adduce
35246,averaging
35247,coldness
35248,corsage
35249,flambeaux
35250,influenza
35251,ligesom
35252,matronly
35253,netted
35254,poursuite
35255,puns
35256,scepter
35257,subjunctive
35258,unpacking
35259,ancona
35260,iphigenia
35261,littleton
35262,nikolay
35263,tompkins
35264,blighting
35265,cablegram
35266,edlen
35267,gewohnt
35268,harangued
35269,maal
35270,nominating
35271,odoriferous
35272,pales
35273,paradis
35274,seductions
35275,sperm
35276,sputtering
35277,thane
35278,thereabout
35279,gael
35280,hadley
35281,spa
35282,twisden
35283,abhors
35284,alldeles
35285,beckons
35286,constater
35287,consulter
35288,cop
35289,imbibe
35290,importations
35291,irretrievable
35292,morales
35293,quas
35294,slinking
35295,soutenu
35296,surrenders
35297,vitres
35298,vrijheid
35299,indiens
35300,ludovic
35301,maturin
35302,rochambeau
35303,beacons
35304,bezit
35305,counterpane
35306,eilen
35307,estoit
35308,ferons
35309,foremast
35310,ivre
35311,lebe
35312,roue
35313,shockingly
35314,soulever
35315,uutta
35316,vergeten
35317,vieler
35318,anthology
35319,erh
35320,fahr
35321,talboys
35322,apercut
35323,basilica
35324,breede
35325,execrations
35326,hogsheads
35327,inheriting
35328,katsomaan
35329,mantled
35330,participants
35331,rant
35332,rut
35333,tantas
35334,testator
35335,vede
35336,caracas
35337,charon
35338,helsing
35339,marais
35340,moloch
35341,raikes
35342,theo
35343,unrecht
35344,crusts
35345,dispossess
35346,mainspring
35347,meteoric
35348,padlock
35349,quilted
35350,sidled
35351,troubadour
35352,bingley
35353,halbert
35354,isaura
35355,macko
35356,mediaeval
35357,shang
35358,yrs
35359,beider
35360,catched
35361,charbon
35362,dejectedly
35363,harbored
35364,holdeth
35365,intersect
35366,liten
35367,narrating
35368,pebbly
35369,poignancy
35370,shin
35371,sublimest
35372,suivis
35373,whilom
35374,zijden
35375,bazin
35376,beaulieu
35377,fernand
35378,goodrich
35379,mysore
35380,sennacherib
35381,thord
35382,briers
35383,clawed
35384,cristal
35385,extricating
35386,gloaming
35387,hardens
35388,inherits
35389,matching
35390,movimiento
35391,nitrogenous
35392,sponges
35393,tantamount
35394,vei
35395,boucher
35396,griggs
35397,armes
35398,caparisoned
35399,choirs
35400,dispensations
35401,distraire
35402,emphasised
35403,heedlessly
35404,lopped
35405,lout
35406,minx
35407,philology
35408,pire
35409,portee
35410,yeare
35411,cally
35412,chrysantheme
35413,hugues
35414,lohn
35415,annoys
35416,digged
35417,forgeries
35418,hanc
35419,lecturers
35420,mouldings
35421,mystification
35422,pouvoirs
35423,promesses
35424,tryst
35425,votary
35426,capri
35427,ethan
35428,hoehe
35429,commissaires
35430,cottagers
35431,daarvan
35432,jederzeit
35433,malefactor
35434,migrate
35435,smug
35436,sop
35437,tamper
35438,tanning
35439,throve
35440,trammels
35441,umsonst
35442,whaler
35443,aouda
35444,brookfield
35445,formosa
35446,haley
35447,jamieson
35448,somali
35449,apportionment
35450,attendaient
35451,economize
35452,embrasse
35453,fara
35454,flue
35455,invades
35456,livelong
35457,predominates
35458,servit
35459,unde
35460,unfulfilled
35461,antw
35462,berta
35463,karel
35464,calles
35465,clues
35466,computing
35467,curst
35468,foray
35469,ither
35470,lasst
35471,numerically
35472,pendants
35473,pulsations
35474,richten
35475,sneezed
35476,supine
35477,alphonso
35478,ecke
35479,marsden
35480,mcmurdo
35481,popinot
35482,sommers
35483,capitulated
35484,cockade
35485,decoyed
35486,poaching
35487,richt
35488,succinct
35489,teen
35490,touchait
35491,yawns
35492,crevel
35493,hardee
35494,osmond
35495,singhalese
35496,tabitha
35497,wilks
35498,artificer
35499,chansons
35500,connoisseurs
35501,debase
35502,decorously
35503,donkere
35504,fidgety
35505,forded
35506,griff
35507,heroine
35508,herunter
35509,joker
35510,mehreren
35511,moche
35512,mousse
35513,ordinaires
35514,retracing
35515,uniforme
35516,uninitiated
35517,atlee
35518,carley
35519,hendrik
35520,osbaldistone
35521,thoris
35522,allegations
35523,baize
35524,beaker
35525,distempered
35526,donnerai
35527,fidgeting
35528,greyhounds
35529,lifelike
35530,pecado
35531,perches
35532,sitae
35533,surreptitious
35534,tearless
35535,gemahl
35536,shadrach
35537,villeneuve
35538,aluminum
35539,aos
35540,brazos
35541,coop
35542,examiners
35543,finder
35544,hoed
35545,iglesia
35546,ite
35547,maddest
35548,profondement
35549,puissent
35550,rebellions
35551,superintendents
35552,temor
35553,tenet
35554,wint
35555,baring
35556,hayti
35557,khartoum
35558,polynesia
35559,valjean
35560,weyburn
35561,bristle
35562,disqualified
35563,fermenting
35564,goot
35565,handeln
35566,imputations
35567,installment
35568,mangy
35569,ministration
35570,paunch
35571,plagiarism
35572,prefecture
35573,swooning
35574,uncomplaining
35575,biscay
35576,halliwell
35577,hitchcock
35578,levis
35579,materie
35580,unitarians
35581,bedded
35582,harbinger
35583,heraldry
35584,reciprocally
35585,sofern
35586,visste
35587,vleesch
35588,voluptuousness
35589,boffin
35590,cormac
35591,dartrey
35592,farnham
35593,lansing
35594,shaks
35595,schweitzer
35596,tsin
35597,communing
35598,farcical
35599,leathery
35600,lex
35601,limousine
35602,lus
35603,lustful
35604,monopolize
35605,mopped
35606,paitsi
35607,paralyze
35608,plausibly
35609,pouted
35610,precinct
35611,rotating
35612,rougit
35613,tenemos
35614,todellakin
35615,wyth
35616,aponibolinayen
35617,brumaire
35618,curio
35619,erica
35620,flossy
35621,philostratus
35622,urania
35623,albumen
35624,analysed
35625,cauliflower
35626,diamants
35627,diggings
35628,gram
35629,hieroglyphic
35630,juster
35631,marchants
35632,ovation
35633,partait
35634,pelisse
35635,perpetrators
35636,philosophique
35637,retrieved
35638,risquer
35639,searchlight
35640,champagny
35641,khedive
35642,convincing
35643,cranny
35644,expatiate
35645,horoscope
35646,knapsacks
35647,promontories
35648,selective
35649,sleepe
35650,streamlet
35651,tassel
35652,verdienen
35653,dorsenne
35654,bowler
35655,discursive
35656,dismemberment
35657,eventide
35658,flustered
35659,frets
35660,semmoinen
35661,takaa
35662,babington
35663,klaas
35664,nevill
35665,pavlovna
35666,accruing
35667,baronial
35668,corsair
35669,deforestation
35670,disbelieved
35671,disbursements
35672,editorials
35673,esperanza
35674,frock
35675,neutralized
35676,overheard
35677,plover
35678,riband
35679,shied
35680,transzendentalen
35681,bernardino
35682,claridge
35683,evandale
35684,hapsburg
35685,ion
35686,nahoum
35687,pauline
35688,phantasie
35689,belang
35690,superimposed
35691,truss
35692,viendrait
35693,wacht
35694,wakefulness
35695,alp
35696,fez
35697,lamme
35698,losely
35699,objekt
35700,sims
35701,whalley
35702,aliment
35703,blef
35704,chronometer
35705,eftersom
35706,fertilizer
35707,fester
35708,frequenters
35709,furieuse
35710,hoffen
35711,pic
35712,pinion
35713,propio
35714,reprenant
35715,samaa
35716,allerdyke
35717,barron
35718,biodiversity
35719,faerie
35720,hera
35721,knecht
35722,theophrastus
35723,titans
35724,tournay
35725,armer
35726,brillants
35727,choices
35728,deprecatory
35729,disproved
35730,donjon
35731,eam
35732,fermier
35733,itzt
35734,kust
35735,medallion
35736,offhand
35737,oia
35738,perron
35739,reconnus
35740,slink
35741,tiempos
35742,castlemaine
35743,romagna
35744,bleek
35745,breiten
35746,halfpence
35747,muck
35748,ouvrier
35749,transmutation
35750,vieles
35751,bibbs
35752,vaudrey
35753,armie
35754,bandy
35755,coverts
35756,cranks
35757,flinching
35758,hardi
35759,harp
35760,idiosyncrasies
35761,minne
35762,sedately
35763,trespasses
35764,undistinguished
35765,bethune
35766,cyclops
35767,hamley
35768,morin
35769,architect
35770,blackberry
35771,caps
35772,couru
35773,nirgends
35774,resentments
35775,smuggle
35776,spreekt
35777,unrequited
35778,wizards
35779,cluny
35780,coralie
35781,esteban
35782,merrimac
35783,aikana
35784,berceau
35785,deputes
35786,guiltily
35787,importune
35788,keyboard
35789,littoral
35790,molti
35791,plomb
35792,reft
35793,seminaries
35794,ubreve
35795,uso
35796,violences
35797,zephyr
35798,abingdon
35799,ahmad
35800,fahrenheit
35801,jacobi
35802,mentor
35803,sunderland
35804,wilding
35805,comedians
35806,confronts
35807,finissait
35808,frappait
35809,grandee
35810,inadmissible
35811,inquirers
35812,oscillation
35813,weh
35814,cressida
35815,jacksonville
35816,midian
35817,rocco
35818,theodoric
35819,yucatan
35820,allemand
35821,bemerken
35822,conciencia
35823,dirent
35824,disband
35825,informers
35826,jocose
35827,proces
35828,recline
35829,servitor
35830,severities
35831,simmering
35832,slake
35833,sweater
35834,unasked
35835,unmingled
35836,felicite
35837,mauleverer
35838,maurier
35839,amputation
35840,clamoured
35841,dispassionately
35842,dixo
35843,espace
35844,gelang
35845,graciously
35846,handicraft
35847,hvem
35848,interaction
35849,muesste
35850,neutrals
35851,obscuring
35852,angesicht
35853,haare
35854,kara
35855,arrivent
35856,coconut
35857,doggerel
35858,ennoble
35859,forteresse
35860,gondolier
35861,handmaids
35862,limber
35863,metier
35864,neighborly
35865,propositions
35866,quaked
35867,repondu
35868,urbane
35869,wampum
35870,arian
35871,subjekt
35872,woche
35873,zilah
35874,adjustments
35875,bewilder
35876,confuses
35877,lures
35878,sectaries
35879,tranquility
35880,kleid
35881,whitechapel
35882,bataillons
35883,clamours
35884,freckles
35885,honouring
35886,nuovo
35887,qualite
35888,reconnoitred
35889,repondait
35890,squealing
35891,statuesque
35892,tumor
35893,cleon
35894,corte
35895,fenn
35896,halkett
35897,sunne
35898,taunton
35899,capitally
35900,centralization
35901,corrosive
35902,elfin
35903,glaze
35904,guerres
35905,heden
35906,heissen
35907,nao
35908,ovum
35909,presumes
35910,sexe
35911,tew
35912,verifying
35913,vrees
35914,wearies
35915,nitetis
35916,poitou
35917,sorrento
35918,stewart
35919,tyburn
35920,apparaissait
35921,balbutia
35922,boded
35923,components
35924,duchesses
35925,fuehrt
35926,hiki
35927,hvide
35928,instruit
35929,leniency
35930,mah
35931,malaise
35932,remonstrating
35933,reprocher
35934,restera
35935,tribu
35936,vatten
35937,wheedling
35938,zacht
35939,cardigan
35940,eucharist
35941,gilder
35942,invalides
35943,yusuf
35944,appartenant
35945,bluntness
35946,fecundity
35947,feront
35948,fetish
35949,flounder
35950,frueh
35951,leden
35952,sitio
35953,switches
35954,threatenings
35955,upsets
35956,ansicht
35957,brenton
35958,caliban
35959,ethelberta
35960,wcl
35961,archaeological
35962,corpuscles
35963,discretionary
35964,disillusion
35965,gestorben
35966,glorifying
35967,gouden
35968,hetzelfde
35969,inaugurate
35970,inquisitor
35971,lambent
35972,liquefied
35973,litet
35974,manifeste
35975,misadventure
35976,outgrowth
35977,unseeing
35978,asiatics
35979,friedland
35980,maury
35981,pryor
35982,robur
35983,swedenborg
35984,democracies
35985,dulcet
35986,engender
35987,gaed
35988,gaiement
35989,incubus
35990,magnesia
35991,maudit
35992,nevermore
35993,nol
35994,overburdened
35995,quavered
35996,scudding
35997,sleeplessness
35998,stringing
35999,tarrying
36000,cummings
36001,desaix
36002,dominique
36003,kingozi
36004,koku
36005,royall
36006,expostulate
36007,felons
36008,grist
36009,mopping
36010,perceptible
36011,rufen
36012,toto
36013,unimproved
36014,vaere
36015,valt
36016,vilka
36017,etna
36018,georgy
36019,hermia
36020,marillac
36021,verzweiflung
36022,yang
36023,zarathoustra
36024,abstemious
36025,demoniacal
36026,disobeying
36027,dominance
36028,especie
36029,perverseness
36030,remittance
36031,touchingly
36032,unclosed
36033,andronicus
36034,dalmatia
36035,kaj
36036,palatinate
36037,acknowledgement
36038,athletes
36039,autobiographical
36040,blisters
36041,buns
36042,chalky
36043,clairvoyant
36044,hatchway
36045,loosing
36046,mainmast
36047,recueillir
36048,roc
36049,shippe
36050,silencing
36051,almagro
36052,armagh
36053,eversleigh
36054,joram
36055,lisette
36056,obadiah
36057,centro
36058,clearness
36059,conmigo
36060,eenvoudig
36061,eliminating
36062,fonte
36063,hatless
36064,lawe
36065,nainen
36066,nogle
36067,oddities
36068,tombaient
36069,vir
36070,whereunto
36071,zaal
36072,ananias
36073,basel
36074,bassompierre
36075,eccles
36076,groesse
36077,knie
36078,michelet
36079,oakland
36080,quin
36081,ruiz
36082,annihilating
36083,bornes
36084,catalog
36085,desecration
36086,disheveled
36087,envies
36088,franchises
36089,muffins
36090,releases
36091,rendaient
36092,seroit
36093,shambling
36094,zoeken
36095,azalea
36096,haymarket
36097,mascarille
36098,difficiles
36099,explique
36100,firma
36101,heightening
36102,ingenting
36103,innocuous
36104,kangaroos
36105,kennels
36106,kilometers
36107,monies
36108,oppresses
36109,pasa
36110,ruffling
36111,solids
36112,suckling
36113,tenable
36114,tendait
36115,vaporous
36116,barnstable
36117,christiania
36118,legrand
36119,mahomed
36120,moltke
36121,sebastopol
36122,susannah
36123,taiwan
36124,adornments
36125,bronzes
36126,concevoir
36127,debatable
36128,deviennent
36129,englischen
36130,garnered
36131,gooseberry
36132,granit
36133,hunch
36134,inscribe
36135,keerde
36136,lag
36137,masquerading
36138,mettaient
36139,rearguard
36140,solemnized
36141,sombra
36142,tacking
36143,vindicating
36144,kruger
36145,sweetwater
36146,causation
36147,eget
36148,fattening
36149,gendarmerie
36150,pflegt
36151,postulate
36152,shambles
36153,stava
36154,subalterns
36155,supposedly
36156,undetermined
36157,allie
36158,enrica
36159,guienne
36160,pipkin
36161,tyltyl
36162,acknowledgment
36163,fieri
36164,getragen
36165,holen
36166,interlocutor
36167,overset
36168,parurent
36169,schweigend
36170,tle
36171,trinket
36172,trots
36173,mallow
36174,mendez
36175,sardis
36176,utopian
36177,adulterous
36178,bouteilles
36179,casualty
36180,dirige
36181,dissimuler
36182,evolving
36183,fiesta
36184,knead
36185,kotona
36186,mango
36187,oeufs
36188,pression
36189,probed
36190,procedures
36191,remedial
36192,sweete
36193,beagle
36194,deleah
36195,kelley
36196,londoner
36197,marcoline
36198,ponce
36199,queed
36200,talmage
36201,wei
36202,yugoslavia
36203,approche
36204,begreep
36205,charmes
36206,horsehair
36207,impulsion
36208,interets
36209,klang
36210,ostler
36211,saisissant
36212,unequally
36213,unpack
36214,vedere
36215,werkelijk
36216,gallica
36217,diggers
36218,hostler
36219,mandates
36220,stam
36221,ameni
36222,berthold
36223,californians
36224,nz
36225,ponte
36226,satanic
36227,transnational
36228,wronsky
36229,aandacht
36230,eigne
36231,existencia
36232,jotted
36233,merveilleuse
36234,opiate
36235,scullery
36236,shrimp
36237,smaa
36238,tartan
36239,tulevat
36240,versuchte
36241,vomited
36242,bianchon
36243,brill
36244,gascoyne
36245,reynard
36246,rivoli
36247,thailand
36248,cocktail
36249,corolla
36250,durability
36251,encomiendas
36252,fatter
36253,gre
36254,heilig
36255,ingress
36256,locum
36257,quiconque
36258,reculer
36259,ropade
36260,seriez
36261,serrait
36262,smites
36263,vormen
36264,bund
36265,cumberland
36266,marriott
36267,pomona
36268,winona
36269,accompagne
36270,cottages
36271,deleterious
36272,distilling
36273,entrevue
36274,huudahti
36275,insect
36276,intertwined
36277,nerfs
36278,paralyzing
36279,recula
36280,savoured
36281,seamstress
36282,snob
36283,vulgaris
36284,begriffen
36285,cleve
36286,fitzroy
36287,haye
36288,wortley
36289,barest
36290,cereal
36291,clam
36292,contemned
36293,converge
36294,copie
36295,dato
36296,deferentially
36297,insurrectionary
36298,kung
36299,pranced
36300,retentit
36301,vieillesse
36302,wenden
36303,ehren
36304,euxine
36305,fenian
36306,hutchins
36307,lewisham
36308,luca
36309,sandys
36310,serena
36311,amulet
36312,bonhomie
36313,bothe
36314,brasses
36315,conjectural
36316,counterfeited
36317,exterminating
36318,freshmen
36319,labyrinths
36320,mathematicians
36321,rainbows
36322,rancher
36323,saturnine
36324,seniority
36325,trek
36326,waarschijnlijk
36327,dorado
36328,grattan
36329,lerwick
36330,odessa
36331,saracinesca
36332,sikhs
36333,statius
36334,aggressively
36335,arriba
36336,barbarously
36337,bestimmen
36338,bettering
36339,chantant
36340,clarion
36341,definiteness
36342,differentes
36343,eue
36344,intentness
36345,interlacing
36346,menester
36347,parallelism
36348,parricide
36349,prohibits
36350,respire
36351,schoolmates
36352,shrew
36353,splits
36354,verbergen
36355,atterbury
36356,diocletian
36357,hodge
36358,kellogg
36359,kummer
36360,mcintosh
36361,minturn
36362,quex
36363,rawlins
36364,wiley
36365,altre
36366,aviation
36367,bloodhounds
36368,compromettre
36369,effervescence
36370,eloped
36371,epitaphs
36372,geschiedenis
36373,jenseits
36374,jilted
36375,maanden
36376,misericordia
36377,rots
36378,siglo
36379,suffisamment
36380,unobstructed
36381,blaize
36382,catinat
36383,corfu
36384,cretaceous
36385,historie
36386,lahore
36387,leviticus
36388,macy
36389,pawnee
36390,studien
36391,besitzen
36392,bijoux
36393,chamberlains
36394,deepens
36395,griech
36396,hoards
36397,lethargic
36398,ottanut
36399,placidity
36400,realises
36401,renovated
36402,rooting
36403,schoolfellow
36404,seitdem
36405,summaries
36406,waterway
36407,aponitolau
36408,normandie
36409,robson
36410,sackville
36411,sidi
36412,yolanda
36413,caballos
36414,cocking
36415,coughs
36416,footed
36417,furlongs
36418,hairs
36419,imperil
36420,tarvitse
36421,tugs
36422,weiter
36423,castles
36424,fenimore
36425,gebirge
36426,longinus
36427,maler
36428,nye
36429,ozone
36430,plut
36431,presbytery
36432,abolitionist
36433,gauged
36434,goggles
36435,igual
36436,schlagen
36437,vorst
36438,yeomanry
36439,archimedes
36440,buerger
36441,encyclopedia
36442,gegenteil
36443,xlviii
36444,anges
36445,aqueducts
36446,carted
36447,citadelle
36448,correlative
36449,determinedly
36450,discouragements
36451,einzig
36452,forges
36453,gentlewomen
36454,immoderately
36455,injuriously
36456,innan
36457,jurist
36458,knuckle
36459,nomad
36460,nuances
36461,piloted
36462,poteva
36463,repentir
36464,rhetorician
36465,stigmatized
36466,unbelievable
36467,verstanden
36468,archduchess
36469,domin
36470,prynne
36471,ruggier
36472,tocqueville
36473,verkehr
36474,wendover
36475,woodrow
36476,angesehen
36477,chaine
36478,civilizing
36479,delinquency
36480,hellen
36481,insistently
36482,pseudonym
36483,quibble
36484,sju
36485,unknowing
36486,althea
36487,guises
36488,jimmie
36489,lynchburg
36490,mena
36491,vautrin
36492,widerstand
36493,anarchist
36494,blackening
36495,browse
36496,carnation
36497,crosse
36498,futur
36499,lettering
36500,offshore
36501,roped
36502,swum
36503,todella
36504,tosses
36505,unsought
36506,widens
36507,windmills
36508,bhanavar
36509,musick
36510,santos
36511,stillman
36512,winkel
36513,bloc
36514,crosswise
36515,dije
36516,emanations
36517,emolument
36518,essayist
36519,faa
36520,haled
36521,navel
36522,pardoning
36523,pease
36524,radicles
36525,remplie
36526,spirals
36527,tearfully
36528,wiederholt
36529,lichtenstein
36530,phaedrus
36531,sambo
36532,shefford
36533,amending
36534,cynically
36535,erhebt
36536,excelling
36537,gaa
36538,gane
36539,glitters
36540,habla
36541,hond
36542,mermaid
36543,pais
36544,steadier
36545,symphonies
36546,unembarrassed
36547,yell
36548,angouleme
36549,haarlem
36550,alimentary
36551,altyd
36552,breit
36553,cleaves
36554,consensus
36555,cornices
36556,custome
36557,dangereuse
36558,defendants
36559,estando
36560,flasks
36561,footfalls
36562,fourths
36563,givest
36564,ie
36565,incitement
36566,limite
36567,prolix
36568,rente
36569,rims
36570,sacrifier
36571,searchers
36572,staggers
36573,torchlight
36574,vinieron
36575,zelfde
36576,cel
36577,huckleberry
36578,mousqueton
36579,baggy
36580,deducting
36581,distinctions
36582,gars
36583,langt
36584,minces
36585,noces
36586,oncoming
36587,portiere
36588,rarities
36589,reflet
36590,shear
36591,buckley
36592,faversham
36593,glossary
36594,kaffirs
36595,matilde
36596,olof
36597,travis
36598,zwecke
36599,bulge
36600,conformably
36601,convaincre
36602,cookies
36603,fend
36604,generaux
36605,nane
36606,omniscient
36607,patronised
36608,schwach
36609,sleds
36610,umgeben
36611,unpalatable
36612,wolfish
36613,bertley
36614,cockburn
36615,dilworthy
36616,smithers
36617,tanner
36618,tinman
36619,truro
36620,anchorite
36621,censer
36622,conventionality
36623,crudely
36624,donnez
36625,esteems
36626,extirpation
36627,fastidiousness
36628,lan
36629,purging
36630,quartiers
36631,quiescence
36632,reclamation
36633,ribbed
36634,schier
36635,sympathizers
36636,teamsters
36637,zware
36638,africanus
36639,agar
36640,jezebel
36641,shakespear
36642,bain
36643,banns
36644,erinnern
36645,krijgen
36646,mustaches
36647,nappe
36648,oughter
36649,plash
36650,skills
36651,tares
36652,whirr
36653,belding
36654,mara
36655,scots
36656,stanislaus
36657,treffry
36658,wanda
36659,complementary
36660,credo
36661,creo
36662,droughts
36663,hinten
36664,journeymen
36665,nombreuse
36666,regenerated
36667,scarfs
36668,severing
36669,spielte
36670,starved
36671,troupeau
36672,gottlieb
36673,grundy
36674,hickman
36675,laramie
36676,lev
36677,regeln
36678,republik
36679,sprachen
36680,antiquaries
36681,elbowed
36682,fumed
36683,gaben
36684,gunshot
36685,overhearing
36686,pojat
36687,scourges
36688,sista
36689,stitching
36690,transforms
36691,varias
36692,whir
36693,erstaunen
36694,unglueck
36695,vivie
36696,ail
36697,clairvoyance
36698,contralto
36699,governesses
36700,halve
36701,harpsichord
36702,illegally
36703,luring
36704,malo
36705,mangrove
36706,palaver
36707,rosewood
36708,runaways
36709,shirking
36710,showering
36711,sicke
36712,simul
36713,stilte
36714,surcharged
36715,terminer
36716,trudge
36717,unmarked
36718,verstehe
36719,vestido
36720,vins
36721,warble
36722,whelp
36723,berenger
36724,breen
36725,ebene
36726,eliphalet
36727,hawke
36728,hyacinthe
36729,macgregor
36730,primate
36731,staub
36732,boding
36733,breake
36734,cio
36735,comique
36736,complice
36737,hunc
36738,injuste
36739,instante
36740,movie
36741,nourrice
36742,pecho
36743,premiums
36744,realist
36745,repartit
36746,stupide
36747,toppling
36748,withall
36749,chinook
36750,chosroes
36751,helbeck
36752,hobhouse
36753,lorilleux
36754,melinda
36755,milford
36756,achever
36757,barony
36758,bonbons
36759,buona
36760,burrowed
36761,covenanted
36762,culpa
36763,decomposing
36764,ey
36765,gagna
36766,heele
36767,piquancy
36768,punching
36769,seedling
36770,sputtered
36771,bloomsbury
36772,kirsty
36773,messianic
36774,plummer
36775,porpora
36776,behalten
36777,contempler
36778,craning
36779,flits
36780,gefangen
36781,judicially
36782,kilt
36783,paha
36784,ringleaders
36785,soldados
36786,jacinto
36787,joubert
36788,aufgehoben
36789,blistering
36790,differential
36791,dunkel
36792,headlines
36793,hiess
36794,jurists
36795,libretto
36796,liqueurs
36797,mountebank
36798,prefaces
36799,rotary
36800,solum
36801,stehn
36802,veering
36803,electra
36804,grantham
36805,mauritania
36806,phrygia
36807,berger
36808,crusted
36809,expounding
36810,firme
36811,runneth
36812,sorrowed
36813,voient
36814,arminius
36815,ester
36816,eureka
36817,honorius
36818,macao
36819,nabuchodonosor
36820,palavicino
36821,remington
36822,roanoke
36823,crevasse
36824,epee
36825,geschlagen
36826,insolvent
36827,jugglers
36828,manageable
36829,mera
36830,puissants
36831,retaken
36832,scheduled
36833,sewage
36834,wrenching
36835,brodie
36836,brownlow
36837,cambray
36838,girondins
36839,gurney
36840,liber
36841,majestaet
36842,mangan
36843,marlow
36844,mckay
36845,mcnally
36846,petra
36847,tasmania
36848,tokyo
36849,admirables
36850,bivouacked
36851,blancheur
36852,crucify
36853,dooden
36854,erwartet
36855,haunch
36856,kaikkein
36857,lessens
36858,masthead
36859,pludselig
36860,rattan
36861,solch
36862,titter
36863,wem
36864,wintered
36865,bayou
36866,erziehung
36867,ferrars
36868,helga
36869,indianen
36870,mccook
36871,ranjoor
36872,abetted
36873,acheva
36874,atelier
36875,counteracting
36876,depopulated
36877,entschlossen
36878,frothy
36879,gaarne
36880,jostle
36881,kanske
36882,paleis
36883,pecking
36884,prepossessed
36885,purred
36886,staining
36887,underlie
36888,verger
36889,snowdon
36890,coi
36891,collines
36892,creases
36893,designedly
36894,gestanden
36895,global
36896,grunts
36897,heathenism
36898,houseless
36899,inspiriting
36900,locus
36901,seacoast
36902,unformed
36903,vallan
36904,volubly
36905,warded
36906,zwart
36907,comptroller
36908,fabio
36909,sauers
36910,syracusans
36911,zachary
36912,busying
36913,colliers
36914,combative
36915,footprint
36916,install
36917,lueurs
36918,pugnacious
36919,schoolgirl
36920,spasmodically
36921,stat
36922,trinken
36923,veined
36924,cappadocia
36925,glover
36926,kimball
36927,luthers
36928,rakshasa
36929,rosny
36930,alfalfa
36931,battleship
36932,cisterns
36933,corvette
36934,dependant
36935,deteriorated
36936,forswear
36937,masques
36938,oorlog
36939,overborne
36940,tit
36941,tournaments
36942,yeares
36943,algonquin
36944,assisi
36945,cheyne
36946,eudora
36947,gerfaut
36948,norden
36949,defensible
36950,derivatives
36951,distort
36952,fathomed
36953,knavish
36954,marriages
36955,miniatures
36956,orderlies
36957,produisit
36958,signer
36959,substratum
36960,trowel
36961,unassailable
36962,wainscot
36963,bewegungen
36964,caderousse
36965,cairns
36966,chesterton
36967,isoult
36968,saragossa
36969,tressady
36970,corne
36971,darkens
36972,dropsy
36973,famishing
36974,foremen
36975,lamang
36976,merken
36977,mesmo
36978,outweighed
36979,pros
36980,pudeur
36981,reminders
36982,siecles
36983,stumped
36984,dalzell
36985,diemen
36986,jeeves
36987,juba
36988,landschaft
36989,martius
36990,basta
36991,blacke
36992,blasphemed
36993,catacombs
36994,clearance
36995,discs
36996,foreknowledge
36997,grins
36998,halloo
36999,lunettes
37000,outstrip
37001,predisposed
37002,stairways
37003,tial
37004,wilted
37005,aufenthalt
37006,gatt
37007,grayson
37008,spaulding
37009,teutons
37010,verstandes
37011,xlix
37012,croyance
37013,disarming
37014,endormi
37015,finalmente
37016,flees
37017,gooseberries
37018,halben
37019,inf
37020,linken
37021,nimm
37022,outgoing
37023,pigmy
37024,progres
37025,remuer
37026,resigns
37027,sadden
37028,tarnish
37029,vendte
37030,burmese
37031,derrick
37032,mauer
37033,pierrette
37034,automaton
37035,cinder
37036,discounted
37037,frisk
37038,hyacinths
37039,inquit
37040,lienee
37041,manoeuvred
37042,primeros
37043,reds
37044,remonta
37045,transatlantic
37046,unpremeditated
37047,winded
37048,atem
37049,decius
37050,guzman
37051,hardie
37052,hunde
37053,logos
37054,marsay
37055,mechlin
37056,micawber
37057,protocol
37058,rad
37059,stande
37060,tromp
37061,atween
37062,causant
37063,girdled
37064,haussa
37065,impaled
37066,misrepresentations
37067,omelet
37068,refusait
37069,repousser
37070,utilised
37071,volgde
37072,wordless
37073,cerizet
37074,hallowell
37075,lablache
37076,meehan
37077,salvator
37078,whitford
37079,bedekt
37080,cuidado
37081,declaim
37082,hoher
37083,injection
37084,lather
37085,nesting
37086,sogen
37087,terrestre
37088,trad
37089,romain
37090,umgebung
37091,appele
37092,boeuf
37093,communiquer
37094,contradistinction
37095,controverted
37096,cuore
37097,facie
37098,gratifications
37099,incense
37100,ingratiate
37101,minster
37102,minstrelsy
37103,ousted
37104,preservative
37105,recalcitrant
37106,relapsing
37107,roguery
37108,schwarz
37109,scuffling
37110,suckers
37111,transcending
37112,worshipers
37113,augustinian
37114,beal
37115,buckner
37116,grandpapa
37117,poulder
37118,randy
37119,witz
37120,agonised
37121,altra
37122,anker
37123,coeval
37124,credibility
37125,critiques
37126,dimmer
37127,dissemination
37128,drole
37129,falsified
37130,feareth
37131,freight
37132,gorilla
37133,laboratories
37134,larga
37135,modicum
37136,nere
37137,ov
37138,peroration
37139,phosphates
37140,pojan
37141,semmoista
37142,smiths
37143,straat
37144,withstanding
37145,beattie
37146,broglie
37147,diabolus
37148,kern
37149,orton
37150,romney
37151,schlag
37152,synonyms
37153,tigranes
37154,tita
37155,turnus
37156,arabesques
37157,consignment
37158,croyaient
37159,decrepitude
37160,dejar
37161,entrailles
37162,fiddles
37163,gibes
37164,hes
37165,lush
37166,maris
37167,monnaie
37168,obtruded
37169,origination
37170,reverberating
37171,ripeness
37172,sette
37173,sor
37174,subit
37175,surveyors
37176,suum
37177,taciturnity
37178,waardoor
37179,welter
37180,whey
37181,wisht
37182,coombe
37183,guppy
37184,killigrew
37185,schatz
37186,shandy
37187,thoth
37188,weld
37189,yorktown
37190,connaissent
37191,eigenes
37192,ewigen
37193,habitantes
37194,headman
37195,ignorait
37196,liquidation
37197,manus
37198,neatest
37199,raucous
37200,ressource
37201,reviewers
37202,slum
37203,sodann
37204,stationery
37205,trill
37206,unresponsive
37207,veracious
37208,camusot
37209,falchion
37210,firth
37211,fortescue
37212,macnair
37213,theaetetus
37214,banal
37215,grandeurs
37216,harping
37217,heathenish
37218,livings
37219,mette
37220,pagoda
37221,paucity
37222,samoin
37223,shallop
37224,snaky
37225,transplant
37226,vind
37227,waarde
37228,castleton
37229,delano
37230,espiritu
37231,unterhaltung
37232,actuel
37233,barb
37234,bestowal
37235,esiin
37236,fatalism
37237,jellies
37238,lunga
37239,modifies
37240,nachts
37241,pulleys
37242,roadstead
37243,unrelated
37244,carl
37245,sadler
37246,silvio
37247,aphorism
37248,booms
37249,cabane
37250,deploring
37251,dessin
37252,dukedom
37253,enervated
37254,evenwel
37255,gainer
37256,grubs
37257,neemt
37258,palings
37259,raps
37260,seguir
37261,tasse
37262,tou
37263,tratto
37264,anteil
37265,fuentes
37266,glossin
37267,kohlhaas
37268,oheim
37269,rappahannock
37270,analogue
37271,blackish
37272,cocoons
37273,encor
37274,fells
37275,jak
37276,lentils
37277,subi
37278,verts
37279,andersonville
37280,gunst
37281,lancers
37282,leo
37283,lieder
37284,penrose
37285,rawlinson
37286,sykes
37287,adamantine
37288,buccaneers
37289,canister
37290,clumsiness
37291,fatted
37292,frontiersmen
37293,grec
37294,indwelling
37295,jackass
37296,redingote
37297,sacredly
37298,tegenwoordig
37299,traversant
37300,verdadero
37301,vests
37302,anaxagoras
37303,cameroon
37304,colon
37305,surinamen
37306,tallien
37307,zechariah
37308,affiliated
37309,agone
37310,aimez
37311,anthers
37312,begrijpen
37313,digesting
37314,exhilarated
37315,forensic
37316,insides
37317,mating
37318,modestie
37319,petrol
37320,rarefied
37321,roofless
37322,slighting
37323,smoldering
37324,tenders
37325,traders
37326,waaraan
37327,bahia
37328,paddington
37329,allegories
37330,bloodhound
37331,callow
37332,chagrins
37333,conocer
37334,contenter
37335,elegante
37336,fielen
37337,freshening
37338,hurtling
37339,jestingly
37340,kindreds
37341,ledge
37342,licet
37343,montaient
37344,mortifications
37345,pusillanimous
37346,rosebud
37347,traversait
37348,hippolytus
37349,knowest
37350,picard
37351,accepte
37352,begab
37353,couloir
37354,duro
37355,fabrique
37356,foamy
37357,hulks
37358,laufen
37359,mimicked
37360,pellucid
37361,postes
37362,sall
37363,smacks
37364,virility
37365,wields
37366,frantz
37367,haroun
37368,jurgis
37369,neger
37370,rossini
37371,scotchmen
37372,acrimony
37373,bedraggled
37374,chateaux
37375,conventionalities
37376,cranium
37377,draweth
37378,greyish
37379,impairing
37380,infringed
37381,invigorated
37382,keyed
37383,maist
37384,nomads
37385,rocker
37386,sharer
37387,sobriquet
37388,transitive
37389,usko
37390,adelantado
37391,amadis
37392,fabel
37393,hottentots
37394,lorna
37395,zambesi
37396,barbers
37397,braw
37398,crooks
37399,dragoman
37400,llaman
37401,perpetuating
37402,ripens
37403,spiritualism
37404,summarized
37405,tabernacles
37406,tiel
37407,treiben
37408,unpractical
37409,verser
37410,washerwoman
37411,wimmen
37412,fenellan
37413,moselle
37414,plotinus
37415,affably
37416,conjuncture
37417,deferring
37418,demerits
37419,dicha
37420,fens
37421,inflected
37422,outfits
37423,pantheism
37424,sacre
37425,siten
37426,squirming
37427,tremblement
37428,universel
37429,veterinary
37430,bastile
37431,dorrit
37432,fyne
37433,sardinian
37434,unabridged
37435,anticipates
37436,counselor
37437,foolscap
37438,goden
37439,hambre
37440,incautiously
37441,kaikista
37442,parfums
37443,teares
37444,voisines
37445,dage
37446,haviland
37447,moultrie
37448,roderigo
37449,walker
37450,complimenting
37451,darky
37452,disable
37453,drave
37454,embowered
37455,enfranchisement
37456,ferried
37457,grandi
37458,ideally
37459,incoherently
37460,insieme
37461,oure
37462,swap
37463,tutelary
37464,venerate
37465,alfieri
37466,amarilly
37467,delafield
37468,mathews
37469,nixon
37470,wayland
37471,bevolking
37472,clamped
37473,convene
37474,convincingly
37475,elegiac
37476,freeholders
37477,harmonic
37478,lunged
37479,nettle
37480,soweit
37481,stamina
37482,switching
37483,terreno
37484,utensil
37485,vertebrae
37486,worthiness
37487,coliseum
37488,darien
37489,fuerst
37490,loveday
37491,aufgenommen
37492,blatant
37493,changea
37494,chiefe
37495,classmates
37496,erfuhr
37497,expositions
37498,hinged
37499,hoeing
37500,indulgently
37501,ingenuously
37502,laulu
37503,llevar
37504,meu
37505,omni
37506,portents
37507,rein
37508,rubles
37509,screening
37510,smoker
37511,unrighteousness
37512,verlor
37513,whalers
37514,figur
37515,gange
37516,gertrude
37517,klamm
37518,lacey
37519,lecompton
37520,martel
37521,ruggles
37522,smithson
37523,stallman
37524,allotments
37525,enmities
37526,foible
37527,herbaceous
37528,introspection
37529,korte
37530,monosyllable
37531,nourishes
37532,reentered
37533,rhapsody
37534,rudes
37535,subjugate
37536,admitting
37537,arne
37538,gloster
37539,jeannette
37540,liu
37541,nirvana
37542,tuere
37543,varuna
37544,veronese
37545,yosemite
37546,actuelle
37547,apprehensively
37548,cherubim
37549,consentement
37550,corkscrew
37551,extenuation
37552,fixtures
37553,greener
37554,ingots
37555,lungo
37556,pads
37557,portrayal
37558,prattling
37559,pura
37560,seruice
37561,subscribing
37562,transcended
37563,verry
37564,warred
37565,weathers
37566,antigone
37567,burbank
37568,eschman
37569,faustina
37570,hycy
37571,vaura
37572,worcestershire
37573,battant
37574,bun
37575,confessors
37576,conscript
37577,cuant
37578,doutes
37579,drauf
37580,entangling
37581,meandering
37582,offal
37583,pitied
37584,platters
37585,reiterate
37586,sagten
37587,shippes
37588,workroom
37589,becher
37590,chaldea
37591,colette
37592,curtius
37593,gorgo
37594,peachey
37595,stufen
37596,circulars
37597,complicate
37598,disastrously
37599,exacte
37600,fehlte
37601,garb
37602,gnat
37603,grasse
37604,hasted
37605,lug
37606,menus
37607,mined
37608,optic
37609,py
37610,repeta
37611,spangles
37612,waer
37613,pearce
37614,sulpicius
37615,tagalog
37616,aurions
37617,barristers
37618,breakwater
37619,constante
37620,drang
37621,fractional
37622,gibberish
37623,grime
37624,infirmary
37625,kohden
37626,lisping
37627,nommait
37628,rassurer
37629,rencontrait
37630,saluer
37631,unbiased
37632,yow
37633,annesley
37634,bangor
37635,corny
37636,dhananjaya
37637,erebus
37638,gascony
37639,geraint
37640,haddon
37641,kette
37642,ross
37643,seyton
37644,shepard
37645,syriac
37646,disillusioned
37647,heady
37648,humana
37649,irait
37650,lulling
37651,papel
37652,pillowed
37653,rivets
37654,seguro
37655,unterscheiden
37656,arg
37657,blitz
37658,cephyse
37659,dulcie
37660,franconia
37661,harleston
37662,hughs
37663,issachar
37664,mangles
37665,petrie
37666,samoan
37667,baissant
37668,demesne
37669,dicere
37670,droeg
37671,jij
37672,onmogelijk
37673,overhaul
37674,pensamiento
37675,plentiful
37676,relativement
37677,tangent
37678,tendu
37679,toilers
37680,wahrlich
37681,whirlwinds
37682,wierp
37683,cisalpine
37684,masson
37685,merriman
37686,montrevel
37687,stirne
37688,appellations
37689,ceremoniously
37690,contro
37691,goda
37692,hearthstone
37693,hollowness
37694,hou
37695,literatures
37696,ok
37697,procures
37698,prosperously
37699,reconnaissait
37700,roulait
37701,seaports
37702,stelde
37703,threshed
37704,antietam
37705,dyce
37706,judith
37707,adhesive
37708,beneficial
37709,bloemen
37710,cielos
37711,flaunted
37712,mystere
37713,obliquity
37714,overstrained
37715,plancher
37716,rationalism
37717,riseth
37718,supervise
37719,tableland
37720,undeserving
37721,verhaal
37722,bahamas
37723,clonbrony
37724,doane
37725,garnett
37726,lov
37727,reeves
37728,schiffe
37729,angoisse
37730,bastards
37731,blackboard
37732,clayey
37733,condensing
37734,contingents
37735,cull
37736,elate
37737,experimentally
37738,fers
37739,gehouden
37740,lache
37741,officiate
37742,pieux
37743,proprietorship
37744,retomba
37745,rondom
37746,stupeur
37747,tulle
37748,wees
37749,weisst
37750,galland
37751,newhaven
37752,tate
37753,tonga
37754,duster
37755,flagons
37756,fourpence
37757,interceded
37758,jouant
37759,maneuvers
37760,minorities
37761,monogram
37762,plaisait
37763,pourpre
37764,reellement
37765,renovation
37766,treinta
37767,trumps
37768,typewritten
37769,tyrannie
37770,unsers
37771,vagrants
37772,vostre
37773,wistfulness
37774,bering
37775,diavolo
37776,menendez
37777,miscellany
37778,naehe
37779,numidian
37780,sklaven
37781,absented
37782,amulets
37783,answere
37784,clasp
37785,cottonwood
37786,courtiers
37787,dispositions
37788,fanns
37789,lewdness
37790,moistening
37791,noemen
37792,obviated
37793,silliness
37794,unostentatious
37795,wafer
37796,boardman
37797,bridgewater
37798,chandos
37799,druck
37800,grecians
37801,hortensius
37802,inverness
37803,ippolito
37804,kriege
37805,rae
37806,rashleigh
37807,cultivates
37808,divinest
37809,duplicates
37810,encumber
37811,geschreven
37812,glutted
37813,intensest
37814,irresolutely
37815,pianos
37816,pouches
37817,precautionary
37818,reflexions
37819,saute
37820,schlechthin
37821,spattered
37822,tienes
37823,uncalled
37824,dian
37825,meudon
37826,nevis
37827,schmerzen
37828,sicile
37829,zounds
37830,antediluvian
37831,avowing
37832,categorical
37833,cervelle
37834,eatable
37835,fehlen
37836,loveless
37837,neglectful
37838,penitents
37839,potentially
37840,salubrious
37841,soldiering
37842,vuol
37843,witticisms
37844,acadia
37845,chaldean
37846,corinna
37847,gabe
37848,highgate
37849,mamelukes
37850,pitti
37851,ravenslee
37852,ronicky
37853,rossiter
37854,anfangs
37855,bookkeeper
37856,contree
37857,decadent
37858,expostulations
37859,faldt
37860,inclemency
37861,infantine
37862,luttes
37863,meaningly
37864,oedd
37865,palanquin
37866,paternity
37867,surveiller
37868,torpedoes
37869,usque
37870,vender
37871,vestal
37872,watershed
37873,amir
37874,begriffs
37875,blicken
37876,ewell
37877,gunga
37878,moray
37879,riga
37880,sieyes
37881,smallbones
37882,amidships
37883,ampler
37884,comprenant
37885,degrades
37886,fad
37887,fishy
37888,flail
37889,foresters
37890,forwardness
37891,haie
37892,innanzi
37893,kumminkin
37894,mebby
37895,meglio
37896,qualitative
37897,rottenness
37898,tuberculosis
37899,zahlreichen
37900,barnett
37901,bernhardt
37902,dada
37903,dagny
37904,dingaan
37905,liberalism
37906,norwegians
37907,rockies
37908,rothschild
37909,sabatini
37910,byways
37911,conciliated
37912,crossroads
37913,daintiest
37914,decanters
37915,designates
37916,mortel
37917,newborn
37918,noises
37919,perpetrate
37920,putrefaction
37921,shallowness
37922,stilts
37923,townsman
37924,tremors
37925,comedie
37926,daudet
37927,gibbons
37928,shropshire
37929,tarsus
37930,advisable
37931,attestation
37932,blooded
37933,carouse
37934,clogs
37935,devotedness
37936,drinkers
37937,misinterpreted
37938,robuste
37939,silencieuse
37940,tutelage
37941,waddled
37942,alleghanies
37943,ashurst
37944,diu
37945,elend
37946,havelock
37947,meaux
37948,medusa
37949,bothers
37950,deigning
37951,dunkle
37952,faillit
37953,golfe
37954,hache
37955,householders
37956,introduit
37957,parsing
37958,phosphoric
37959,shunning
37960,sublimely
37961,tote
37962,vermochte
37963,vilain
37964,walrus
37965,wrestler
37966,brissot
37967,domenico
37968,gabriella
37969,iles
37970,institutes
37971,philipinas
37972,prev
37973,pym
37974,ruy
37975,titania
37976,unmittelbarkeit
37977,boa
37978,cachot
37979,candied
37980,casser
37981,cruellement
37982,crusty
37983,donnerait
37984,enterprize
37985,entertainer
37986,existait
37987,glorieux
37988,hert
37989,hustru
37990,lapsen
37991,magasins
37992,magically
37993,pecked
37994,pragmatic
37995,puo
37996,saile
37997,shirked
37998,shriek
37999,chupin
38000,claiborne
38001,delilah
38002,girty
38003,hiv
38004,longworth
38005,nadia
38006,pavel
38007,soubise
38008,viglius
38009,adorer
38010,censuring
38011,geweld
38012,handelt
38013,hindurch
38014,hunnen
38015,leisten
38016,nem
38017,ontvangen
38018,pahaa
38019,perpetrator
38020,piloting
38021,saepe
38022,secede
38023,snored
38024,wos
38025,fontenelle
38026,kirke
38027,mittag
38028,rubicon
38029,teneriffe
38030,walde
38031,acteurs
38032,baskets
38033,bassin
38034,bauble
38035,buenas
38036,caer
38037,chimera
38038,exits
38039,fashionably
38040,gevolg
38041,herding
38042,hosiery
38043,hvilken
38044,impolite
38045,incorporating
38046,intimacies
38047,intricacy
38048,ota
38049,reverberated
38050,sortaient
38051,touchy
38052,twaalf
38053,blandy
38054,bnf
38055,dobbs
38056,hamar
38057,kuwait
38058,marco
38059,noyes
38060,toni
38061,auml
38062,chancing
38063,cheering
38064,grafting
38065,hails
38066,hitching
38067,makeshift
38068,malen
38069,predilections
38070,publiques
38071,requiem
38072,shale
38073,ventilated
38074,anwendung
38075,cobden
38076,peleus
38077,tatham
38078,actuellement
38079,advert
38080,alarmingly
38081,choristers
38082,curdled
38083,dabbled
38084,deliberative
38085,essayait
38086,evasions
38087,evenals
38088,rejoining
38089,supernumerary
38090,tager
38091,topple
38092,tyrannies
38093,uglier
38094,uncircumcised
38095,veldt
38096,vielae
38097,welding
38098,bahn
38099,colton
38100,greif
38101,mandel
38102,masha
38103,mora
38104,phanes
38105,schultern
38106,vergangenheit
38107,acacias
38108,amorphous
38109,blackguards
38110,caracteres
38111,companie
38112,declension
38113,disrepute
38114,innings
38115,intimes
38116,largement
38117,lisant
38118,maatte
38119,redouble
38120,scourging
38121,versucht
38122,yaller
38123,elysees
38124,ledscha
38125,lodovico
38126,louie
38127,nowell
38128,tillie
38129,allures
38130,briars
38131,brillantes
38132,chunks
38133,deden
38134,inexpedient
38135,interrogatory
38136,kingdome
38137,lezen
38138,lia
38139,nette
38140,parsimonious
38141,rammed
38142,razors
38143,reiche
38144,untasted
38145,utilizing
38146,allmers
38147,baronne
38148,botticelli
38149,crabtree
38150,crowe
38151,dorjiling
38152,duncan
38153,fourthly
38154,geiste
38155,grosse
38156,hainault
38157,holbrook
38158,lidgerwood
38159,manlius
38160,moyne
38161,redbud
38162,regulus
38163,shechem
38164,aboord
38165,accrued
38166,blauen
38167,climber
38168,coulait
38169,dommage
38170,foulness
38171,gesprek
38172,gilds
38173,gondolas
38174,heartache
38175,incontrovertible
38176,mimicking
38177,organising
38178,overtakes
38179,retentive
38180,retrouvait
38181,shriveled
38182,squandering
38183,steamships
38184,stehenden
38185,undismayed
38186,unga
38187,vindictiveness
38188,atli
38189,belisarius
38190,brederode
38191,chillingworth
38192,christen
38193,creon
38194,erwartung
38195,fido
38196,mariette
38197,rumanian
38198,stefano
38199,bureaux
38200,buscar
38201,churned
38202,consistence
38203,gelangen
38204,ito
38205,leggen
38206,multiplies
38207,pattered
38208,seco
38209,sneezing
38210,unlawfully
38211,unmoeglich
38212,colossus
38213,farina
38214,gotha
38215,jael
38216,karen
38217,tyndall
38218,visconti
38219,alchemists
38220,brume
38221,clockwork
38222,deathlike
38223,ellipse
38224,geliebt
38225,globules
38226,horribly
38227,ingenuousness
38228,overshadow
38229,purr
38230,sagging
38231,southeastern
38232,verie
38233,brinsmade
38234,jahrhundert
38235,awakening
38236,caballeros
38237,cussed
38238,immobiles
38239,mickle
38240,nipping
38241,ongeveer
38242,phlegm
38243,rascality
38244,richting
38245,schwieg
38246,sesterces
38247,shuttered
38248,sweltering
38249,thanes
38250,wormed
38251,aspasia
38252,cyr
38253,einfluss
38254,fuessen
38255,haywood
38256,hertfordshire
38257,katrina
38258,wis
38259,acrost
38260,babyhood
38261,bosch
38262,delinquents
38263,disengaging
38264,draussen
38265,epigrammatic
38266,liveried
38267,meurs
38268,predominating
38269,reformatory
38270,reines
38271,squabbles
38272,tussle
38273,untrammelled
38274,gandharvas
38275,julien
38276,oldborough
38277,ponsonby
38278,publikum
38279,childishly
38280,dito
38281,encrusted
38282,fertility
38283,groomed
38284,indissolubly
38285,instil
38286,leaking
38287,magasin
38288,passants
38289,portcullis
38290,rotunda
38291,sidste
38292,verras
38293,bai
38294,cortez
38295,cranstoun
38296,shem
38297,ambushed
38298,athirst
38299,dissertations
38300,expires
38301,gamekeeper
38302,hyena
38303,iltana
38304,juoksi
38305,kasvot
38306,lleno
38307,mumble
38308,overcharged
38309,poussiere
38310,primed
38311,treibt
38312,trifft
38313,vreugde
38314,hoche
38315,marvell
38316,rossmore
38317,shon
38318,coppice
38319,daarop
38320,evangelists
38321,falsetto
38322,flamboyant
38323,garlanded
38324,glowering
38325,larceny
38326,metric
38327,quickens
38328,refilled
38329,schemed
38330,slaven
38331,staples
38332,terminology
38333,condy
38334,cuddie
38335,darley
38336,fatima
38337,pyotr
38338,talladega
38339,ursachen
38340,wto
38341,aboute
38342,bystander
38343,calma
38344,carmine
38345,epistolary
38346,explicable
38347,foal
38348,foeman
38349,fundamentals
38350,gabble
38351,galaxy
38352,iho
38353,saman
38354,shames
38355,somewheres
38356,stehe
38357,succours
38358,superabundant
38359,unspoiled
38360,ballarat
38361,beric
38362,gattin
38363,libby
38364,martinez
38365,monts
38366,nicolo
38367,radios
38368,sao
38369,beaters
38370,blod
38371,connived
38372,cringe
38373,fireplaces
38374,glowered
38375,illusive
38376,milling
38377,monstrosity
38378,mordant
38379,mutters
38380,pendre
38381,propellers
38382,recoiling
38383,remorselessly
38384,strenge
38385,tapioca
38386,trone
38387,unfairness
38388,ambrosius
38389,brahmins
38390,bridgeport
38391,copperfield
38392,gallia
38393,harker
38394,jussi
38395,wahrnehmung
38396,whitsuntide
38397,wotton
38398,alcun
38399,begge
38400,bezoek
38401,bombast
38402,brimmed
38403,buttermilk
38404,coves
38405,emphasise
38406,enfolded
38407,feinen
38408,hedgerows
38409,manieres
38410,serviette
38411,solder
38412,teem
38413,werfen
38414,zoowel
38415,burchard
38416,coon
38417,godefroid
38418,gulliver
38419,jevons
38420,kas
38421,nyoda
38422,allzu
38423,antiseptic
38424,auditorium
38425,aviator
38426,bawl
38427,begleitet
38428,bragged
38429,commercially
38430,daies
38431,erstaunt
38432,expanses
38433,forsworn
38434,intervention
38435,meeste
38436,multe
38437,paymaster
38438,rankling
38439,ressemblent
38440,samedi
38441,sensory
38442,shrugs
38443,sympathising
38444,terminations
38445,throwed
38446,voin
38447,wohnen
38448,acadians
38449,cambodia
38450,elli
38451,herndon
38452,iom
38453,lanier
38454,myrtilus
38455,apparelled
38456,apporta
38457,cocaine
38458,conocido
38459,drachm
38460,dugout
38461,edad
38462,fede
38463,hothouse
38464,junks
38465,menstruation
38466,musst
38467,promets
38468,renferme
38469,unblushing
38470,valoir
38471,viewpoint
38472,albuquerque
38473,bradlaugh
38474,menander
38475,oswego
38476,begreifen
38477,constitutionality
38478,daj
38479,draps
38480,haast
38481,mussten
38482,prospering
38483,soothsayer
38484,thawing
38485,tranquilles
38486,behandlung
38487,cheltenham
38488,jacks
38489,jaspar
38490,ludgate
38491,whitby
38492,begegnet
38493,carefulness
38494,compacted
38495,doutait
38496,fayre
38497,housekeepers
38498,knowne
38499,lolled
38500,obelisks
38501,objectives
38502,rundt
38503,snuggled
38504,solange
38505,stringed
38506,suppleness
38507,veuille
38508,chen
38509,clo
38510,compiegne
38511,draupadi
38512,freud
38513,morcerf
38514,semiramis
38515,sylvestre
38516,apoplectic
38517,behoort
38518,cate
38519,clanged
38520,cobra
38521,farthings
38522,flatness
38523,fumee
38524,hechos
38525,pastures
38526,protract
38527,sagst
38528,seraglio
38529,synopsis
38530,tressaillit
38531,vieillards
38532,voulus
38533,cadoudal
38534,cayley
38535,hellenism
38536,linnaeus
38537,purdy
38538,twickenham
38539,wafers
38540,bedarf
38541,beeld
38542,colons
38543,couverture
38544,crescendo
38545,disavowed
38546,epicure
38547,flagstaff
38548,moegen
38549,oarsmen
38550,progresses
38551,retten
38552,torts
38553,unrelieved
38554,verve
38555,castel
38556,dow
38557,gruppe
38558,hasdrubal
38559,lapland
38560,televisions
38561,westen
38562,amas
38563,aptness
38564,besitzt
38565,brazo
38566,conceding
38567,joyed
38568,mancherlei
38569,sycamores
38570,wagte
38571,comanches
38572,driscoll
38573,haydon
38574,hochzeit
38575,int
38576,jaffery
38577,journ
38578,langholm
38579,mungo
38580,papua
38581,argumentation
38582,armoury
38583,cien
38584,despoil
38585,droops
38586,exaction
38587,flambeau
38588,fuels
38589,halbe
38590,hermetically
38591,measurable
38592,oir
38593,palmy
38594,parlement
38595,regle
38596,scandalised
38597,sojourning
38598,sunburned
38599,vim
38600,elisa
38601,joanne
38602,luttrell
38603,montreuil
38604,parl
38605,analytic
38606,autonomous
38607,censers
38608,counseled
38609,disons
38610,easing
38611,gloated
38612,justo
38613,kuningas
38614,legalized
38615,obituary
38616,revenging
38617,sandhills
38618,scythes
38619,twirl
38620,wrecked
38621,zwaard
38622,breckenridge
38623,dill
38624,stygian
38625,const
38626,disdains
38627,encroached
38628,naturelles
38629,niggard
38630,pandemonium
38631,passo
38632,pompously
38633,predisposition
38634,squeamish
38635,taming
38636,tragique
38637,usw
38638,voorkomen
38639,afghans
38640,methode
38641,steven
38642,vergnuegen
38643,welles
38644,amang
38645,bicycles
38646,curd
38647,dynastic
38648,fuisse
38649,grammars
38650,hateth
38651,humped
38652,misrepresent
38653,nostrum
38654,pieced
38655,referee
38656,swimmers
38657,huntley
38658,mayhew
38659,rab
38660,conventionally
38661,emporter
38662,entreats
38663,grindstone
38664,licks
38665,longevity
38666,mousquetaires
38667,muitelingen
38668,neder
38669,olfactory
38670,particuliers
38671,petulantly
38672,quum
38673,sian
38674,tapahtunut
38675,tendance
38676,vecu
38677,vingtaine
38678,athelstane
38679,braxton
38680,eocene
38681,lii
38682,saville
38683,tatiana
38684,applaudissements
38685,audaciously
38686,aureole
38687,boeufs
38688,convenait
38689,defrayed
38690,degre
38691,derfor
38692,direz
38693,frill
38694,guerilla
38695,marksmen
38696,playfellow
38697,poli
38698,possibles
38699,provoquer
38700,stilted
38701,uitdrukking
38702,weichen
38703,zoology
38704,caffie
38705,cassel
38706,clerambault
38707,cortlandt
38708,froissart
38709,gewohnheit
38710,judd
38711,korak
38712,kreuz
38713,maj
38714,tycho
38715,clocke
38716,cruell
38717,gibe
38718,hierin
38719,lancet
38720,nochmals
38721,promissory
38722,quadrant
38723,shrivel
38724,teacup
38725,antrag
38726,bayliss
38727,cath
38728,frederica
38729,snodgrass
38730,spicer
38731,tiberias
38732,trinity
38733,donnee
38734,frisky
38735,knowen
38736,menait
38737,olkoon
38738,povas
38739,productiveness
38740,secondo
38741,serions
38742,straighter
38743,aston
38744,dyckman
38745,euston
38746,gosse
38747,nuttie
38748,tunisia
38749,angenehm
38750,appellent
38751,chanoine
38752,chimeras
38753,ciencia
38754,distinguait
38755,electioneering
38756,enfold
38757,hesitations
38758,largeur
38759,palpitation
38760,populaires
38761,purposing
38762,reviens
38763,ventura
38764,chor
38765,mahawanso
38766,ranulph
38767,ruecken
38768,skepsey
38769,anachronism
38770,asile
38771,behandelt
38772,blends
38773,booze
38774,bumps
38775,compressing
38776,dismounted
38777,emetic
38778,gauw
38779,gouvernante
38780,inconnus
38781,manuscrit
38782,minutiae
38783,muffler
38784,oblations
38785,priere
38786,ratifications
38787,somos
38788,testify
38789,vijanden
38790,wasna
38791,witching
38792,amon
38793,bbl
38794,hindostan
38795,lorcs
38796,allemande
38797,crate
38798,groen
38799,indolently
38800,onyx
38801,paired
38802,rade
38803,retomber
38804,sentimentalist
38805,siervo
38806,sleight
38807,soyons
38808,stub
38809,tonneau
38810,whenas
38811,wooer
38812,bernice
38813,ecclesiastes
38814,heber
38815,hurlbut
38816,junta
38817,romilly
38818,symonds
38819,turcs
38820,umfang
38821,attaques
38822,darning
38823,eras
38824,fifties
38825,flaunt
38826,groessten
38827,hied
38828,illnesses
38829,indecorous
38830,infernally
38831,quadruple
38832,smelting
38833,unpractised
38834,volto
38835,whilk
38836,angers
38837,flaxman
38838,kirchen
38839,literatur
38840,maluco
38841,schelling
38842,schleier
38843,acclaimed
38844,convenir
38845,deepe
38846,humbles
38847,kneading
38848,languorous
38849,madcap
38850,nebst
38851,prefatory
38852,preternaturally
38853,rancho
38854,resignedly
38855,resonance
38856,swirled
38857,syl
38858,vacate
38859,brudenell
38860,codex
38861,esdras
38862,juifs
38863,lascelles
38864,nagasaki
38865,turkestan
38866,antipodes
38867,asiaa
38868,bedeckt
38869,borrower
38870,conjointly
38871,deputations
38872,dismembered
38873,fastness
38874,folies
38875,herauf
38876,murmurings
38877,parades
38878,pleadingly
38879,raad
38880,sanitation
38881,sorties
38882,toiseen
38883,veneer
38884,allemands
38885,belial
38886,fulco
38887,henschel
38888,mostyn
38889,reisen
38890,rosario
38891,shuffles
38892,stoneman
38893,woodhouse
38894,armored
38895,asseoir
38896,caravels
38897,domed
38898,friendliest
38899,gesticulations
38900,merveilles
38901,morasses
38902,organisations
38903,outen
38904,padrone
38905,pennant
38906,stept
38907,unbalanced
38908,vipers
38909,zuster
38910,derwent
38911,dorsetshire
38912,galba
38913,heck
38914,langley
38915,maecenas
38916,unschuld
38917,athletics
38918,cheat
38919,coule
38920,creased
38921,decays
38922,decreases
38923,fo
38924,glinted
38925,harlots
38926,kurzer
38927,meete
38928,pawed
38929,quicksands
38930,rancune
38931,scimitar
38932,servitors
38933,sighting
38934,suspendu
38935,bromley
38936,bunce
38937,cannes
38938,ezek
38939,masc
38940,michie
38941,mondes
38942,paleon
38943,prussiens
38944,sanin
38945,sanine
38946,strahl
38947,abating
38948,barefaced
38949,copses
38950,cuckold
38951,desquelles
38952,evasively
38953,jolis
38954,jurymen
38955,loisir
38956,pored
38957,poursuivi
38958,pyysi
38959,relinquishment
38960,ressort
38961,spurgte
38962,traduction
38963,undefinable
38964,unmasked
38965,variants
38966,voorbeeld
38967,cauchon
38968,drouet
38969,howat
38970,laure
38971,praeneste
38972,reno
38973,rossitur
38974,bedecked
38975,capsized
38976,celebrations
38977,cellule
38978,continence
38979,disarranged
38980,drachms
38981,indigestible
38982,infr
38983,intercepting
38984,lath
38985,lintel
38986,onnen
38987,pried
38988,recites
38989,regardais
38990,secousse
38991,solaced
38992,southernmost
38993,unmannerly
38994,untrustworthy
38995,wur
38996,baptista
38997,giovanna
38998,hildegarde
38999,marise
39000,rodolph
39001,schar
39002,zeus
39003,bazar
39004,caretaker
39005,carnations
39006,chiffon
39007,classmate
39008,clawing
39009,comptes
39010,dirigeait
39011,effroi
39012,footsore
39013,homily
39014,listlessness
39015,magnets
39016,mitad
39017,mound
39018,objetos
39019,odieux
39020,palacio
39021,tavoin
39022,trottoir
39023,addington
39024,boiscoran
39025,elemente
39026,macdowell
39027,niebuhr
39028,polycarp
39029,thyrza
39030,awfulness
39031,bookcases
39032,derecho
39033,entrada
39034,focussed
39035,fuere
39036,gallantries
39037,mayors
39038,nowe
39039,pinches
39040,postmark
39041,recommande
39042,spry
39043,steigt
39044,unerringly
39045,verlegen
39046,arkwright
39047,chancellorsville
39048,nic
39049,papias
39050,tryon
39051,yokohama
39052,baisa
39053,croup
39054,extolling
39055,ifrn
39056,kunne
39057,launches
39058,nier
39059,nuggets
39060,ounces
39061,pemmican
39062,predicated
39063,prepositions
39064,principalement
39065,recriminations
39066,superadded
39067,unfurnished
39068,uninviting
39069,caesarea
39070,doone
39071,foley
39072,greshamsbury
39073,schubert
39074,encampments
39075,expatiated
39076,fustian
39077,hinweg
39078,homosexual
39079,illustres
39080,laa
39081,nehme
39082,proposals
39083,schoolmate
39084,snuffing
39085,staffs
39086,survivals
39087,unco
39088,unfashionable
39089,victualling
39090,donatello
39091,duomo
39092,felder
39093,herder
39094,jahrhunderts
39095,rousseau
39096,seaforth
39097,zealanders
39098,aslant
39099,cosmos
39100,forfeits
39101,fuerzas
39102,guld
39103,imposible
39104,justes
39105,lengte
39106,loopholes
39107,motoring
39108,perspicuity
39109,poignantly
39110,predetermined
39111,qualites
39112,recoils
39113,sonna
39114,spanning
39115,tombent
39116,verrait
39117,anales
39118,buteau
39119,callao
39120,gwen
39121,haw
39122,imperator
39123,koenigs
39124,pico
39125,vlaanderen
39126,authorizes
39127,beatitude
39128,facit
39129,forays
39130,gentlemanlike
39131,geschikt
39132,hustling
39133,laengst
39134,larynx
39135,noetig
39136,procrastination
39137,reappearing
39138,achille
39139,coolidge
39140,lawd
39141,liebknecht
39142,navajo
39143,orville
39144,russ
39145,swinton
39146,absurde
39147,acerca
39148,ardour
39149,bl
39150,caverne
39151,discuter
39152,distributes
39153,expending
39154,fag
39155,gravelled
39156,hypnotized
39157,parecer
39158,plunderers
39159,superfluities
39160,tambour
39161,acad
39162,andersen
39163,asturias
39164,fisker
39165,franziska
39166,halsey
39167,kenya
39168,agriculturists
39169,consults
39170,desperado
39171,dettes
39172,ergriffen
39173,extradition
39174,givit
39175,habent
39176,heim
39177,helpfulness
39178,monotheism
39179,optics
39180,overawe
39181,recast
39182,referma
39183,rotund
39184,scraggy
39185,blondet
39186,brissac
39187,hardenberg
39188,ilmarinen
39189,manilla
39190,noorna
39191,rutledge
39192,susa
39193,unruhe
39194,verlegenheit
39195,annuals
39196,assignation
39197,autographs
39198,bleat
39199,boon
39200,discourteous
39201,embroideries
39202,employe
39203,encloses
39204,enl
39205,enormes
39206,entoure
39207,esti
39208,hirelings
39209,hurls
39210,picketed
39211,sponsor
39212,suuret
39213,ventral
39214,eifer
39215,tellier
39216,temp
39217,verhaeltnis
39218,admirablement
39219,apricot
39220,arreter
39221,begetting
39222,entwickelt
39223,guerriers
39224,himmelen
39225,lisped
39226,magnanimously
39227,mijnen
39228,reverberation
39229,splendide
39230,spluttered
39231,steden
39232,unrecognized
39233,afdb
39234,alberto
39235,archelaus
39236,bloomfield
39237,louisbourg
39238,tjaelde
39239,astuteness
39240,begrudge
39241,composait
39242,disavow
39243,dominait
39244,enseigne
39245,sinecure
39246,surete
39247,uni
39248,whirlpools
39249,ailie
39250,basil
39251,dedlock
39252,navn
39253,rocinante
39254,stettin
39255,versammlung
39256,wurtemberg
39257,appareil
39258,candlelight
39259,caravel
39260,condole
39261,encuentra
39262,gangrene
39263,harms
39264,honoring
39265,indicator
39266,miel
39267,nuance
39268,pancakes
39269,paring
39270,precipitating
39271,proportionally
39272,uncounted
39273,circassian
39274,norsemen
39275,sutra
39276,varick
39277,calcul
39278,characterise
39279,coiling
39280,contraire
39281,coom
39282,faithlessness
39283,galvanic
39284,impecunious
39285,larme
39286,lode
39287,mepris
39288,molding
39289,mottoes
39290,plej
39291,sturgeon
39292,teniendo
39293,unwound
39294,albatross
39295,beamish
39296,bes
39297,boeotia
39298,britt
39299,crowne
39300,grady
39301,hazelton
39302,moros
39303,peveril
39304,roch
39305,snagsby
39306,tyrian
39307,appertain
39308,astringent
39309,countersign
39310,dour
39311,drukte
39312,eensklaps
39313,eminences
39314,eradicated
39315,garrets
39316,habitait
39317,ive
39318,leichten
39319,loggia
39320,mettez
39321,parcourir
39322,perturbations
39323,polytheism
39324,propriete
39325,risings
39326,schoolfellows
39327,soothsayers
39328,tripe
39329,vilely
39330,washstand
39331,camillus
39332,mazarine
39333,senecas
39334,senorita
39335,accomplir
39336,admis
39337,burials
39338,chalet
39339,equinox
39340,etching
39341,extenuate
39342,fattest
39343,fiddlers
39344,freebooters
39345,herte
39346,immovably
39347,indique
39348,intrigues
39349,poachers
39350,tendon
39351,voies
39352,vouchers
39353,kanawha
39354,lanka
39355,mosiah
39356,nutter
39357,palamon
39358,scattergood
39359,urbain
39360,antworten
39361,bootless
39362,corded
39363,demean
39364,fusse
39365,gloat
39366,groat
39367,groene
39368,introspective
39369,kaupungin
39370,parchments
39371,plumped
39372,raindrops
39373,recapitulate
39374,respecte
39375,spouted
39376,substantiate
39377,tampoco
39378,teacheth
39379,underrate
39380,verwandelt
39381,zetten
39382,boaz
39383,cleek
39384,marivaux
39385,uranus
39386,assimilating
39387,canopied
39388,cercueil
39389,circumnutation
39390,defaut
39391,domesticity
39392,dope
39393,dumplings
39394,fruitfulness
39395,heartiest
39396,luxuriantly
39397,massage
39398,meses
39399,modulation
39400,monstrously
39401,mooie
39402,platina
39403,protectress
39404,swaggered
39405,winder
39406,zahlreiche
39407,hamil
39408,himalayan
39409,kindes
39410,levite
39411,pca
39412,rakshasas
39413,scatcherd
39414,tending
39415,confederated
39416,coolie
39417,falseness
39418,fixture
39419,fordi
39420,indefensible
39421,inom
39422,iota
39423,lernte
39424,linguist
39425,menor
39426,mildew
39427,ple
39428,preconcerted
39429,provisioned
39430,rechter
39431,sanded
39432,satyr
39433,sledging
39434,toddy
39435,vreemd
39436,wags
39437,beifall
39438,budd
39439,gemahlin
39440,magyar
39441,pirandello
39442,sabines
39443,tanno
39444,aluminium
39445,appraised
39446,butting
39447,contentious
39448,cramming
39449,decret
39450,disport
39451,flounces
39452,gamin
39453,geradezu
39454,gezelschap
39455,grammes
39456,judicature
39457,orally
39458,pathology
39459,predominantly
39460,prefaced
39461,satyrs
39462,solos
39463,whiten
39464,yourn
39465,ahmet
39466,aristotle
39467,bullard
39468,joh
39469,lachlan
39470,sydenham
39471,arrowy
39472,behindhand
39473,chocolates
39474,connaissaient
39475,degenerates
39476,fatta
39477,getrieben
39478,infolge
39479,possit
39480,quenching
39481,rosettes
39482,sar
39483,shackled
39484,subiects
39485,erwin
39486,hepburn
39487,jacobus
39488,jeffreys
39489,kaunitz
39490,mcguire
39491,mukoki
39492,powis
39493,romana
39494,segen
39495,amene
39496,basal
39497,buckboard
39498,colander
39499,counterfeiting
39500,departmental
39501,gashed
39502,gesloten
39503,lecteurs
39504,letzteren
39505,lowness
39506,mammal
39507,marketable
39508,midt
39509,moste
39510,ova
39511,shoemakers
39512,toyed
39513,apuleius
39514,dunlop
39515,dunster
39516,gregor
39517,kanzler
39518,leontes
39519,magda
39520,tasche
39521,adulterated
39522,befindet
39523,cicerone
39524,diepe
39525,entombed
39526,gebildet
39527,genou
39528,illustrator
39529,lebendig
39530,mandarins
39531,networks
39532,ochre
39533,pratiques
39534,reproduces
39535,weite
39536,wirken
39537,donald
39538,geburt
39539,ibm
39540,radnor
39541,volke
39542,zeke
39543,buffoonery
39544,coquin
39545,erewhile
39546,festering
39547,imperialism
39548,lago
39549,lege
39550,literati
39551,poort
39552,refusals
39553,schemer
39554,sheeted
39555,sommige
39556,aiken
39557,bourget
39558,haufen
39559,joppa
39560,sluys
39561,susquehanna
39562,baldness
39563,beetje
39564,causeless
39565,devrais
39566,erzaehlte
39567,fatness
39568,fiere
39569,geheim
39570,genealogies
39571,growed
39572,insatiate
39573,invert
39574,joust
39575,lacht
39576,narcissist
39577,roulant
39578,sayde
39579,suivirent
39580,unlocking
39581,versuchen
39582,delos
39583,eumenes
39584,lethe
39585,mick
39586,mohammedanism
39587,tagus
39588,ternate
39589,wilhelm
39590,wylder
39591,aliis
39592,amalgamated
39593,folgende
39594,haga
39595,hiver
39596,insbesondere
39597,jutted
39598,nef
39599,schreibt
39600,sprouted
39601,tenga
39602,unhesitating
39603,unread
39604,ahasuerus
39605,calder
39606,fabricius
39607,herran
39608,prinzip
39609,atolls
39610,compactly
39611,concerne
39612,equipping
39613,exhorts
39614,fib
39615,gevoelde
39616,handicrafts
39617,harvested
39618,interfered
39619,audubon
39620,bayeux
39621,budapest
39622,ecole
39623,apse
39624,brillait
39625,deprecation
39626,dislocation
39627,empfand
39628,erit
39629,forborne
39630,fuenf
39631,indispensably
39632,lender
39633,montraient
39634,munition
39635,outlawry
39636,parois
39637,patching
39638,proverb
39639,sedative
39640,sepulture
39641,straks
39642,trouvez
39643,abydos
39644,charlus
39645,hinkle
39646,liii
39647,norbert
39648,rotha
39649,scythia
39650,vetch
39651,aiment
39652,amputated
39653,appellate
39654,dogmatism
39655,eschew
39656,glans
39657,grotte
39658,hatter
39659,laide
39660,padding
39661,sejour
39662,uninformed
39663,unworldly
39664,wirkliche
39665,ankunft
39666,feodor
39667,flynn
39668,khasi
39669,lg
39670,pasteur
39671,sez
39672,sinnlichkeit
39673,abrogated
39674,battlefields
39675,cadeau
39676,crossly
39677,decembre
39678,departures
39679,embankments
39680,glooms
39681,gracieuse
39682,predicting
39683,stipulate
39684,tute
39685,alii
39686,baines
39687,einbildungskraft
39688,kells
39689,olly
39690,verfassung
39691,admonishing
39692,betaken
39693,boons
39694,cantering
39695,collections
39696,compendium
39697,exponents
39698,ineradicable
39699,joilla
39700,lightsome
39701,negatively
39702,pennons
39703,percer
39704,slugs
39705,strewing
39706,ulcer
39707,vento
39708,vot
39709,blackburn
39710,geliebten
39711,gewicht
39712,lefevre
39713,letitia
39714,monate
39715,ow
39716,thales
39717,treaties
39718,brawn
39719,briefs
39720,chalked
39721,ciphers
39722,criticizing
39723,depute
39724,entro
39725,leonine
39726,rapprocher
39727,smarter
39728,vaimo
39729,waterside
39730,agnew
39731,belleville
39732,crees
39733,dromio
39734,meigs
39735,ambrosial
39736,amusingly
39737,bode
39738,concession
39739,depository
39740,devenaient
39741,fluctuation
39742,haranguing
39743,leed
39744,piedras
39745,revenus
39746,scoring
39747,squaring
39748,sty
39749,sucker
39750,unconsidered
39751,aubert
39752,ausnahme
39753,bursley
39754,gough
39755,hurd
39756,malvern
39757,naylor
39758,pussy
39759,scarron
39760,sierras
39761,stooping
39762,vosges
39763,vulgate
39764,acetic
39765,amoureuse
39766,betoken
39767,cartoon
39768,casuistry
39769,croyances
39770,demandent
39771,discussions
39772,frayeur
39773,hawser
39774,herculean
39775,omniscience
39776,overruling
39777,pitchy
39778,solennel
39779,unflagging
39780,verba
39781,waaren
39782,enrico
39783,glastonbury
39784,imogene
39785,isaias
39786,katuti
39787,redbook
39788,reichtum
39789,renard
39790,ricks
39791,ronsard
39792,rowan
39793,tanz
39794,weisspriess
39795,accorde
39796,amplified
39797,anthracite
39798,atoning
39799,aveu
39800,brightens
39801,cognate
39802,comically
39803,contrariety
39804,copyist
39805,dico
39806,doun
39807,ennemie
39808,ferro
39809,heartbroken
39810,hominem
39811,lagde
39812,papered
39813,preso
39814,puro
39815,recompence
39816,resents
39817,rupee
39818,sacerdote
39819,scrimmage
39820,taasen
39821,unbent
39822,unveiling
39823,vergebens
39824,versprach
39825,arcite
39826,bassanio
39827,frans
39828,interviewer
39829,leviathan
39830,parrish
39831,aldus
39832,avalanches
39833,bravoure
39834,braying
39835,cannonading
39836,chandelle
39837,claro
39838,distancia
39839,doctrina
39840,emphasizes
39841,eucalyptus
39842,fidget
39843,hanno
39844,harmonie
39845,headwaters
39846,incest
39847,insufficiently
39848,kindlier
39849,rappelant
39850,seisoo
39851,squirmed
39852,sureties
39853,unforgettable
39854,uwen
39855,vapeurs
39856,vem
39857,venting
39858,vieja
39859,vorhin
39860,wirklichen
39861,wittily
39862,wooers
39863,adelheid
39864,anacreon
39865,andalusian
39866,atreus
39867,cambaceres
39868,froken
39869,gloucestershire
39870,jaeger
39871,marfa
39872,medora
39873,osten
39874,piccolomini
39875,stonehenge
39876,uri
39877,vail
39878,baboon
39879,cantos
39880,comptoir
39881,disintegrated
39882,dissect
39883,erstenmal
39884,esplanade
39885,flavoring
39886,glorying
39887,helpmate
39888,hommage
39889,maailma
39890,maledictions
39891,montrent
39892,peevishly
39893,planking
39894,radicle
39895,segunda
39896,wain
39897,wallowed
39898,borghese
39899,minneapolis
39900,tandakora
39901,whately
39902,altruism
39903,dotter
39904,draggled
39905,extirpated
39906,fabric
39907,feuillage
39908,funnels
39909,gauzy
39910,historiques
39911,inutilement
39912,marchandises
39913,miscarry
39914,nebula
39915,quoniam
39916,remonte
39917,viscera
39918,waltzes
39919,windfall
39920,boule
39921,draft
39922,edda
39923,greve
39924,laon
39925,pardieu
39926,pritchard
39927,ritz
39928,seton
39929,simonides
39930,annuities
39931,becomingly
39932,beggared
39933,blissfully
39934,changements
39935,espada
39936,etonne
39937,heeds
39938,moralizing
39939,nya
39940,oliwat
39941,organizer
39942,plaisanteries
39943,problematical
39944,shrilled
39945,snel
39946,sonny
39947,soufflait
39948,soustraire
39949,storeroom
39950,vend
39951,wiederholte
39952,allemagne
39953,hanse
39954,jurand
39955,kenntnis
39956,luise
39957,miscellanies
39958,primus
39959,sillery
39960,strether
39961,breeder
39962,carcases
39963,contiguity
39964,corpore
39965,eth
39966,inoculation
39967,kenties
39968,overhauling
39969,pawnbroker
39970,putteth
39971,reopen
39972,rewards
39973,salaried
39974,spanischen
39975,specification
39976,syndic
39977,verlangte
39978,ballindine
39979,baynes
39980,grimaldi
39981,huss
39982,parthia
39983,penfold
39984,romano
39985,aliud
39986,amass
39987,awesome
39988,conversions
39989,discreet
39990,disgracefully
39991,eares
39992,foresail
39993,gigantesque
39994,injustices
39995,obreve
39996,plenary
39997,resounds
39998,rowdy
39999,sagged
40000,stews
40001,swerving
40002,unsavoury
40003,vertebrate
40004,wes
40005,wraith
40006,cambrian
40007,chillingly
40008,gail
40009,kentuckians
40010,klara
40011,lacedaemonian
40012,maximilien
40013,oliphant
40014,plantagie
40015,rossi
40016,allurement
40017,benedictions
40018,campos
40019,deelen
40020,dioxide
40021,dominoes
40022,founds
40023,gegebenen
40024,goldsmiths
40025,improvise
40026,incompatibility
40027,instanced
40028,omne
40029,portend
40030,suckled
40031,symbolize
40032,thickens
40033,workingman
40034,aeschines
40035,balliol
40036,edmonton
40037,mommsen
40038,rankin
40039,theonie
40040,tomkins
40041,untersuchung
40042,vidura
40043,vitellius
40044,wadsworth
40045,alkoivat
40046,boldness
40047,circulates
40048,disconcert
40049,formant
40050,henki
40051,journeyings
40052,manuals
40053,nosti
40054,syntes
40055,tipping
40056,unfruitful
40057,vaartuig
40058,zoudt
40059,cherbourg
40060,falkenberg
40061,grote
40062,luynes
40063,sibley
40064,thresk
40065,versuche
40066,abnegation
40067,daarbij
40068,deale
40069,fremd
40070,hoax
40071,inadequately
40072,ingrate
40073,klonk
40074,libri
40075,salles
40076,siliceous
40077,tienne
40078,boabdil
40079,capet
40080,dory
40081,flosi
40082,grundlage
40083,jasmin
40084,linnet
40085,pencroff
40086,saba
40087,sejanus
40088,sonst
40089,banisters
40090,chit
40091,comport
40092,cults
40093,curative
40094,dikke
40095,flouted
40096,moneth
40097,nit
40098,reaper
40099,reciprocated
40100,soe
40101,swag
40102,tomahawks
40103,unmerciful
40104,vidare
40105,virtuously
40106,wresting
40107,alger
40108,algonquins
40109,dakerlia
40110,dixie
40111,groton
40112,kshatriyas
40113,nunez
40114,santerre
40115,toboso
40116,trenchard
40117,walloons
40118,apprend
40119,commonalty
40120,conventual
40121,cruised
40122,deutsch
40123,exhaustless
40124,exploiting
40125,gaillard
40126,kiln
40127,massing
40128,purveyor
40129,quaff
40130,qualm
40131,sluice
40132,stumbles
40133,tambourine
40134,threepence
40135,victoriously
40136,almayer
40137,cosette
40138,grierson
40139,intermediate
40140,knightley
40141,sylvius
40142,taffy
40143,ursprung
40144,adjusted
40145,appeare
40146,besonderen
40147,dignite
40148,fiance
40149,forsakes
40150,gaun
40151,gleeful
40152,opprobrium
40153,perpetration
40154,pottage
40155,praetors
40156,queda
40157,reiteration
40158,rudement
40159,sedge
40160,setter
40161,smalle
40162,stu
40163,transplanting
40164,weissen
40165,antipholus
40166,barbour
40167,cnut
40168,coxe
40169,grimshaw
40170,guert
40171,licinius
40172,negl
40173,sangamon
40174,sorgen
40175,aquello
40176,calumniated
40177,confusions
40178,etiez
40179,icing
40180,meisjes
40181,peppermint
40182,retarding
40183,tarttui
40184,terram
40185,unacknowledged
40186,vertigo
40187,vocations
40188,vooruit
40189,chauncey
40190,concorde
40191,hawkeye
40192,moravians
40193,nachrichten
40194,sparling
40195,tinguian
40196,beginnt
40197,blondes
40198,cog
40199,corrects
40200,dolphins
40201,labios
40202,maakten
40203,poultice
40204,propia
40205,repents
40206,saurai
40207,sonore
40208,waylay
40209,biberli
40210,brande
40211,gnp
40212,gervase
40213,grendel
40214,memnon
40215,phips
40216,picts
40217,punkte
40218,abbia
40219,arriued
40220,clarte
40221,divisible
40222,incidence
40223,lumbered
40224,neckcloth
40225,pats
40226,promenading
40227,propitiated
40228,recounts
40229,respiratory
40230,salver
40231,temperamental
40232,theer
40233,unfaithfulness
40234,unobtrusively
40235,aryans
40236,birdie
40237,brouncker
40238,corea
40239,daseyn
40240,gorgon
40241,kabul
40242,kaufmann
40243,thermopylae
40244,comen
40245,despotisme
40246,exposures
40247,findings
40248,golde
40249,jokainen
40250,naturels
40251,pourriez
40252,speared
40253,twentie
40254,vecchio
40255,vixen
40256,weitem
40257,wrinkling
40258,zwaar
40259,ailill
40260,estella
40261,mahony
40262,schulter
40263,sikh
40264,ablution
40265,apparences
40266,approcher
40267,broadsword
40268,chiffres
40269,dallying
40270,deluding
40271,dramatis
40272,eadem
40273,fomented
40274,frees
40275,healer
40276,liquide
40277,lumineux
40278,manslaughter
40279,marge
40280,mentir
40281,meren
40282,nuoren
40283,swindled
40284,telegraphing
40285,tusk
40286,vallee
40287,blomster
40288,joam
40289,marsham
40290,reiter
40291,behaupten
40292,bristly
40293,byword
40294,contraires
40295,convoi
40296,cudgels
40297,decencies
40298,enrage
40299,mele
40300,oorzaak
40301,overrated
40302,pedants
40303,precieux
40304,sanan
40305,schoot
40306,subheading
40307,throttled
40308,unsolved
40309,valmis
40310,wakening
40311,bundercombe
40312,juhani
40313,shih
40314,tivoli
40315,assize
40316,edler
40317,erinnerte
40318,gezwungen
40319,luogo
40320,mochten
40321,pedal
40322,quattro
40323,sortirent
40324,specifying
40325,teinte
40326,transcribing
40327,vamos
40328,amorites
40329,catulus
40330,diodoros
40331,hongkong
40332,jardine
40333,muscovite
40334,nazarene
40335,ostia
40336,rockingham
40337,acrimonious
40338,altes
40339,antennae
40340,beseechingly
40341,caresse
40342,copyrighted
40343,courtisans
40344,coute
40345,cuddled
40346,devouement
40347,eare
40348,iteration
40349,laatsten
40350,livide
40351,mando
40352,prayerful
40353,ramshackle
40354,rasped
40355,recours
40356,stun
40357,swineherd
40358,wronging
40359,aesop
40360,mahmud
40361,parbleu
40362,sapor
40363,stephanie
40364,usenet
40365,artificiality
40366,augured
40367,briller
40368,coerced
40369,conscripts
40370,contenant
40371,crunch
40372,drinken
40373,gaie
40374,gebraucht
40375,loudness
40376,piedi
40377,quartering
40378,strata
40379,tariffs
40380,verrai
40381,verschieden
40382,aztecs
40383,carstairs
40384,clancy
40385,elam
40386,gesundheit
40387,gilpin
40388,martine
40389,redding
40390,rennes
40391,sevres
40392,sinnen
40393,abstention
40394,almoner
40395,arveli
40396,blacking
40397,chrysalis
40398,conseille
40399,coyotes
40400,flirtations
40401,foliis
40402,gagnait
40403,gesteld
40404,girle
40405,gourds
40406,ineffectually
40407,kuluttua
40408,legerement
40409,milliards
40410,misrule
40411,moutons
40412,olim
40413,orphaned
40414,panthers
40415,prohibitory
40416,propitiation
40417,ric
40418,slipshod
40419,soldered
40420,stupefying
40421,ultima
40422,unterbrach
40423,uptown
40424,viewless
40425,vocational
40426,wifely
40427,belloc
40428,crawshay
40429,gering
40430,hooray
40431,miltiades
40432,romane
40433,unterschiede
40434,adjure
40435,chaffed
40436,combinations
40437,effusive
40438,entendu
40439,executes
40440,falsify
40441,hearkening
40442,hedgehog
40443,idiosyncrasy
40444,machinalement
40445,marksman
40446,mirando
40447,pobres
40448,prisoned
40449,reclaiming
40450,bewohner
40451,buster
40452,emory
40453,herzogs
40454,ivor
40455,melanchthon
40456,mulligan
40457,stoker
40458,aberrations
40459,accorder
40460,bedsteads
40461,breviary
40462,colonist
40463,commingled
40464,donker
40465,entschieden
40466,frequents
40467,frolics
40468,gravestones
40469,huddling
40470,hulls
40471,informally
40472,lous
40473,propelling
40474,prostrating
40475,reves
40476,setteth
40477,sips
40478,sorest
40479,tempering
40480,wull
40481,alizon
40482,atalanta
40483,blythe
40484,darwinian
40485,gabinius
40486,hartmann
40487,lateran
40488,lydian
40489,martindale
40490,morell
40491,paramaribo
40492,phelim
40493,sandra
40494,sistine
40495,antient
40496,baits
40497,begegnen
40498,ek
40499,gibier
40500,inly
40501,joliment
40502,marts
40503,piquet
40504,proue
40505,retint
40506,snared
40507,tems
40508,topsail
40509,christy
40510,israelitish
40511,moffett
40512,verdienst
40513,abased
40514,allions
40515,armoured
40516,bandied
40517,consanguinity
40518,derecha
40519,enfranchised
40520,fondre
40521,incompleteness
40522,kuninkaan
40523,leguminous
40524,morphine
40525,painless
40526,poursuivait
40527,priming
40528,pudiera
40529,retournait
40530,rifts
40531,schoonheid
40532,sear
40533,tangles
40534,teemed
40535,tenebres
40536,trivialities
40537,tuohon
40538,harvester
40539,ifrcs
40540,jarl
40541,toussaint
40542,avevano
40543,belittle
40544,charrette
40545,diaphanous
40546,dispatch
40547,dissecting
40548,furthered
40549,fyra
40550,indorse
40551,lailla
40552,nocturne
40553,ofta
40554,saner
40555,arragon
40556,carolinas
40557,eisen
40558,frobisher
40559,morga
40560,petrovna
40561,teut
40562,adepts
40563,bombard
40564,disintegrating
40565,drench
40566,finnes
40567,intoxicate
40568,ipsi
40569,magistrats
40570,muur
40571,onni
40572,premeditation
40573,quaver
40574,telleth
40575,wisse
40576,bacchanal
40577,cambrai
40578,cassidy
40579,corbet
40580,dancy
40581,elfonzo
40582,proserpina
40583,valentinian
40584,amanuensis
40585,beruht
40586,cataclysm
40587,distil
40588,erzaehlen
40589,forelock
40590,freedoms
40591,genaamd
40592,grates
40593,nullify
40594,oppressively
40595,reposeful
40596,seraphic
40597,trends
40598,unsaid
40599,whiffs
40600,dormer
40601,hazen
40602,orat
40603,retz
40604,rolleston
40605,armchairs
40606,blinde
40607,boog
40608,brickwork
40609,cannibalism
40610,dicitur
40611,durent
40612,habite
40613,heirloom
40614,hock
40615,intelligente
40616,laski
40617,lugged
40618,partitioned
40619,pleader
40620,solstice
40621,suicides
40622,tardily
40623,tardiness
40624,ulcers
40625,adrianople
40626,egypte
40627,estas
40628,pontifex
40629,winwood
40630,avoue
40631,cacha
40632,caciques
40633,contemporains
40634,donated
40635,entdeckt
40636,ewige
40637,extraordinaires
40638,invisibly
40639,loopt
40640,misdemeanor
40641,propitiatory
40642,spirituelle
40643,versehen
40644,woodcock
40645,accursed
40646,bericht
40647,farragut
40648,frankrijk
40649,gautama
40650,jinn
40651,offizier
40652,razumov
40653,rennepont
40654,wamba
40655,acaso
40656,bagged
40657,generalized
40658,molle
40659,preparer
40660,superficie
40661,teeken
40662,vacillation
40663,winners
40664,cheever
40665,haycox
40666,juxon
40667,twemlow
40668,watteau
40669,wissenschaften
40670,yourii
40671,barrows
40672,bindings
40673,bocca
40674,cleanness
40675,colui
40676,declaiming
40677,dle
40678,dub
40679,heliga
40680,inhibition
40681,miesten
40682,podido
40683,rehabilitation
40684,repaying
40685,reread
40686,rougir
40687,simpering
40688,tronc
40689,verschwunden
40690,visita
40691,windless
40692,apulia
40693,boreas
40694,dauer
40695,hunston
40696,ionians
40697,paret
40698,serb
40699,auseinander
40700,blazon
40701,cabalistic
40702,chemises
40703,cieux
40704,deadening
40705,doers
40706,dunkeln
40707,indorsement
40708,micht
40709,movies
40710,nadat
40711,quaffed
40712,roule
40713,slug
40714,spielt
40715,tradespeople
40716,unacceptable
40717,angele
40718,azariah
40719,eingang
40720,giraud
40721,gussie
40722,houseman
40723,malchus
40724,rube
40725,tyne
40726,acquisition
40727,append
40728,bucklers
40729,bunched
40730,durer
40731,emission
40732,erinnert
40733,familiars
40734,grado
40735,helpen
40736,hemorrhage
40737,intervalles
40738,locksmith
40739,plod
40740,renouveler
40741,squeaked
40742,suffi
40743,wailings
40744,waur
40745,wayes
40746,gatten
40747,hawes
40748,nachbar
40749,persephone
40750,bureaucracy
40751,cashed
40752,cultus
40753,dolefully
40754,extensions
40755,fausses
40756,firebrand
40757,fixement
40758,jalouse
40759,kesken
40760,parasols
40761,perder
40762,portraying
40763,quelli
40764,recedes
40765,repassed
40766,retake
40767,sanoja
40768,spearmen
40769,trahir
40770,unities
40771,voren
40772,chu
40773,familien
40774,lenora
40775,milch
40776,phew
40777,reihen
40778,torp
40779,authorization
40780,bitterer
40781,brengt
40782,caitiff
40783,disturber
40784,hallow
40785,hvert
40786,lun
40787,matrix
40788,pretres
40789,proximate
40790,repels
40791,shineth
40792,simulate
40793,slaver
40794,tentatives
40795,veri
40796,wark
40797,beschaffenheit
40798,cotta
40799,dugald
40800,duquesne
40801,jul
40802,linien
40803,psalter
40804,steinbeck
40805,varhely
40806,voraussetzung
40807,zaire
40808,allot
40809,aplomb
40810,benevolently
40811,chrysanthemums
40812,contenu
40813,deciduous
40814,differentiate
40815,envoyait
40816,inconsequent
40817,nursing
40818,outhouse
40819,patriotisme
40820,pertained
40821,preeminence
40822,querido
40823,shrubberies
40824,sittenkin
40825,trumpeters
40826,venues
40827,versts
40828,warbled
40829,wishful
40830,dumfries
40831,griswold
40832,heliopolis
40833,jap
40834,mn
40835,nutzen
40836,pansy
40837,raby
40838,wetmore
40839,bref
40840,coaching
40841,coercive
40842,constitue
40843,diphtheria
40844,foils
40845,gnashed
40846,hingegen
40847,industria
40848,leaks
40849,nou
40850,reparut
40851,saidst
40852,schoener
40853,sekin
40854,seuen
40855,trumpets
40856,untenanted
40857,unveil
40858,whome
40859,aerschot
40860,andromeda
40861,berri
40862,biggs
40863,copplestone
40864,faujas
40865,laureate
40866,lovejoy
40867,malmesbury
40868,schorlin
40869,aero
40870,algemeene
40871,clos
40872,dethrone
40873,fertilizers
40874,generates
40875,investors
40876,pinkish
40877,prevenir
40878,prosy
40879,racer
40880,rubbers
40881,schreef
40882,sepoys
40883,simulation
40884,suld
40885,transacting
40886,vans
40887,bohun
40888,elzevir
40889,lepanto
40890,nollie
40891,ootah
40892,seaton
40893,thorwald
40894,woodville
40895,aesthetics
40896,bougie
40897,browns
40898,continuant
40899,durchs
40900,enacted
40901,gesucht
40902,insures
40903,intermittently
40904,kist
40905,meunier
40906,nominee
40907,outs
40908,percussion
40909,portress
40910,prisms
40911,subservience
40912,waterman
40913,daseins
40914,niobe
40915,apercu
40916,blosse
40917,brocades
40918,copra
40919,delineate
40920,demolishing
40921,dra
40922,entender
40923,extenuating
40924,gemeinen
40925,hooger
40926,llegaron
40927,luonnon
40928,plage
40929,pouvions
40930,quilts
40931,soumission
40932,triste
40933,uninterested
40934,woodbine
40935,anneke
40936,megara
40937,purchas
40938,speke
40939,zucker
40940,achieves
40941,apercevant
40942,appreciably
40943,audit
40944,capstan
40945,ceremonials
40946,cessait
40947,clamors
40948,cleanest
40949,consolidating
40950,echapper
40951,encompassing
40952,euml
40953,exemplar
40954,familiarized
40955,finis
40956,irgendwo
40957,lapsing
40958,leafage
40959,nosing
40960,patrolled
40961,prachtige
40962,ribands
40963,rompu
40964,separable
40965,slapen
40966,stof
40967,straten
40968,subverted
40969,therewithal
40970,vielfach
40971,acp
40972,asuras
40973,banda
40974,bunsen
40975,lassiter
40976,palomides
40977,sultans
40978,accessions
40979,apprenant
40980,cajole
40981,connubial
40982,damps
40983,dawdling
40984,helder
40985,heyday
40986,increases
40987,luckiest
40988,mooted
40989,quare
40990,receiued
40991,scud
40992,seurasi
40993,toque
40994,vertelde
40995,windpipe
40996,athenians
40997,aynesworth
40998,hoffnungen
40999,loyalists
41000,magyars
41001,marchmont
41002,whittington
41003,absolut
41004,barbarities
41005,bombastic
41006,brier
41007,buffeting
41008,cherubims
41009,childbirth
41010,functioning
41011,gaar
41012,grimness
41013,hielden
41014,panelling
41015,partem
41016,pendulous
41017,quacks
41018,reassuringly
41019,schickte
41020,seekest
41021,technic
41022,anglia
41023,crofts
41024,doren
41025,ewigkeit
41026,nanon
41027,alleviated
41028,ast
41029,avoient
41030,bedeutet
41031,belli
41032,bicameral
41033,certainties
41034,condescends
41035,fertilizing
41036,frontage
41037,gefuehrt
41038,hablaba
41039,headdress
41040,lenteur
41041,llamaba
41042,mantilla
41043,nousee
41044,parempi
41045,redete
41046,repond
41047,tilling
41048,tyran
41049,vacuity
41050,versicherte
41051,wheaten
41052,aron
41053,desmoulins
41054,loyola
41055,methuen
41056,betrayer
41057,bole
41058,carousing
41059,chatty
41060,dangle
41061,disinherit
41062,dismisses
41063,gevallen
41064,hilft
41065,humains
41066,instituting
41067,lacuna
41068,proportionably
41069,pueda
41070,rostrum
41071,spittle
41072,thorax
41073,tombes
41074,vaguest
41075,wenigsten
41076,amelius
41077,burrill
41078,charnock
41079,dammauville
41080,dennison
41081,emeline
41082,ingersoll
41083,prag
41084,zeppelin
41085,amer
41086,anither
41087,assails
41088,auki
41089,bewitch
41090,biding
41091,brainless
41092,congratulatory
41093,declara
41094,demandes
41095,derange
41096,destine
41097,fittingly
41098,gaiete
41099,inauspicious
41100,lop
41101,minors
41102,molds
41103,moue
41104,oelig
41105,spouts
41106,villager
41107,zealots
41108,athen
41109,catalonia
41110,desborough
41111,garcilasso
41112,tottenham
41113,abysmal
41114,audace
41115,commuted
41116,correlated
41117,daub
41118,hubiese
41119,lacs
41120,larch
41121,manqua
41122,punta
41123,reprisal
41124,scrutinised
41125,unmittelbaren
41126,bithynia
41127,entwickelung
41128,galatians
41129,imgjor
41130,magister
41131,ormonde
41132,amante
41133,barnyard
41134,calmest
41135,cameo
41136,cartel
41137,completest
41138,contesting
41139,empecher
41140,falcons
41141,granular
41142,indiscretions
41143,malin
41144,murderess
41145,oust
41146,parola
41147,recognisable
41148,sharpers
41149,tuin
41150,unflinchingly
41151,vsed
41152,coquenil
41153,frederic
41154,massey
41155,neuchatel
41156,sonya
41157,tars
41158,theorie
41159,betther
41160,colonized
41161,eder
41162,felucca
41163,filets
41164,gewone
41165,jaunt
41166,lapis
41167,lavait
41168,manipulate
41169,mathematically
41170,minuun
41171,pistil
41172,praktischen
41173,presser
41174,reeked
41175,regardez
41176,alsatian
41177,euergetes
41178,giselle
41179,washburn
41180,couvertes
41181,deplorably
41182,einziges
41183,finie
41184,hoogste
41185,incontinent
41186,lasten
41187,massif
41188,meddlesome
41189,moveable
41190,multiplied
41191,plaque
41192,pompe
41193,quiera
41194,rancid
41195,refraining
41196,silhouettes
41197,statuette
41198,sterke
41199,tavallisesti
41200,unadulterated
41201,valent
41202,weightier
41203,alcide
41204,ctre
41205,enfield
41206,horatius
41207,milroy
41208,simms
41209,backsliding
41210,beady
41211,beatific
41212,bickering
41213,cassava
41214,cendres
41215,chargers
41216,domiciled
41217,educator
41218,egotist
41219,engrave
41220,firstfruits
41221,friable
41222,grooved
41223,guano
41224,imaginer
41225,irresponsibility
41226,kehrt
41227,radium
41228,ridges
41229,ruido
41230,sagely
41231,tost
41232,vivifying
41233,weinen
41234,widout
41235,wrang
41236,fahrt
41237,katinka
41238,lida
41239,oxfordshire
41240,siddons
41241,uriah
41242,zedekiah
41243,anecdote
41244,blevo
41245,comptant
41246,duque
41247,florin
41248,froideur
41249,galvanometer
41250,hacks
41251,interjection
41252,kaikesta
41253,necessaires
41254,nombres
41255,noticia
41256,petitioning
41257,prudish
41258,tactfully
41259,tasty
41260,denison
41261,longman
41262,mainz
41263,maoris
41264,marget
41265,questenberg
41266,rebekah
41267,sirona
41268,wiseli
41269,adventuress
41270,arbitrator
41271,bladders
41272,boorish
41273,caption
41274,cower
41275,disquisitions
41276,epidemics
41277,exhausts
41278,fuori
41279,greenbacks
41280,haystack
41281,herons
41282,maggior
41283,niihin
41284,nugget
41285,revolutionist
41286,ruther
41287,soigner
41288,tehty
41289,topping
41290,anselme
41291,arran
41292,denkens
41293,ladd
41294,laurens
41295,toots
41296,turgot
41297,uther
41298,accepta
41299,averti
41300,bugbear
41301,chases
41302,crock
41303,duct
41304,echa
41305,edel
41306,heet
41307,helle
41308,hounded
41309,laggard
41310,meneer
41311,messager
41312,misjudge
41313,postilions
41314,preoccupations
41315,promettre
41316,purlieus
41317,quune
41318,sogenannten
41319,stemming
41320,sugarcane
41321,vaunting
41322,georgette
41323,lucilius
41324,mccann
41325,roth
41326,asters
41327,beenen
41328,bludgeon
41329,cherchaient
41330,deported
41331,disfavour
41332,factotum
41333,feeblest
41334,herzlich
41335,homosexuality
41336,hurdles
41337,intermixture
41338,itsekseen
41339,largesse
41340,lingo
41341,menials
41342,pansies
41343,pityingly
41344,precludes
41345,profonds
41346,prospector
41347,shipments
41348,skyward
41349,unencumbered
41350,verraten
41351,ammianus
41352,aucassin
41353,clennam
41354,cllia
41355,elihu
41356,eveline
41357,flis
41358,magdala
41359,mallard
41360,pell
41361,accordant
41362,appropriateness
41363,appui
41364,bluer
41365,bondmen
41366,capitulate
41367,cutlasses
41368,diris
41369,enhancing
41370,faubourgs
41371,minulta
41372,neuralgia
41373,pressait
41374,reviling
41375,sonder
41376,treacle
41377,byles
41378,exod
41379,feder
41380,haldimar
41381,injin
41382,parpon
41383,plin
41384,raisky
41385,steno
41386,welton
41387,zimbabwe
41388,agora
41389,broaden
41390,comun
41391,decimal
41392,gilet
41393,graue
41394,grinds
41395,hulking
41396,invents
41397,jays
41398,mises
41399,parecia
41400,punctured
41401,rancorous
41402,secretaire
41403,sender
41404,sunflower
41405,upholstery
41406,vaccination
41407,woher
41408,dominus
41409,hays
41410,heyward
41411,ignacio
41412,maggiore
41413,menko
41414,tillet
41415,umstand
41416,accoutred
41417,ambos
41418,aphorisms
41419,baiting
41420,basked
41421,chapeaux
41422,clandestinely
41423,degenerating
41424,duerfen
41425,essaye
41426,gelooven
41427,germinate
41428,gevangen
41429,impenitent
41430,interrompu
41431,iourney
41432,mortelle
41433,mutes
41434,parching
41435,passivity
41436,patrolling
41437,proclivities
41438,sharpshooters
41439,storks
41440,videre
41441,ys
41442,anabaptists
41443,clements
41444,hardwicke
41445,lv
41446,morea
41447,rockharrt
41448,sandoval
41449,santee
41450,tarboe
41451,yonge
41452,arrogantly
41453,beetling
41454,compounding
41455,diepte
41456,imprisoning
41457,lakou
41458,ligaments
41459,notaries
41460,perseveringly
41461,renvoyer
41462,senseless
41463,shanties
41464,syphilis
41465,vivere
41466,youthfulness
41467,bau
41468,bouncer
41469,grasmere
41470,hovedet
41471,kenilworth
41472,rasselas
41473,tecle
41474,woodford
41475,achevait
41476,ambled
41477,brats
41478,buttery
41479,carols
41480,fixt
41481,fuhren
41482,indiquer
41483,irradiated
41484,jeweler
41485,lamed
41486,naisen
41487,pendu
41488,pensiero
41489,posset
41490,pourront
41491,pressant
41492,prodded
41493,samurai
41494,scientifique
41495,sellaista
41496,tinctured
41497,topaz
41498,unsocial
41499,wies
41500,aurore
41501,capernaum
41502,doncaster
41503,druse
41504,dunglison
41505,eglington
41506,freundes
41507,girolamo
41508,ines
41509,maistre
41510,vermoegen
41511,vid
41512,arterial
41513,broidered
41514,choisit
41515,compatriot
41516,concentrates
41517,demandais
41518,doveva
41519,gueule
41520,innocente
41521,lapel
41522,lariat
41523,mouton
41524,neurotic
41525,perceptive
41526,schrijven
41527,streek
41528,sunning
41529,tags
41530,verschaffen
41531,wands
41532,kleber
41533,num
41534,thrums
41535,wieland
41536,ainda
41537,befahl
41538,beiseite
41539,benutzt
41540,divorces
41541,domestication
41542,foole
41543,fuses
41544,invalidate
41545,pflegte
41546,subserve
41547,verdicts
41548,vorgestellt
41549,wich
41550,choate
41551,dalhousie
41552,debby
41553,eugen
41554,frucht
41555,geog
41556,hessian
41557,kutuzov
41558,lazare
41559,rowcliffe
41560,samana
41561,aceite
41562,baffles
41563,besondern
41564,bouches
41565,bra
41566,descente
41567,intreat
41568,jubilation
41569,leaflet
41570,malleable
41571,nozzle
41572,ostracism
41573,rawhide
41574,schlief
41575,supplemental
41576,traduit
41577,unamiable
41578,bender
41579,caledonian
41580,connal
41581,cuchulainn
41582,ems
41583,fabre
41584,griffiths
41585,layard
41586,malte
41587,oxf
41588,pillin
41589,sesemann
41590,wurzburg
41591,absinthe
41592,affidavits
41593,augurs
41594,bijzonder
41595,crease
41596,diejenige
41597,feine
41598,fleeces
41599,gants
41600,hetki
41601,liksom
41602,niya
41603,offenen
41604,optional
41605,outlast
41606,potuto
41607,sente
41608,studierte
41609,vart
41610,chantilly
41611,clemenceau
41612,dunmore
41613,soldan
41614,thierry
41615,tisdale
41616,visigoths
41617,allspice
41618,amici
41619,bigots
41620,broils
41621,chargea
41622,dormitories
41623,execrated
41624,falschen
41625,hearthrug
41626,imposer
41627,kanten
41628,loups
41629,opdat
41630,refrigerated
41631,stretchers
41632,suitcase
41633,tallies
41634,talossa
41635,thanke
41636,tougher
41637,transversely
41638,vesper
41639,weinte
41640,zele
41641,alexina
41642,argive
41643,boufflers
41644,covington
41645,cyrene
41646,hoffmann
41647,icrm
41648,laune
41649,miletus
41650,agriculturist
41651,anthems
41652,cire
41653,decimated
41654,distinctement
41655,etrangers
41656,feeder
41657,illo
41658,intriguer
41659,joukko
41660,killer
41661,narrates
41662,regagner
41663,scaring
41664,thalers
41665,tould
41666,tubers
41667,whiz
41668,angelus
41669,coblentz
41670,duras
41671,einsamkeit
41672,falloden
41673,laecheln
41674,manette
41675,oed
41676,schweigen
41677,sonntag
41678,timotheus
41679,bequests
41680,buzzard
41681,caliber
41682,circumlocution
41683,creditably
41684,fascinated
41685,frescoed
41686,geef
41687,generative
41688,genitive
41689,getrennt
41690,grisette
41691,maligned
41692,nailing
41693,pikemen
41694,prefects
41695,quicksand
41696,signaling
41697,vorn
41698,penniman
41699,ruyter
41700,scudder
41701,strachey
41702,verdi
41703,bewegte
41704,bezahlt
41705,bovendien
41706,clerkship
41707,codfish
41708,concerto
41709,denizen
41710,emploi
41711,geslacht
41712,guidelines
41713,hearest
41714,hoor
41715,modish
41716,pensioned
41717,pusillanimity
41718,repousse
41719,ropa
41720,seyd
41721,shabbily
41722,spinifex
41723,stumm
41724,sulphide
41725,suyo
41726,usurpations
41727,uudelleen
41728,cheng
41729,cupids
41730,flammen
41731,fluss
41732,hirsch
41733,kean
41734,liebhaber
41735,pereira
41736,shep
41737,anemones
41738,cheminee
41739,conducteur
41740,desierto
41741,effrayant
41742,mysterieux
41743,particulierement
41744,reunir
41745,sacra
41746,sluices
41747,souple
41748,spada
41749,watermen
41750,camb
41751,francine
41752,laos
41753,schmuck
41754,sevigne
41755,tavernake
41756,vertrag
41757,whoa
41758,bulbous
41759,colonizing
41760,crony
41761,cumbered
41762,danach
41763,etchings
41764,gehoord
41765,gleichzeitig
41766,incessamment
41767,legde
41768,lictors
41769,oikea
41770,opined
41771,personate
41772,plugged
41773,regardent
41774,rococo
41775,shrimps
41776,tannery
41777,alvar
41778,espagne
41779,flavia
41780,jewdwine
41781,skd
41782,abajo
41783,ajatella
41784,assuaged
41785,behests
41786,bestond
41787,blanch
41788,byna
41789,construit
41790,curds
41791,disrespectfully
41792,entstanden
41793,forbears
41794,heliotrope
41795,jouissance
41796,linseed
41797,prins
41798,rumeur
41799,sone
41800,theyr
41801,unworthily
41802,agincourt
41803,ares
41804,birdalone
41805,bowie
41806,buchan
41807,chayne
41808,constantia
41809,laelius
41810,memoriam
41811,narr
41812,persius
41813,rambouillet
41814,scrope
41815,attirer
41816,bookish
41817,broadsides
41818,coucha
41819,dammed
41820,declamatory
41821,ecstacy
41822,fumble
41823,herbei
41824,inaccuracies
41825,meum
41826,poikki
41827,prenne
41828,programmes
41829,redet
41830,ros
41831,schwerer
41832,shipmate
41833,swaddling
41834,tourney
41835,undimmed
41836,unturned
41837,verbinden
41838,wrack
41839,belllounds
41840,canynge
41841,durban
41842,flore
41843,gesetzen
41844,groningen
41845,pologne
41846,abaft
41847,andet
41848,bakery
41849,bord
41850,bruising
41851,burnings
41852,countrywomen
41853,debasement
41854,growers
41855,hampers
41856,idet
41857,inveighed
41858,jongens
41859,onda
41860,perquisites
41861,remplis
41862,terminals
41863,athanase
41864,autrichiens
41865,cenci
41866,claes
41867,pleiades
41868,winnington
41869,feraient
41870,gesund
41871,gongs
41872,hermana
41873,hote
41874,humanities
41875,minimize
41876,nutmegs
41877,phantasy
41878,phy
41879,precocity
41880,splendeur
41881,sugared
41882,vegetative
41883,veti
41884,warship
41885,allahabad
41886,cavite
41887,cobham
41888,courcelles
41889,fareham
41890,fiesole
41891,homburg
41892,owens
41893,pollio
41894,polonius
41895,roux
41896,waltham
41897,crystallization
41898,cuius
41899,exige
41900,fermait
41901,gansche
41902,garbed
41903,gewisser
41904,habiles
41905,ignis
41906,jowl
41907,manful
41908,meus
41909,mignonette
41910,modifier
41911,naturall
41912,persoon
41913,sanglante
41914,slaap
41915,sortent
41916,subsides
41917,suffisante
41918,correggio
41919,inseln
41920,kirkpatrick
41921,mayfair
41922,mitternacht
41923,northamptonshire
41924,owain
41925,stan
41926,varvara
41927,ausgesprochen
41928,brothel
41929,expeditiously
41930,frommen
41931,geraten
41932,hags
41933,iambic
41934,lamely
41935,livest
41936,malle
41937,motivo
41938,napping
41939,principios
41940,prompter
41941,purblind
41942,retaliated
41943,serrated
41944,statecraft
41945,terstond
41946,tiefsten
41947,unsheathed
41948,weinige
41949,worshiping
41950,angelegenheiten
41951,burlacombe
41952,blackmore
41953,boleyn
41954,dawker
41955,ercole
41956,leclerc
41957,mountstuart
41958,nibelungen
41959,nott
41960,paternoster
41961,sachs
41962,signe
41963,sted
41964,boese
41965,characterises
41966,classroom
41967,conviene
41968,defiling
41969,deformities
41970,derisively
41971,divina
41972,einzeln
41973,evinces
41974,flaccid
41975,foretelling
41976,gif
41977,grauen
41978,musta
41979,onything
41980,pennon
41981,respondent
41982,routing
41983,sexually
41984,torno
41985,unafraid
41986,weathercock
41987,winging
41988,bostonian
41989,constantin
41990,gladstone
41991,gorka
41992,haward
41993,hutter
41994,pritha
41995,attainder
41996,backwardness
41997,bricht
41998,chaparral
41999,declination
42000,defraying
42001,erant
42002,evidemment
42003,gebouwd
42004,humored
42005,inapplicable
42006,itinerary
42007,liuing
42008,nauwelijks
42009,raabte
42010,redskins
42011,regno
42012,skinning
42013,sluggard
42014,swart
42015,vetements
42016,ahem
42017,bargeton
42018,bengali
42019,carpentaria
42020,germania
42021,gonzales
42022,hawker
42023,mithradates
42024,yarrow
42025,abscess
42026,agonising
42027,banque
42028,baubles
42029,coadjutors
42030,cultures
42031,dormi
42032,eifrig
42033,kidnap
42034,kimono
42035,kurzem
42036,plaira
42037,plicht
42038,schlechte
42039,strolls
42040,truffles
42041,varsinkin
42042,verliet
42043,yerself
42044,broderick
42045,cody
42046,episcopalian
42047,evie
42048,hindenburg
42049,masai
42050,stebbins
42051,tuch
42052,vavasour
42053,accompagner
42054,alwaies
42055,amatory
42056,bonjour
42057,distrusting
42058,ditties
42059,fides
42060,freute
42061,gebruiken
42062,habere
42063,informe
42064,karma
42065,lurching
42066,manana
42067,raide
42068,restorative
42069,schrik
42070,takken
42071,toilets
42072,truism
42073,verandas
42074,corentin
42075,digraph
42076,henrik
42077,ilium
42078,marty
42079,norwood
42080,rolla
42081,salomo
42082,verfasser
42083,angekommen
42084,appartements
42085,atroce
42086,bouton
42087,brocaded
42088,concisely
42089,deere
42090,directe
42091,disgracing
42092,dumfounded
42093,embroiled
42094,extortions
42095,facetiously
42096,fuente
42097,galvanized
42098,gammal
42099,giovane
42100,hideousness
42101,inveigled
42102,knickerbockers
42103,misdirected
42104,noce
42105,pocketing
42106,promenant
42107,pups
42108,tomes
42109,unpropitious
42110,vonden
42111,bagley
42112,bellini
42113,colchester
42114,frauenzimmer
42115,gironde
42116,glascock
42117,knoop
42118,mortier
42119,bathes
42120,blevet
42121,clinical
42122,compagnies
42123,compromis
42124,disillusionment
42125,duimen
42126,enthaelt
42127,learnedly
42128,novo
42129,ominous
42130,plaques
42131,prepossession
42132,propel
42133,protecteur
42134,puhunut
42135,satiate
42136,solides
42137,tendering
42138,unterschieden
42139,verband
42140,viol
42141,willkommen
42142,abercrombie
42143,cushing
42144,custis
42145,dolch
42146,lvi
42147,newstead
42148,paige
42149,rhys
42150,strozzi
42151,vicente
42152,winfield
42153,curbing
42154,enchant
42155,fatuity
42156,freshen
42157,harbouring
42158,istuu
42159,karakter
42160,override
42161,probate
42162,respondiendo
42163,schneller
42164,seizures
42165,thievish
42166,vostro
42167,waifs
42168,ars
42169,bangladesh
42170,coles
42171,elis
42172,gainsborough
42173,gegenden
42174,humfrey
42175,monkbarns
42176,solness
42177,strahan
42178,tanzania
42179,verdacht
42180,aske
42181,askew
42182,bearable
42183,contestants
42184,escapades
42185,euren
42186,faceva
42187,hairdresser
42188,helst
42189,idyl
42190,igneous
42191,insulation
42192,jetaient
42193,litterature
42194,marketplace
42195,overdo
42196,potations
42197,provincias
42198,roughened
42199,schauen
42200,springt
42201,uncritical
42202,uranium
42203,voornaamste
42204,bellevue
42205,claud
42206,ezechias
42207,gorman
42208,prester
42209,quenu
42210,rojas
42211,scaliger
42212,vyasa
42213,whiting
42214,bleibe
42215,consentir
42216,einsam
42217,entendue
42218,governance
42219,kulta
42220,leyes
42221,moonless
42222,plotters
42223,polemical
42224,recitative
42225,referendum
42226,scapegrace
42227,suction
42228,tunnen
42229,unloosed
42230,vifs
42231,vociferated
42232,vraies
42233,absichten
42234,boyer
42235,emilio
42236,fuchs
42237,holbein
42238,manitoba
42239,marten
42240,zuschauer
42241,administers
42242,bided
42243,boisterously
42244,busca
42245,centurions
42246,chastening
42247,disgraces
42248,distractedly
42249,fondle
42250,grabbing
42251,healthiest
42252,lingvo
42253,loquacity
42254,losers
42255,manacled
42256,nues
42257,reflux
42258,sentiers
42259,strada
42260,tempus
42261,truncated
42262,afrika
42263,galaad
42264,goshen
42265,lorne
42266,ortlieb
42267,payson
42268,stormfield
42269,valdemar
42270,woodseer
42271,aikoi
42272,assemblages
42273,befal
42274,drones
42275,ducat
42276,egal
42277,elope
42278,ensnare
42279,feras
42280,ingenio
42281,liessen
42282,lleva
42283,meditates
42284,mightie
42285,physicist
42286,quagmire
42287,repudiating
42288,runt
42289,souhaite
42290,tortoises
42291,wass
42292,berowne
42293,beine
42294,bixiou
42295,emery
42296,farley
42297,hawkesbury
42298,jeannie
42299,lindsey
42300,marneffe
42301,renaud
42302,smithsonian
42303,ammonium
42304,antiguo
42305,avertir
42306,begrimed
42307,briar
42308,causaient
42309,commutation
42310,compile
42311,condone
42312,cualquier
42313,excommunicate
42314,goldenen
42315,inelegant
42316,mussels
42317,perdido
42318,pickaxe
42319,recapitulation
42320,reconciles
42321,saaneet
42322,scapegoat
42323,suffocate
42324,taivas
42325,trouvons
42326,bradwardine
42327,fairview
42328,gaudissart
42329,morgiana
42330,murad
42331,numidia
42332,oldfield
42333,quellen
42334,riviera
42335,scutari
42336,todes
42337,ambling
42338,birthdays
42339,chemically
42340,coffre
42341,condamner
42342,dedicating
42343,etched
42344,folles
42345,geringste
42346,heedlessness
42347,imperio
42348,lynching
42349,maassa
42350,multis
42351,olelo
42352,paroisse
42353,reprise
42354,salue
42355,schlimmer
42356,squatters
42357,tights
42358,totem
42359,vnderstand
42360,aetolians
42361,centennial
42362,chartreuse
42363,dilly
42364,hafen
42365,hesperides
42366,moutier
42367,noemi
42368,pali
42369,tzu
42370,uncas
42371,charwoman
42372,dels
42373,esso
42374,folgten
42375,gauntlets
42376,godson
42377,hernam
42378,hingen
42379,hundredfold
42380,joug
42381,jugea
42382,lieten
42383,quivi
42384,restant
42385,sprich
42386,succinctly
42387,symmetrically
42388,apo
42389,alixe
42390,archibius
42391,brompton
42392,carthoris
42393,chattahoochee
42394,elfrida
42395,giorgio
42396,kourroglou
42397,mull
42398,sly
42399,sten
42400,tyrrell
42401,anodyne
42402,asketh
42403,banquier
42404,casse
42405,craignez
42406,faciles
42407,gaven
42408,geistigen
42409,grams
42410,grenier
42411,idealists
42412,inzwischen
42413,nauroi
42414,objectively
42415,objektive
42416,paresse
42417,perambulator
42418,reicht
42419,setzten
42420,slightingly
42421,sophist
42422,sublunary
42423,torso
42424,trident
42425,undeviating
42426,babette
42427,collot
42428,damis
42429,faun
42430,kuni
42431,neapel
42432,niles
42433,norte
42434,oke
42435,oxley
42436,prinzipien
42437,timbuctoo
42438,batting
42439,blauwe
42440,construire
42441,drafting
42442,feasibility
42443,filched
42444,haversack
42445,luulen
42446,nostris
42447,originated
42448,pasos
42449,physiologists
42450,populi
42451,pug
42452,rato
42453,sattui
42454,subterfuges
42455,vuoden
42456,achtung
42457,aemilius
42458,agias
42459,barsoom
42460,dor
42461,ephesians
42462,grossmutter
42463,hoover
42464,ivanitch
42465,kanaka
42466,lennan
42467,apposition
42468,artillerymen
42469,blockheads
42470,brawls
42471,creators
42472,deil
42473,demonstrable
42474,exclusivement
42475,glaive
42476,heeled
42477,hoes
42478,mixt
42479,mozo
42480,muleteer
42481,peacefulness
42482,pers
42483,profite
42484,ramasser
42485,rick
42486,sprites
42487,wijn
42488,armelline
42489,bayswater
42490,belvedere
42491,essai
42492,gamaliel
42493,heneage
42494,hoff
42495,tilsit
42496,uae
42497,versicherung
42498,affirme
42499,ajatus
42500,clucking
42501,consentit
42502,digressions
42503,ells
42504,fussed
42505,incumbrance
42506,landings
42507,multum
42508,ngot
42509,onmiddellijk
42510,oser
42511,refit
42512,revenaient
42513,silica
42514,tourmente
42515,waarmede
42516,chouans
42517,crispin
42518,fagin
42519,forderung
42520,guicciardini
42521,harun
42522,keraunus
42523,klasse
42524,kongen
42525,tannhauser
42526,wellen
42527,yuen
42528,aennu
42529,afflicts
42530,alleges
42531,cavaliere
42532,consenti
42533,decry
42534,flippancy
42535,gelatinous
42536,hoose
42537,insubordinate
42538,llevaba
42539,monarque
42540,ponts
42541,protuberance
42542,rende
42543,sawn
42544,transgressors
42545,unclasped
42546,unvisited
42547,argo
42548,cuchulain
42549,daubrecq
42550,dictionnaire
42551,gipfel
42552,herodes
42553,martini
42554,ranelagh
42555,rufinus
42556,shaker
42557,stuecke
42558,uarda
42559,antislavery
42560,avancer
42561,blotched
42562,detests
42563,drums
42564,figurer
42565,genereux
42566,gestehen
42567,hardiment
42568,plies
42569,prius
42570,prostituted
42571,repressive
42572,rescuer
42573,sleighs
42574,unromantic
42575,uskoa
42576,voicing
42577,vorstellen
42578,buxieres
42579,gahan
42580,gary
42581,gegenstande
42582,isla
42583,laguna
42584,philosophen
42585,tullius
42586,varennes
42587,anarchists
42588,beatings
42589,climat
42590,complexities
42591,conforms
42592,conter
42593,decouvrir
42594,duality
42595,geluid
42596,geographically
42597,mantling
42598,mirar
42599,nagging
42600,ouverture
42601,potius
42602,springen
42603,totdat
42604,tuntenut
42605,unhampered
42606,unmanned
42607,usurpers
42608,voulurent
42609,artikel
42610,bainbridge
42611,daun
42612,melas
42613,pythian
42614,apologists
42615,bedienen
42616,bellum
42617,ebbs
42618,echte
42619,erblickte
42620,exhaling
42621,gewoon
42622,heaths
42623,integration
42624,kaukana
42625,magnolia
42626,migrating
42627,moe
42628,moraines
42629,naturalistic
42630,querelles
42631,roulette
42632,sociability
42633,testily
42634,underrated
42635,voeren
42636,vuestras
42637,alving
42638,dario
42639,lamarck
42640,oas
42641,projekt
42642,rhein
42643,romanesque
42644,rosas
42645,thelma
42646,tyrrel
42647,verwandten
42648,weatherley
42649,caporal
42650,cavallo
42651,dama
42652,deduct
42653,defilement
42654,disagreements
42655,ecoute
42656,estuvo
42657,flopped
42658,fruto
42659,monstrosities
42660,naughtiness
42661,notamment
42662,pilote
42663,slaps
42664,suam
42665,tragedian
42666,verran
42667,vicissitude
42668,apollyon
42669,blakeney
42670,brahe
42671,chilton
42672,clapham
42673,ferdinando
42674,gespraech
42675,gewinn
42676,maruts
42677,ogier
42678,rabbis
42679,roque
42680,asiasta
42681,bedacht
42682,befit
42683,blaspheming
42684,cognac
42685,dereliction
42686,exhalation
42687,fourfold
42688,litany
42689,moraine
42690,negros
42691,stellar
42692,viaje
42693,vostra
42694,dalibard
42695,etats
42696,finot
42697,gabord
42698,howitt
42699,linde
42700,schande
42701,socratic
42702,sturgis
42703,winckelmann
42704,ziska
42705,approchait
42706,bezahlen
42707,conversely
42708,demandaient
42709,especes
42710,etranger
42711,gegaan
42712,generalizations
42713,habitues
42714,idiomatic
42715,instigator
42716,krachten
42717,lahat
42718,matelot
42719,mitae
42720,ongelukkige
42721,particularity
42722,priv
42723,procurable
42724,regretter
42725,residential
42726,saue
42727,sextant
42728,startles
42729,umgekehrt
42730,vlak
42731,florimel
42732,gegenstandes
42733,newell
42734,sammlung
42735,tropfen
42736,wexford
42737,absoluten
42738,akimbo
42739,asbestos
42740,autor
42741,bepaald
42742,buvait
42743,canonized
42744,complot
42745,doctored
42746,dorthin
42747,evicted
42748,ferre
42749,gravestone
42750,instep
42751,jointure
42752,lames
42753,laterally
42754,llena
42755,mandolin
42756,naturae
42757,peligro
42758,promettait
42759,rationalistic
42760,sealskin
42761,sheepishly
42762,supernal
42763,unloved
42764,vroolijk
42765,albanians
42766,capitain
42767,cummins
42768,dunois
42769,geoffrey
42770,grendall
42771,guerchard
42772,holme
42773,mahon
42774,mudge
42775,savva
42776,scandinavians
42777,seder
42778,thugs
42779,vassily
42780,yah
42781,axed
42782,certe
42783,doff
42784,eilig
42785,gebaut
42786,hypnotism
42787,lier
42788,looser
42789,mangroves
42790,muisti
42791,patterned
42792,posait
42793,primacy
42794,rampe
42795,resolu
42796,ringleader
42797,seno
42798,sensibles
42799,seraph
42800,stampeded
42801,sulking
42802,taen
42803,vegetarian
42804,ghana
42805,hinpoha
42806,imam
42807,iola
42808,nahrung
42809,pugh
42810,schauspieler
42811,taler
42812,trenholme
42813,agit
42814,anstatt
42815,atmospheres
42816,buffets
42817,butted
42818,confidants
42819,encomium
42820,entsteht
42821,firesides
42822,gaff
42823,huomannut
42824,irritates
42825,keystone
42826,leere
42827,presuppose
42828,profundo
42829,reassurance
42830,regeering
42831,rendra
42832,sentimentalism
42833,souldiers
42834,spectacled
42835,suppliants
42836,trompait
42837,vertes
42838,viscid
42839,bayreuth
42840,hemingway
42841,michell
42842,njal
42843,raynham
42844,romanism
42845,triton
42846,bevond
42847,burgh
42848,clase
42849,daze
42850,deerskin
42851,diras
42852,enslaving
42853,expliqua
42854,gesticulated
42855,guarda
42856,hierauf
42857,hierro
42858,hummocks
42859,jaguar
42860,mites
42861,nullification
42862,officio
42863,penetrer
42864,pulpy
42865,stewing
42866,undreamed
42867,zichzelf
42868,clough
42869,guadeloupe
42870,hjalmar
42871,kaffee
42872,roberto
42873,anfangen
42874,bemoan
42875,braccio
42876,corked
42877,coursers
42878,desordre
42879,flashlight
42880,forfeiting
42881,gabled
42882,iust
42883,mown
42884,outcome
42885,poblacion
42886,arthurian
42887,blackwell
42888,colina
42889,cuffe
42890,galilean
42891,jammer
42892,lardner
42893,mercia
42894,messala
42895,plads
42896,quarrier
42897,urtheil
42898,verfahren
42899,boucles
42900,consorted
42901,discriminated
42902,halen
42903,haunts
42904,implores
42905,manquent
42906,misinformed
42907,passagers
42908,pawns
42909,ruveta
42910,shimmered
42911,souveraine
42912,toothed
42913,turbaned
42914,vox
42915,gondreville
42916,kaan
42917,sigismond
42918,yeardley
42919,acceleration
42920,annexing
42921,cetera
42922,cockpit
42923,croyons
42924,desirest
42925,exordium
42926,fakir
42927,hengen
42928,hiatus
42929,irti
42930,kuollut
42931,residuum
42932,restai
42933,saisis
42934,seguida
42935,silencieusement
42936,surfeited
42937,tannin
42938,troubadours
42939,albatros
42940,canadien
42941,castilians
42942,deventer
42943,elnora
42944,fronde
42945,guyana
42946,haller
42947,halley
42948,littimer
42949,manet
42950,scherz
42951,skelton
42952,togo
42953,wagnalls
42954,brung
42955,civilize
42956,clippings
42957,commemorative
42958,contemplations
42959,experimenter
42960,gebunden
42961,generators
42962,hindmost
42963,infinitude
42964,journees
42965,mendiant
42966,mesmeric
42967,reacts
42968,retracted
42969,reveled
42970,sollicitude
42971,tepee
42972,undutiful
42973,dade
42974,djebel
42975,ellangowan
42976,fellowes
42977,hadj
42978,herzegovina
42979,iscariot
42980,jagd
42981,peggotty
42982,serapeum
42983,wolcott
42984,bagages
42985,bedizened
42986,cambio
42987,castings
42988,causas
42989,certa
42990,contento
42991,endowing
42992,excepte
42993,excitability
42994,facades
42995,faggot
42996,gratia
42997,incroyable
42998,keines
42999,lulls
43000,obliterating
43001,paquets
43002,puertas
43003,righting
43004,statesmanlike
43005,transmits
43006,voorstelling
43007,ansigt
43008,butch
43009,cottle
43010,havelok
43011,krieges
43012,lemercier
43013,mauleon
43014,ambergris
43015,arson
43016,backgammon
43017,boulet
43018,bucolic
43019,cuffed
43020,deface
43021,diameters
43022,discerns
43023,dumps
43024,earths
43025,emits
43026,exemplify
43027,forto
43028,improbably
43029,jabbering
43030,lik
43031,mangle
43032,pertinaciously
43033,peste
43034,psychologists
43035,ramena
43036,rummage
43037,shank
43038,temoin
43039,todavia
43040,yearling
43041,alleghany
43042,beaumarchais
43043,cardiff
43044,eze
43045,felice
43046,harpe
43047,kames
43048,meere
43049,neapolitans
43050,rottenmeier
43051,teilen
43052,zachariah
43053,anzusehen
43054,cabals
43055,capitalism
43056,celibate
43057,continuellement
43058,doublets
43059,dunklen
43060,engen
43061,infinie
43062,inquisitiveness
43063,maxima
43064,muffin
43065,orisons
43066,preponderating
43067,procreation
43068,respirait
43069,steeds
43070,stowing
43071,suing
43072,tapa
43073,traction
43074,unsealed
43075,vitam
43076,annunciation
43077,einzelnheit
43078,forbear
43079,laplace
43080,lloyd
43081,manoel
43082,oldham
43083,seminole
43084,theol
43085,vasili
43086,verstande
43087,witwe
43088,archbishopric
43089,caminos
43090,conoce
43091,doted
43092,duets
43093,faints
43094,fringing
43095,indemnification
43096,itsekin
43097,mahdollista
43098,peri
43099,pilfering
43100,restee
43101,sapping
43102,sellainen
43103,sesame
43104,tentes
43105,thralls
43106,uninfluenced
43107,ventricle
43108,vornehmen
43109,antarctica
43110,collin
43111,dabney
43112,ducange
43113,gunn
43114,monet
43115,pflanzen
43116,romani
43117,vaudemont
43118,atrophy
43119,avers
43120,bedewed
43121,blacksmiths
43122,bronchitis
43123,compiling
43124,conned
43125,curtsy
43126,duplicated
43127,franche
43128,hussar
43129,impart
43130,lustres
43131,maidenhood
43132,musketeer
43133,ningun
43134,poetes
43135,rigors
43136,sottise
43137,toucheth
43138,unexpressed
43139,vlakte
43140,angelegenheit
43141,babcock
43142,caddy
43143,cadell
43144,calabar
43145,leicestershire
43146,mikado
43147,noirtier
43148,penzance
43149,perrine
43150,sinfi
43151,zool
43152,aviators
43153,betided
43154,calor
43155,choisis
43156,corns
43157,cravate
43158,dressings
43159,emulous
43160,equalize
43161,imputing
43162,jute
43163,menacingly
43164,ongles
43165,pussent
43166,rechercher
43167,retributive
43168,revinrent
43169,shredded
43170,smarted
43171,socialisme
43172,unfavorably
43173,brunhild
43174,cephas
43175,cremona
43176,dunciad
43177,gebet
43178,hayne
43179,marechale
43180,pythagorean
43181,schriftsteller
43182,toten
43183,batailles
43184,canticle
43185,cantonments
43186,chided
43187,clairs
43188,cochon
43189,condign
43190,dak
43191,deadlock
43192,dispenses
43193,drapeaux
43194,encouragements
43195,envenomed
43196,girths
43197,gle
43198,gutem
43199,olevansa
43200,pauperism
43201,pestle
43202,plashing
43203,romaine
43204,rovers
43205,seuraa
43206,tills
43207,untying
43208,vano
43209,aias
43210,anzoleto
43211,argonauts
43212,chingachgook
43213,djibouti
43214,inglis
43215,jules
43216,keraban
43217,leidenschaften
43218,pelusium
43219,rosse
43220,amphitheater
43221,arraignment
43222,billig
43223,canopies
43224,dolt
43225,generis
43226,rakkaus
43227,rencontres
43228,sociales
43229,solennelle
43230,staking
43231,studios
43232,transfiguration
43233,venire
43234,barebone
43235,cheyennes
43236,iseult
43237,juengling
43238,lauder
43239,lecky
43240,ormsby
43241,schauspiel
43242,shiraz
43243,stamm
43244,sutter
43245,tahitian
43246,tybalt
43247,waugh
43248,allee
43249,blacked
43250,briefer
43251,buissons
43252,caissons
43253,comed
43254,contraries
43255,couvre
43256,covey
43257,dallied
43258,decouvert
43259,deportation
43260,dore
43261,gebrek
43262,gesticulation
43263,improper
43264,longa
43265,munched
43266,nonchalantly
43267,oratorio
43268,pellets
43269,pettiness
43270,stript
43271,toma
43272,traegt
43273,zaten
43274,anthropological
43275,bevis
43276,gethsemane
43277,matth
43278,misther
43279,otranto
43280,richardot
43281,absentee
43282,appeasing
43283,avere
43284,candidature
43285,cloches
43286,commissaries
43287,dyspeptic
43288,easiness
43289,houding
43290,ibland
43291,infinitum
43292,invoice
43293,koennten
43294,lointains
43295,nickte
43296,nigher
43297,pouces
43298,soupirs
43299,stubby
43300,superieure
43301,tablier
43302,vassalage
43303,verum
43304,vidste
43305,vraagt
43306,adm
43307,badman
43308,crompton
43309,dritter
43310,mirah
43311,realitaet
43312,samaritans
43313,sorel
43314,valhalla
43315,achten
43316,bourg
43317,breathings
43318,cobalt
43319,conclut
43320,consorts
43321,crepe
43322,dets
43323,gewoehnlich
43324,incrusted
43325,jedermann
43326,marshalling
43327,metaphysician
43328,prude
43329,ransack
43330,regardai
43331,replica
43332,roofing
43333,royalistes
43334,sensorial
43335,shad
43336,smirking
43337,teacupful
43338,teamster
43339,thermometers
43340,unicorn
43341,vendor
43342,woulde
43343,ambroise
43344,fanshawe
43345,hibernian
43346,konstantin
43347,magus
43348,pylades
43349,tapio
43350,verwirrung
43351,allenast
43352,appraising
43353,beides
43354,cama
43355,drowns
43356,hysteric
43357,insomnia
43358,intonations
43359,marteau
43360,miniature
43361,nd
43362,nightmares
43363,prepossessions
43364,profil
43365,puolesta
43366,rara
43367,reunions
43368,rubicund
43369,smudge
43370,twijfel
43371,unenlightened
43372,whensoever
43373,zocht
43374,conolly
43375,conservatoire
43376,galatea
43377,koerper
43378,lilburne
43379,meilen
43380,parsifal
43381,phnician
43382,tomas
43383,turan
43384,turm
43385,abet
43386,beschlossen
43387,bloud
43388,boors
43389,cons
43390,corrals
43391,cuneiform
43392,draga
43393,droned
43394,facets
43395,feit
43396,hel
43397,hells
43398,hyenas
43399,jewellers
43400,legumes
43401,lunches
43402,manquaient
43403,personae
43404,potentialities
43405,pruned
43406,rakish
43407,rekindled
43408,scurry
43409,siyang
43410,transposition
43411,trending
43412,unstinted
43413,vertuous
43414,vieron
43415,allinson
43416,cawnpore
43417,chalons
43418,decke
43419,delany
43420,dol
43421,flametti
43422,gemma
43423,nailles
43424,nonconformists
43425,schluss
43426,stockbridge
43427,wiggins
43428,angoisses
43429,candidacy
43430,collided
43431,conge
43432,engulf
43433,etais
43434,gewoonte
43435,golven
43436,mechanisms
43437,mei
43438,meretricious
43439,mousquetaire
43440,obscenity
43441,physiologist
43442,procede
43443,raisin
43444,sanaa
43445,scares
43446,shrewdest
43447,teatro
43448,yellowing
43449,blessington
43450,claudian
43451,merriwell
43452,schuster
43453,slone
43454,axles
43455,besuchen
43456,brooches
43457,collared
43458,courtes
43459,disproportioned
43460,eaters
43461,educators
43462,estancia
43463,grossier
43464,iloinen
43465,interj
43466,litteraire
43467,lourds
43468,membra
43469,northernmost
43470,portefeuille
43471,priestesses
43472,sublimes
43473,swivel
43474,thwarts
43475,trugen
43476,vendetta
43477,veo
43478,vruchten
43479,campion
43480,favre
43481,flavius
43482,folsom
43483,jellicoe
43484,muratori
43485,tarkington
43486,tillotson
43487,uli
43488,veronique
43489,whitworth
43490,altura
43491,bessere
43492,canteens
43493,diabolic
43494,dialectical
43495,fiasco
43496,ilk
43497,interpolation
43498,irreverently
43499,kepe
43500,saintes
43501,specter
43502,suivent
43503,thys
43504,tomado
43505,unfavourably
43506,celestine
43507,dravot
43508,josaphat
43509,orten
43510,tantalus
43511,tellheim
43512,tipperary
43513,valdivia
43514,ascents
43515,capon
43516,cle
43517,cocoon
43518,disentangled
43519,draughtsman
43520,driest
43521,drin
43522,leprous
43523,nebber
43524,onlooker
43525,outbreak
43526,prolonger
43527,rewritten
43528,rhythmically
43529,stodo
43530,wheezing
43531,castillo
43532,chan
43533,contessa
43534,hazael
43535,manchus
43536,milesian
43537,staines
43538,adventured
43539,flashy
43540,foolery
43541,gallops
43542,geringe
43543,hangen
43544,herrlich
43545,indecisive
43546,intermingling
43547,meerschaum
43548,mitigating
43549,mortem
43550,posto
43551,reasoner
43552,reflets
43553,renverse
43554,rubans
43555,shabbiness
43556,tabooed
43557,champneys
43558,danby
43559,englanders
43560,ganymede
43561,gedicht
43562,hallock
43563,hewson
43564,navarrete
43565,rhodopis
43566,segovia
43567,sligo
43568,anatomist
43569,attics
43570,bekannten
43571,bloods
43572,bosh
43573,chevet
43574,countered
43575,drawed
43576,echt
43577,escorts
43578,formas
43579,fruitlessly
43580,intervenes
43581,joutui
43582,mieleen
43583,omtrek
43584,pagodas
43585,persuasively
43586,prieur
43587,ratione
43588,sentado
43589,trestle
43590,vache
43591,vendors
43592,whalebone
43593,botha
43594,canty
43595,coney
43596,eurydice
43597,halcyone
43598,lothian
43599,methodism
43600,mistris
43601,sempronius
43602,shadwell
43603,animales
43604,bareness
43605,battlement
43606,elegies
43607,ertragen
43608,fevrier
43609,frequenter
43610,laves
43611,neuve
43612,orchid
43613,patronising
43614,remplissait
43615,restorer
43616,samovar
43617,sichtbar
43618,spirituel
43619,sublimate
43620,talar
43621,vestidos
43622,zodiac
43623,burschen
43624,fusiliers
43625,harrisburg
43626,surg
43627,yung
43628,burthens
43629,caked
43630,capriciously
43631,cime
43632,coquetterie
43633,courbe
43634,desseins
43635,devolves
43636,discontinuance
43637,exercer
43638,exonerate
43639,fata
43640,inharmonious
43641,inherently
43642,irrefragable
43643,makt
43644,manawa
43645,mileage
43646,nullity
43647,piebald
43648,pochi
43649,poorhouse
43650,prudente
43651,roughs
43652,salido
43653,schlechten
43654,spurted
43655,toisten
43656,tousled
43657,unmask
43658,usurers
43659,wincing
43660,benoit
43661,bertin
43662,buckland
43663,froebel
43664,hebert
43665,hinkki
43666,kunz
43667,piraeus
43668,plunkett
43669,reggio
43670,sallus
43671,thurstane
43672,anthropology
43673,batterie
43674,cauld
43675,daags
43676,derjenigen
43677,deviating
43678,doorsteps
43679,drummers
43680,empfing
43681,gnral
43682,houseboat
43683,knolls
43684,neun
43685,perils
43686,raves
43687,recommandation
43688,reorganize
43689,statuettes
43690,sner
43691,terriers
43692,unconscionable
43693,unsociable
43694,zweimal
43695,albine
43696,anglesey
43697,daphnis
43698,erlaubnis
43699,melancthon
43700,montoni
43701,olsen
43702,rougon
43703,sigmund
43704,adressa
43705,amico
43706,aristocracies
43707,chastising
43708,cherchent
43709,cinch
43710,confiscations
43711,disfavor
43712,ernstig
43713,geheimen
43714,habituelle
43715,implicate
43716,liepen
43717,murther
43718,reloaded
43719,soliloquized
43720,summat
43721,superieur
43722,supervisor
43723,tigre
43724,transshipment
43725,unforgiving
43726,warbler
43727,blacky
43728,mikko
43729,pampas
43730,reiz
43731,sabin
43732,vaninka
43733,vergon
43734,apprized
43735,astrological
43736,aurinko
43737,chaplets
43738,dotard
43739,falsche
43740,fecit
43741,fromage
43742,garni
43743,herinnering
43744,hopelessly
43745,illum
43746,indiquait
43747,joko
43748,morgon
43749,neighed
43750,ooren
43751,plucks
43752,priced
43753,qualifies
43754,ruban
43755,strumpet
43756,tabular
43757,threads
43758,bemerkung
43759,leitung
43760,mcclintock
43761,noe
43762,squier
43763,atteinte
43764,begaf
43765,corruptible
43766,creuse
43767,fallible
43768,fantastique
43769,fertilized
43770,fouler
43771,gamins
43772,materialist
43773,modernized
43774,morphia
43775,moy
43776,natten
43777,oido
43778,prides
43779,quire
43780,scandalously
43781,talus
43782,tota
43783,unfrequent
43784,vien
43785,volunteering
43786,andrey
43787,atwood
43788,bruders
43789,diarmuid
43790,nachbarn
43791,oxus
43792,ronder
43793,staats
43794,absorbent
43795,accumulates
43796,backwoodsmen
43797,deigns
43798,finna
43799,gaenzlich
43800,harer
43801,hereinafter
43802,manumission
43803,merchantman
43804,morto
43805,murmurait
43806,opposer
43807,pard
43808,parsnips
43809,perspectives
43810,pester
43811,porteur
43812,sawe
43813,struts
43814,alister
43815,bhaer
43816,grivois
43817,hoheit
43818,kopfe
43819,larcher
43820,lemme
43821,ptolemies
43822,sleuth
43823,stiles
43824,alarum
43825,bathers
43826,boite
43827,centaine
43828,collated
43829,deviltry
43830,dressa
43831,enemie
43832,fraudulently
43833,liebes
43834,lume
43835,olemassa
43836,pickpocket
43837,rationality
43838,reasserted
43839,reconsideration
43840,reposait
43841,sempstress
43842,showeth
43843,siluer
43844,sloppy
43845,undefended
43846,uusia
43847,venia
43848,voorzien
43849,weshalb
43850,witticism
43851,allegro
43852,asako
43853,averil
43854,cornelis
43855,esel
43856,ferragut
43857,framley
43858,parian
43859,pforte
43860,abjectly
43861,benefactions
43862,blonds
43863,botte
43864,bountifully
43865,clefs
43866,daheim
43867,detruire
43868,elects
43869,favori
43870,fawns
43871,gewann
43872,gondoliers
43873,improvidence
43874,mundi
43875,nubes
43876,posant
43877,refrigerator
43878,reichlich
43879,renonce
43880,servaient
43881,wreaked
43882,ziek
43883,chesnel
43884,clytemnestra
43885,coates
43886,effendi
43887,epaminondas
43888,muscovy
43889,narada
43890,segur
43891,thal
43892,antic
43893,candies
43894,commemorating
43895,confuted
43896,costliest
43897,criado
43898,daardoor
43899,dejado
43900,dirais
43901,enforces
43902,hinc
43903,jurer
43904,offshoot
43905,pervasive
43906,purifies
43907,quartette
43908,recrimination
43909,servicio
43910,sweare
43911,toimeen
43912,tomando
43913,twenties
43914,unconcealed
43915,virtud
43916,craik
43917,fontanes
43918,moriarty
43919,moulton
43920,oudinot
43921,redclyffe
43922,wali
43923,wegg
43924,bange
43925,bestirred
43926,calabash
43927,confie
43928,courageux
43929,crowbar
43930,darkies
43931,heterodox
43932,inquisitorial
43933,jedenfalls
43934,koude
43935,kuu
43936,mayores
43937,ond
43938,parer
43939,puncture
43940,reconsidered
43941,saddening
43942,snag
43943,squealed
43944,stalled
43945,twaddle
43946,vertebrates
43947,vobis
43948,yokes
43949,anastasia
43950,fuehrer
43951,gordian
43952,jahres
43953,jone
43954,koch
43955,mercure
43956,provinzen
43957,sakra
43958,sault
43959,sesostris
43960,bodem
43961,haussant
43962,hjem
43963,ilka
43964,leanings
43965,multiform
43966,passi
43967,preeminently
43968,puma
43969,racines
43970,recession
43971,rectangle
43972,remodelled
43973,smirk
43974,steckte
43975,treasuries
43976,unrecorded
43977,varandra
43978,whaur
43979,wheedle
43980,americanism
43981,cis
43982,comanche
43983,dickon
43984,florrie
43985,gyges
43986,harrigan
43987,hecuba
43988,herbst
43989,jord
43990,laurier
43991,monny
43992,reims
43993,sachsen
43994,skye
43995,smolensk
43996,sonora
43997,couldna
43998,devinrent
43999,fording
44000,huolimatta
44001,interdit
44002,joissa
44003,kopje
44004,mazy
44005,neckerchief
44006,negotiator
44007,oat
44008,paisiblement
44009,possa
44010,regicide
44011,serfdom
44012,stiletto
44013,thru
44014,toughest
44015,trespassed
44016,unfading
44017,ute
44018,warding
44019,wreathing
44020,banquo
44021,chios
44022,ferrol
44023,jacobean
44024,pye
44025,reardon
44026,roms
44027,septuagint
44028,vistula
44029,bickerings
44030,complices
44031,confondre
44032,cornes
44033,dejando
44034,dependable
44035,disciplinary
44036,disembark
44037,drover
44038,frisking
44039,guerrilla
44040,heartlessness
44041,hostel
44042,innombrables
44043,intelligibly
44044,lashings
44045,meuble
44046,passers
44047,sententiously
44048,spitefully
44049,takest
44050,vix
44051,vuelta
44052,excelsior
44053,fernande
44054,fingal
44055,kentuckian
44056,murdoch
44057,polyphemus
44058,sewall
44059,tilden
44060,varus
44061,ahoy
44062,brakeman
44063,clout
44064,completer
44065,connaissons
44066,cryptic
44067,fillets
44068,hoek
44069,lacquered
44070,louse
44071,negotiators
44072,obtint
44073,ourself
44074,overall
44075,plaie
44076,prows
44077,resuscitated
44078,reunite
44079,scheiden
44080,amalia
44081,annahme
44082,batelier
44083,benedick
44084,waldron
44085,wynnie
44086,apposite
44087,breasted
44088,capered
44089,clownish
44090,comparer
44091,dietary
44092,holte
44093,ignoramus
44094,impish
44095,jurisdictions
44096,kiuj
44097,largess
44098,mermaids
44099,ober
44100,possede
44101,purported
44102,quidam
44103,recueilli
44104,stringy
44105,stunts
44106,tapage
44107,tediousness
44108,toasting
44109,wheedled
44110,arnaud
44111,castell
44112,daney
44113,eldred
44114,frisian
44115,lavendar
44116,loristan
44117,malling
44118,maloney
44119,pandava
44120,panney
44121,westchester
44122,wonne
44123,arraign
44124,cailloux
44125,continuaient
44126,festa
44127,gamesters
44128,jopa
44129,nudity
44130,pensando
44131,pigtail
44132,riefen
44133,sautant
44134,siervos
44135,sourires
44136,spool
44137,tali
44138,toren
44139,varlets
44140,vertrekken
44141,whelps
44142,bearnese
44143,bingle
44144,herrlichkeit
44145,icc
44146,kapital
44147,magian
44148,mateo
44149,mitglied
44150,neuilly
44151,ninny
44152,tito
44153,virgie
44154,attente
44155,dastard
44156,debater
44157,effrayante
44158,eighties
44159,elbows
44160,geistige
44161,herhaalde
44162,honger
44163,howitzers
44164,jupes
44165,outbuildings
44166,palliation
44167,plateaus
44168,plebe
44169,poursuit
44170,revolutionize
44171,supervised
44172,trahi
44173,yellows
44174,ambulinia
44175,burkina
44176,dacre
44177,edgerton
44178,irenaeus
44179,kremlin
44180,leibe
44181,lubin
44182,neckar
44183,noureddin
44184,thurlow
44185,agape
44186,bizarres
44187,cherubs
44188,coloration
44189,dispatching
44190,divans
44191,effluvia
44192,entourage
44193,gebleven
44194,gesehn
44195,glycerine
44196,hides
44197,hieher
44198,hyperbole
44199,ideality
44200,krygsvolk
44201,mutations
44202,nerveuse
44203,ojo
44204,opere
44205,penche
44206,tendril
44207,thocht
44208,argosy
44209,caribs
44210,condorcet
44211,eitelkeit
44212,eleusis
44213,farnsworth
44214,geschichten
44215,gesichter
44216,hayden
44217,identitaet
44218,lawes
44219,psychologie
44220,rosenberg
44221,valdez
44222,wyllys
44223,agog
44224,blockhouse
44225,bushrangers
44226,calomel
44227,conocimiento
44228,declamations
44229,draagt
44230,emendation
44231,galls
44232,housetops
44233,notifying
44234,pareva
44235,plastering
44236,removable
44237,snowshoes
44238,tureen
44239,vaches
44240,vituperation
44241,ashby
44242,assam
44243,bracciolini
44244,brunnen
44245,div
44246,gemach
44247,geschrei
44248,hittites
44249,loftus
44250,madonnas
44251,mahmoud
44252,shiel
44253,commoners
44254,cornstarch
44255,essayant
44256,genere
44257,incompetency
44258,killeth
44259,leek
44260,purposeful
44261,relishing
44262,resentfully
44263,sijaan
44264,solidement
44265,utilization
44266,vagina
44267,wetten
44268,yeas
44269,apis
44270,freya
44271,grainger
44272,homoeopathic
44273,kingsland
44274,kleidung
44275,morrell
44276,praxis
44277,rapidan
44278,roden
44279,schwestern
44280,tylor
44281,valeria
44282,alumina
44283,ameliorate
44284,appartiennent
44285,cuire
44286,demerit
44287,diablo
44288,distanced
44289,embrassa
44290,enrichment
44291,frivolities
44292,futures
44293,grovel
44294,houres
44295,inheritor
44296,misanthropy
44297,naderde
44298,nuevas
44299,prolixity
44300,rakas
44301,rinsed
44302,satrap
44303,spaet
44304,stewardship
44305,thuis
44306,toucha
44307,vieras
44308,aietes
44309,arethusa
44310,forsythe
44311,haworth
44312,lvii
44313,lazaro
44314,mcallister
44315,mingo
44316,murillo
44317,nilus
44318,simmonds
44319,callousness
44320,deprecatingly
44321,disparition
44322,dran
44323,fiers
44324,glutinous
44325,hoechste
44326,infringing
44327,invokes
44328,kirkon
44329,molte
44330,mous
44331,passen
44332,regalia
44333,scape
44334,skips
44335,smouldered
44336,spluttering
44337,technological
44338,versprochen
44339,wierden
44340,zamen
44341,arnheim
44342,bungay
44343,finns
44344,galusha
44345,jumbo
44346,kategorien
44347,lund
44348,meeker
44349,papst
44350,queenstown
44351,zahlung
44352,ziele
44353,abase
44354,assises
44355,bescheiden
44356,cer
44357,clocher
44358,corroborative
44359,duas
44360,eeuwen
44361,flatten
44362,gelangt
44363,gnomes
44364,gowned
44365,greep
44366,hoffte
44367,honra
44368,impossibly
44369,leakage
44370,pantheistic
44371,physicists
44372,rotsen
44373,saadan
44374,stipulating
44375,testy
44376,vainglorious
44377,vascular
44378,volontaire
44379,zachte
44380,zoodra
44381,zynen
44382,alexius
44383,bruin
44384,cymbeline
44385,detricand
44386,duplessis
44387,fluch
44388,gedichte
44389,gockel
44390,greenfield
44391,horrocks
44392,lyra
44393,prudy
44394,satyaki
44395,stetson
44396,vand
44397,zambia
44398,zouaves
44399,accueil
44400,charmantes
44401,couvrit
44402,depit
44403,dreamland
44404,erwartete
44405,furlong
44406,gardant
44407,gobble
44408,insidiously
44409,interludes
44410,loob
44411,lundi
44412,pasaba
44413,pucker
44414,pyjamas
44415,rubble
44416,subtil
44417,tattooing
44418,tomo
44419,tunc
44420,tuuli
44421,typographical
44422,uebel
44423,whisking
44424,zoodanig
44425,bellenden
44426,bickers
44427,chickasaw
44428,dagon
44429,kantor
44430,morano
44431,muslims
44432,parramatta
44433,soliman
44434,waal
44435,basing
44436,bearskin
44437,coupa
44438,courtesans
44439,eilt
44440,ellipsis
44441,familiarize
44442,financing
44443,geglaubt
44444,lointaine
44445,luuli
44446,medelijden
44447,mend
44448,mores
44449,mukana
44450,mythic
44451,organes
44452,plumber
44453,sho
44454,ske
44455,soulagement
44456,squinted
44457,subsection
44458,sunshade
44459,theorist
44460,unsavory
44461,upholds
44462,christchurch
44463,gracchi
44464,hardwick
44465,indiaman
44466,maddox
44467,rehoboam
44468,secundus
44469,twee
44470,auringon
44471,barbare
44472,bowstring
44473,capillary
44474,coaxingly
44475,diamant
44476,eind
44477,empirische
44478,erlauben
44479,ewer
44480,exigences
44481,foin
44482,jupe
44483,lavishing
44484,ministries
44485,moralischen
44486,omstandigheden
44487,palest
44488,plaguy
44489,prongs
44490,savours
44491,shallower
44492,stata
44493,suzerainty
44494,traitait
44495,undertakers
44496,akka
44497,candido
44498,cathcart
44499,dichters
44500,keble
44501,pekka
44502,siddha
44503,vertreter
44504,vorsicht
44505,asunto
44506,battue
44507,blanke
44508,cha
44509,cocoanuts
44510,communs
44511,coyness
44512,dudgeon
44513,electrode
44514,englische
44515,epouse
44516,fondly
44517,homeliness
44518,interessant
44519,klaar
44520,mourn
44521,oscillating
44522,pediment
44523,pressa
44524,razones
44525,rebuffs
44526,revisiting
44527,seventies
44528,summum
44529,zorg
44530,allington
44531,draxy
44532,fosdick
44533,isolde
44534,luella
44535,oriana
44536,plassans
44537,sanborn
44538,wow
44539,affirmer
44540,aggregated
44541,barrage
44542,behauptet
44543,bereitet
44544,caniyang
44545,cendre
44546,clave
44547,cordials
44548,corriente
44549,costumbres
44550,donning
44551,ebon
44552,eenigszins
44553,eliciting
44554,extras
44555,handmaiden
44556,hazarding
44557,individualistic
44558,ineffaceable
44559,jolle
44560,mollify
44561,mutation
44562,overwhelms
44563,pendule
44564,perching
44565,recantation
44566,reicher
44567,resister
44568,rustig
44569,sods
44570,souvient
44571,tendue
44572,tierras
44573,venga
44574,vo
44575,athabasca
44576,ausbildung
44577,bayern
44578,broune
44579,connell
44580,croton
44581,entscheidung
44582,frankenstein
44583,interessen
44584,mayeux
44585,osage
44586,polen
44587,proz
44588,trelawny
44589,abrogation
44590,conspiration
44591,cutaneous
44592,decider
44593,digno
44594,formulating
44595,geneigt
44596,helft
44597,nimi
44598,ordains
44599,sceptics
44600,semejantes
44601,transformer
44602,tredje
44603,unemotional
44604,azerbaijan
44605,freiburg
44606,fromont
44607,gabon
44608,khoja
44609,lauderdale
44610,merivale
44611,noth
44612,opec
44613,pinocchio
44614,protagoras
44615,rabourdin
44616,rockwell
44617,roussillon
44618,roxy
44619,siden
44620,darke
44621,demeures
44622,dispelling
44623,familier
44624,illuminates
44625,irreligion
44626,kanssaan
44627,lumpy
44628,malarial
44629,nationalism
44630,parvenus
44631,poppa
44632,prevision
44633,reestablished
44634,saviez
44635,slatternly
44636,sugars
44637,tono
44638,trussed
44639,tuntuu
44640,uebrig
44641,unfasten
44642,vertige
44643,zamorin
44644,blackfriars
44645,ethelred
44646,hecla
44647,heraclitus
44648,klugheit
44649,launay
44650,mcclure
44651,oberst
44652,outlines
44653,plimpton
44654,scranton
44655,stellan
44656,acto
44657,aging
44658,ceremonie
44659,coconuts
44660,cowhide
44661,deciphering
44662,farine
44663,freut
44664,glisse
44665,inculcating
44666,ine
44667,manservant
44668,parallelogram
44669,plaints
44670,shet
44671,tempete
44672,voorhoofd
44673,weiteren
44674,ausgang
44675,bullions
44676,einrichtung
44677,garvington
44678,hales
44679,hilaire
44680,katerina
44681,keeling
44682,massingbird
44683,multitudes
44684,palast
44685,tanis
44686,theophile
44687,zillah
44688,anzi
44689,begint
44690,confectionery
44691,cramps
44692,criminel
44693,dandelions
44694,drams
44695,elevators
44696,exorcise
44697,fawned
44698,getreten
44699,hustings
44700,muleteers
44701,negen
44702,powdery
44703,proselyte
44704,roepen
44705,rustlers
44706,sowl
44707,steer
44708,telephoning
44709,vollendet
44710,wrestlers
44711,alaskan
44712,bolshevik
44713,bonbright
44714,bousquier
44715,cushman
44716,duft
44717,euler
44718,fearless
44719,kincaid
44720,manston
44721,martyn
44722,meshach
44723,mullins
44724,poulain
44725,ragusa
44726,ravenswood
44727,rolland
44728,zustande
44729,anathemas
44730,awestruck
44731,bem
44732,continuo
44733,dandelion
44734,decida
44735,enigmas
44736,etoit
44737,facings
44738,flop
44739,freier
44740,gouffre
44741,habilement
44742,horriblement
44743,landholders
44744,maand
44745,provokingly
44746,seltsam
44747,sentimentally
44748,slowest
44749,subtilty
44750,tourbillon
44751,wildernesses
44752,bedenken
44753,burdett
44754,despard
44755,dunstane
44756,glyndon
44757,herculaneum
44758,hotspur
44759,lawford
44760,manton
44761,oesterreich
44762,phaon
44763,resaca
44764,attentif
44765,bovine
44766,buffer
44767,communistic
44768,creme
44769,curtsied
44770,difficulte
44771,ensnared
44772,featured
44773,fractures
44774,fulle
44775,gaslight
44776,headmaster
44777,hemlocks
44778,looted
44779,mandat
44780,menstrual
44781,microbes
44782,neighbourly
44783,palasi
44784,peppered
44785,prudery
44786,redressa
44787,rhododendrons
44788,salud
44789,sassafras
44790,tanden
44791,toiselle
44792,touchante
44793,tron
44794,voyaging
44795,akt
44796,chung
44797,colosseum
44798,concordat
44799,conwell
44800,felde
44801,furness
44802,kuenstler
44803,nea
44804,pulcheria
44805,ruben
44806,somalia
44807,tregear
44808,vostrand
44809,wodehouse
44810,arrowroot
44811,attrition
44812,bagatelle
44813,bondit
44814,calculus
44815,clipper
44816,costumbre
44817,dental
44818,deutscher
44819,entred
44820,eterna
44821,falla
44822,figlio
44823,garcons
44824,gourmand
44825,incarcerated
44826,incorporeal
44827,jego
44828,mayonnaise
44829,outa
44830,overige
44831,paikalla
44832,partirent
44833,pelf
44834,presidente
44835,retenait
44836,revolutionized
44837,turgid
44838,aylward
44839,brahmanism
44840,dagaeoga
44841,fridays
44842,frowenfeld
44843,insall
44844,macrinus
44845,peleg
44846,croirait
44847,cuyas
44848,dazzlingly
44849,diferentes
44850,facta
44851,foie
44852,gebruikt
44853,habitue
44854,hushing
44855,jailers
44856,jessamine
44857,knits
44858,livrait
44859,menschelijke
44860,moccasin
44861,mutinied
44862,nimbus
44863,noemt
44864,overlap
44865,pander
44866,personated
44867,phosphorescence
44868,playwrights
44869,poulet
44870,slogan
44871,solidified
44872,speciality
44873,supercargo
44874,tarn
44875,ascanio
44876,brynhild
44877,candia
44878,gallipoli
44879,huntly
44880,ismael
44881,ollivier
44882,rawson
44883,tupia
44884,urrea
44885,adaptable
44886,advisory
44887,brilliants
44888,eet
44889,gentille
44890,geschwind
44891,maie
44892,mechant
44893,repetait
44894,replenishing
44895,sedulous
44896,sist
44897,squabbling
44898,stannade
44899,synes
44900,transzendentale
44901,trouw
44902,tubercles
44903,wintering
44904,beschreibung
44905,frederik
44906,jewry
44907,petri
44908,quonab
44909,steen
44910,thurloe
44911,catholiques
44912,confluent
44913,daarin
44914,debilitated
44915,effectual
44916,empfinden
44917,filthiness
44918,foresees
44919,hecha
44920,intanto
44921,letztern
44922,lieges
44923,overdue
44924,paternelle
44925,stroom
44926,sunflowers
44927,syringe
44928,weake
44929,avila
44930,friede
44931,hafiz
44932,ker
44933,lt
44934,munk
44935,sylvanus
44936,thothmes
44937,unitarianism
44938,webber
44939,whitefield
44940,adorers
44941,condoned
44942,dipper
44943,dualism
44944,extorting
44945,harde
44946,joutunut
44947,moque
44948,odottaa
44949,pleura
44950,pressentiment
44951,refrains
44952,saivat
44953,theim
44954,unorganized
44955,violentes
44956,zigzags
44957,bekanntschaft
44958,derleth
44959,eintritt
44960,faria
44961,gryce
44962,hotchkiss
44963,lili
44964,passy
44965,agnostic
44966,alegre
44967,aniline
44968,authour
44969,cxar
44970,dumbfounded
44971,fardeau
44972,foorth
44973,geringsten
44974,gobbled
44975,insista
44976,intenser
44977,machinist
44978,meening
44979,muro
44980,omasta
44981,perspicacity
44982,scaffolds
44983,stumpy
44984,beta
44985,clapperton
44986,colquhoun
44987,flemming
44988,ophir
44989,rosey
44990,weibe
44991,wirtschaft
44992,blunderbuss
44993,boeken
44994,brillaient
44995,concoction
44996,conquis
44997,countrie
44998,discipulos
44999,disputations
45000,dizzily
45001,embroider
45002,fri
45003,herrat
45004,indite
45005,ketched
45006,libris
45007,meaneth
45008,olemaan
45009,profane
45010,repealing
45011,represente
45012,scrupules
45013,seethed
45014,verdadera
45015,waarlijk
45016,zekeren
45017,beispiele
45018,besancon
45019,geliebte
45020,goujet
45021,millbank
45022,mistah
45023,palus
45024,schlosse
45025,turc
45026,wtro
45027,agens
45028,atrium
45029,autoridad
45030,cawing
45031,cooed
45032,entstehen
45033,erzaehlt
45034,gladiatorial
45035,masking
45036,milestone
45037,pesant
45038,planta
45039,professionals
45040,propping
45041,sophistical
45042,steepness
45043,stocky
45044,unsettle
45045,ahnung
45046,alcatraz
45047,bouvard
45048,georgey
45049,johnston
45050,mahbub
45051,narcisse
45052,abundantly
45053,brauchte
45054,coo
45055,daad
45056,effectivement
45057,embroil
45058,feldspar
45059,geheime
45060,heiresses
45061,jangle
45062,lampes
45063,mendicants
45064,overhang
45065,quer
45066,reflector
45067,rejste
45068,wesentlichen
45069,algy
45070,andros
45071,biddle
45072,cleggett
45073,dedmond
45074,darlington
45075,gotama
45076,hesper
45077,lam
45078,mercadet
45079,portugall
45080,sess
45081,staniford
45082,tiffany
45083,trina
45084,betel
45085,caisses
45086,christianisme
45087,chromatic
45088,commanda
45089,crannies
45090,delectation
45091,displacing
45092,encircles
45093,flay
45094,headsman
45095,kvinna
45096,nicknames
45097,officered
45098,pardner
45099,particuliere
45100,planche
45101,plummet
45102,poising
45103,popolo
45104,schenken
45105,theses
45106,undan
45107,unenviable
45108,volontaires
45109,candeur
45110,elie
45111,glanville
45112,glendower
45113,hindustan
45114,hopalong
45115,lansmere
45116,appliance
45117,bauxite
45118,calcaire
45119,clematis
45120,commencent
45121,donnes
45122,ennenkin
45123,escorte
45124,exemplification
45125,feriez
45126,freshet
45127,inconsiderately
45128,maggots
45129,possest
45130,reprobated
45131,rhetoricians
45132,scoffs
45133,subj
45134,tapestried
45135,transposed
45136,trebled
45137,undulation
45138,unearned
45139,waywardness
45140,belize
45141,betterton
45142,bonneville
45143,chet
45144,cormon
45145,ehrfurcht
45146,evje
45147,featherstone
45148,greenville
45149,hessians
45150,heythorp
45151,pracht
45152,salazar
45153,trirodov
45154,vanstone
45155,wheatley
45156,bally
45157,brothels
45158,compatriotes
45159,crunched
45160,dello
45161,engager
45162,fellah
45163,godsend
45164,gushes
45165,haire
45166,humorists
45167,interjections
45168,learne
45169,mutable
45170,needeth
45171,passera
45172,penmanship
45173,peons
45174,platoons
45175,porpoises
45176,recitals
45177,ruminated
45178,schicken
45179,serrure
45180,talo
45181,vivaient
45182,waterless
45183,waxes
45184,wildfire
45185,beersheba
45186,caw
45187,celebes
45188,hansel
45189,henrich
45190,jansen
45191,muth
45192,vidal
45193,wunden
45194,archaeology
45195,betrekking
45196,buttocks
45197,diversify
45198,elken
45199,hugs
45200,huomenna
45201,iis
45202,incriminating
45203,magno
45204,matelas
45205,novitiate
45206,pulsating
45207,rinse
45208,snowflakes
45209,songez
45210,subite
45211,toughness
45212,ungentle
45213,verbo
45214,waddling
45215,taient
45216,bushmen
45217,levesque
45218,maguire
45219,maskull
45220,peschiera
45221,ripon
45222,slingsby
45223,adore
45224,attests
45225,befinden
45226,bromide
45227,casteth
45228,cohort
45229,dimpling
45230,fagot
45231,haat
45232,hauberk
45233,holies
45234,incommode
45235,meurtrier
45236,misdemeanors
45237,ongeluk
45238,paie
45239,riddance
45240,roams
45241,segregation
45242,sixpenny
45243,soutenait
45244,standest
45245,superbes
45246,transition
45247,beweise
45248,boten
45249,cham
45250,prendergast
45251,vorschlag
45252,abettors
45253,baja
45254,banned
45255,benignly
45256,caudal
45257,controller
45258,decompose
45259,dringen
45260,haentae
45261,heiter
45262,indictments
45263,kantaa
45264,maintien
45265,nobly
45266,pestiferous
45267,polled
45268,roula
45269,stewardess
45270,watermelon
45271,bautista
45272,brookes
45273,englander
45274,hyrcanus
45275,lycidas
45276,octavianus
45277,stephanus
45278,thais
45279,tostig
45280,ambitieux
45281,beached
45282,clangor
45283,cutlery
45284,denkbeeld
45285,erregt
45286,gallies
45287,gigante
45288,haddock
45289,ignition
45290,ista
45291,leered
45292,loger
45293,modulations
45294,niille
45295,nunquam
45296,oogenblikken
45297,paljoa
45298,pittoresque
45299,screeched
45300,seigniors
45301,sickens
45302,tijden
45303,treasons
45304,volgt
45305,achaean
45306,bernhard
45307,calypso
45308,clarisse
45309,gefangenen
45310,gellius
45311,malipieri
45312,mosca
45313,packard
45314,philipp
45315,roemern
45316,sonoma
45317,stillwater
45318,bartender
45319,compleat
45320,dessins
45321,detects
45322,erzeugt
45323,griefe
45324,intr
45325,invitingly
45326,miserables
45327,nutshell
45328,poisoner
45329,proboscis
45330,radial
45331,rebelling
45332,rivalling
45333,sabes
45334,sherbet
45335,specialization
45336,tahansa
45337,astley
45338,ayrshire
45339,catalan
45340,conciergerie
45341,cosaques
45342,damer
45343,defarge
45344,garratt
45345,gresley
45346,grossvater
45347,herakles
45348,oktober
45349,rangoon
45350,scala
45351,silber
45352,basso
45353,bedeutend
45354,bleues
45355,cima
45356,classifying
45357,creepy
45358,disabling
45359,drowsing
45360,gored
45361,grottoes
45362,grudges
45363,honeycombed
45364,lijden
45365,noeud
45366,peevishness
45367,pisti
45368,prendrait
45369,retards
45370,seasick
45371,slats
45372,sparring
45373,tapauksessa
45374,terrifies
45375,truncheon
45376,unvarnished
45377,zephyrs
45378,columbian
45379,garnier
45380,nevile
45381,roxana
45382,sixte
45383,wyclif
45384,arrache
45385,authorise
45386,buoys
45387,embrasures
45388,figger
45389,fum
45390,herrliche
45391,herrlichen
45392,impending
45393,joiner
45394,odio
45395,overrate
45396,payed
45397,puc
45398,reaps
45399,ruleth
45400,ruses
45401,scalping
45402,squally
45403,suspendue
45404,thanne
45405,undervalued
45406,unsigned
45407,ammonites
45408,artemisia
45409,bernier
45410,buddhas
45411,hanseatic
45412,healy
45413,kranken
45414,maharajah
45415,meriem
45416,numidians
45417,shakespearean
45418,sovran
45419,standpunkt
45420,afeared
45421,aille
45422,allerede
45423,blase
45424,boaster
45425,brule
45426,corroding
45427,examina
45428,gander
45429,grubbing
45430,hallooing
45431,hundredweight
45432,luj
45433,naiset
45434,natt
45435,oases
45436,outshine
45437,plugs
45438,prance
45439,reestablish
45440,referable
45441,repertory
45442,sawmill
45443,sneeringly
45444,spinsters
45445,adelphi
45446,beaucaire
45447,fawcett
45448,geschenk
45449,purbeck
45450,regardless
45451,warrens
45452,arcs
45453,armoire
45454,barbares
45455,bekennen
45456,broomstick
45457,degres
45458,disgorge
45459,disgusts
45460,exaggerates
45461,fertilize
45462,geworfen
45463,girding
45464,hearn
45465,howitzer
45466,humanely
45467,iti
45468,iyong
45469,jugeait
45470,klaren
45471,lowliness
45472,maer
45473,mouthed
45474,obstreperous
45475,primi
45476,puritanical
45477,quienes
45478,remaine
45479,siitae
45480,tjnare
45481,traduire
45482,undistinguishable
45483,wrings
45484,ayr
45485,beaumanoir
45486,boches
45487,grays
45488,grouchy
45489,kameraden
45490,lamond
45491,palos
45492,pettit
45493,quinola
45494,abbreviations
45495,anny
45496,audacieux
45497,compassing
45498,confidingly
45499,cottonwoods
45500,countrywoman
45501,cranberry
45502,definitively
45503,drippings
45504,drovers
45505,ence
45506,horribles
45507,keeren
45508,lec
45509,phantasmagoria
45510,porpoise
45511,premisses
45512,reciprocate
45513,rowboat
45514,shoddy
45515,tattle
45516,telltale
45517,termina
45518,ticks
45519,vaillant
45520,volets
45521,wayfaring
45522,weirdly
45523,australasia
45524,bashan
45525,eigenschaft
45526,hornby
45527,kraefte
45528,lactantius
45529,lanfranc
45530,lessingham
45531,pomponius
45532,servilius
45533,waldemar
45534,centrale
45535,comported
45536,converses
45537,direkt
45538,dissociated
45539,esteeming
45540,estre
45541,fervency
45542,fromme
45543,furono
45544,gefiel
45545,generalissimo
45546,hastig
45547,heelemaal
45548,hereabout
45549,inflaming
45550,kerchiefs
45551,ointments
45552,pouce
45553,prodigieux
45554,sartin
45555,underwear
45556,voglia
45557,capella
45558,cumnor
45559,damme
45560,fleck
45561,genet
45562,hough
45563,jebel
45564,nanette
45565,paramor
45566,besloten
45567,bespeaks
45568,bunten
45569,centum
45570,convolutions
45571,couronnes
45572,disposable
45573,distempers
45574,enviously
45575,gab
45576,gefragt
45577,mentioning
45578,painoi
45579,periode
45580,pettishly
45581,princeps
45582,quatrieme
45583,redressed
45584,reliques
45585,sedges
45586,sixtieth
45587,slowing
45588,smokeless
45589,unbiassed
45590,versant
45591,vist
45592,benj
45593,clapp
45594,firmin
45595,gissing
45596,hydra
45597,marquette
45598,mitglieder
45599,morumbidgee
45600,salerno
45601,seychelles
45602,shelburne
45603,teilnahme
45604,toro
45605,tupper
45606,wabi
45607,augmenter
45608,backgrounds
45609,besluit
45610,coxswain
45611,desertification
45612,fireflies
45613,garbled
45614,guillotined
45615,hablando
45616,hempen
45617,hominy
45618,jedesmal
45619,porticoes
45620,sinnlichen
45621,tamer
45622,trundled
45623,ungeheure
45624,warres
45625,blume
45626,brugge
45627,brut
45628,dawkins
45629,dominey
45630,handbuch
45631,heigho
45632,lorelei
45633,malcourt
45634,namibia
45635,northumbrian
45636,parisienne
45637,riis
45638,romanus
45639,savoie
45640,tyee
45641,accourut
45642,alpaca
45643,avide
45644,bookes
45645,budded
45646,caskets
45647,coalesce
45648,deadlier
45649,dowdy
45650,gimme
45651,harrowed
45652,holocausts
45653,kasteel
45654,lowliest
45655,naphtha
45656,penguin
45657,repoussa
45658,retenue
45659,sanctimonious
45660,stirrings
45661,trennen
45662,typify
45663,unhorsed
45664,wi
45665,wuth
45666,albertine
45667,bellerophon
45668,chao
45669,chappell
45670,chisholm
45671,escap
45672,hatfield
45673,humber
45674,orso
45675,posey
45676,rhea
45677,savarin
45678,shawnees
45679,avulla
45680,beautifying
45681,besuchte
45682,cartoons
45683,crass
45684,egard
45685,encomienda
45686,fleshless
45687,fourni
45688,geplaatst
45689,hardwood
45690,houten
45691,incommoded
45692,licensing
45693,marquer
45694,milliners
45695,necessitous
45696,nudge
45697,pensif
45698,pointes
45699,rebirth
45700,rol
45701,swindlers
45702,turba
45703,vertrouwen
45704,vouliez
45705,wahrhaftig
45706,weiblichen
45707,wickedest
45708,wyze
45709,attalus
45710,charybdis
45711,euboea
45712,farrington
45713,gog
45714,irkutsk
45715,machin
45716,pasquale
45717,philadelphus
45718,sohnes
45719,boycott
45720,dispersal
45721,generalize
45722,hearten
45723,hemming
45724,increment
45725,organiser
45726,poached
45727,purloined
45728,rakastaa
45729,readjusted
45730,unaffectedly
45731,unexpectedness
45732,utilities
45733,videtur
45734,warts
45735,yam
45736,djidda
45737,guinevere
45738,hamilcar
45739,klage
45740,lenny
45741,margate
45742,scorrier
45743,shantung
45744,sven
45745,tamerlane
45746,weisen
45747,accentuate
45748,airships
45749,boutons
45750,converged
45751,dramatized
45752,ellei
45753,endear
45754,entretenir
45755,flares
45756,gonna
45757,granitic
45758,hexameter
45759,hez
45760,jardinier
45761,lambeaux
45762,letto
45763,neus
45764,pinafore
45765,putt
45766,realidad
45767,tersely
45768,alexandrians
45769,bragadin
45770,henery
45771,ionia
45772,libanus
45773,quirinal
45774,vannes
45775,yorkers
45776,zeitlang
45777,zimmern
45778,coudes
45779,cremation
45780,digger
45781,disputer
45782,eludes
45783,impeding
45784,infini
45785,kuoleman
45786,larches
45787,leichte
45788,logging
45789,mammalia
45790,manipulating
45791,naturalism
45792,ravenously
45793,recibido
45794,subdues
45795,sulked
45796,tahdot
45797,thorow
45798,woodchuck
45799,boethius
45800,chantecler
45801,goodenough
45802,jas
45803,nieuport
45804,pflichten
45805,proclus
45806,roxbury
45807,scham
45808,stuffed
45809,verwaltung
45810,wiener
45811,colonie
45812,conjecturing
45813,eclectic
45814,ephod
45815,flattening
45816,importait
45817,kommst
45818,miens
45819,oozy
45820,petiole
45821,pitfall
45822,plaignait
45823,presences
45824,publickly
45825,ramrod
45826,salesmen
45827,scab
45828,separe
45829,sixties
45830,slackness
45831,tagit
45832,unlooked
45833,unregenerate
45834,venality
45835,wardrobes
45836,bibber
45837,chippewas
45838,czechs
45839,douay
45840,galician
45841,galton
45842,hawkehurst
45843,lochias
45844,loudwater
45845,lowther
45846,maiesties
45847,narren
45848,nicol
45849,rufford
45850,slidell
45851,stoke
45852,tilbury
45853,torbert
45854,aspersions
45855,cameras
45856,chaire
45857,cognisance
45858,contravention
45859,declivities
45860,detractors
45861,differents
45862,dissimilarity
45863,enhances
45864,flick
45865,gadding
45866,gebouw
45867,handcuffed
45868,henchman
45869,hombre
45870,huoli
45871,imminence
45872,infanticide
45873,meinst
45874,newe
45875,occasioning
45876,pitchfork
45877,pontoons
45878,reeks
45879,scullion
45880,somnolent
45881,transgressor
45882,unbend
45883,voortdurend
45884,whittling
45885,andree
45886,baedeker
45887,caryll
45888,faroe
45889,fruen
45890,jurassic
45891,kennon
45892,methuselah
45893,rustum
45894,venezia
45895,behoof
45896,besloot
45897,bisogno
45898,cardiac
45899,cen
45900,fichu
45901,grinder
45902,gullet
45903,kaleidoscope
45904,kastade
45905,kerta
45906,pitches
45907,plur
45908,revolutionnaire
45909,spaced
45910,spelen
45911,stammen
45912,swellings
45913,troupeaux
45914,umbrageous
45915,unterscheidet
45916,alvaro
45917,canalis
45918,elly
45919,gila
45920,gonzalez
45921,hibbert
45922,jared
45923,pawnees
45924,sadducees
45925,seir
45926,wunde
45927,aquarium
45928,ayons
45929,conjugation
45930,counselors
45931,deceits
45932,dossier
45933,engenders
45934,entstand
45935,equine
45936,flagstones
45937,fraiche
45938,freestone
45939,humbleness
45940,inflexibility
45941,modelele
45942,mulattoes
45943,olimme
45944,paese
45945,passai
45946,patte
45947,programming
45948,recollects
45949,reenforcements
45950,registrar
45951,seasonably
45952,sentinelle
45953,settings
45954,singt
45955,tackling
45956,tittered
45957,answ
45958,apelles
45959,batman
45960,bote
45961,botswana
45962,cneius
45963,magd
45964,malayan
45965,massen
45966,merriam
45967,nonconformist
45968,pickett
45969,scand
45970,theologie
45971,adhuc
45972,anda
45973,antiguos
45974,aves
45975,calomnie
45976,cogitations
45977,crashes
45978,critters
45979,crooned
45980,dertig
45981,ernsten
45982,folklore
45983,fournit
45984,habeis
45985,honeycomb
45986,illegality
45987,impoverish
45988,incongruities
45989,inquisitively
45990,internecine
45991,lymph
45992,maelstrom
45993,mummery
45994,nite
45995,parve
45996,presentations
45997,prod
45998,renverser
45999,scharfen
46000,schob
46001,strax
46002,supplementing
46003,vibrates
46004,zond
46005,albinus
46006,ashleigh
46007,barbier
46008,besant
46009,deucalion
46010,engeland
46011,flut
46012,gastfreund
46013,krantz
46014,linforth
46015,lionardo
46016,niccolo
46017,peron
46018,quatermain
46019,roughing
46020,bestrode
46021,bigamy
46022,buste
46023,citrus
46024,credibly
46025,crux
46026,darle
46027,eodem
46028,gritty
46029,hollered
46030,illius
46031,inhoud
46032,logician
46033,manifestation
46034,motes
46035,neighborhoods
46036,perversions
46037,polemic
46038,prescriptive
46039,reelected
46040,ritt
46041,sequestration
46042,signers
46043,tentation
46044,vaincus
46045,candida
46046,claxon
46047,fulvius
46048,hispanic
46049,ofries
46050,orson
46051,poirot
46052,pyecroft
46053,raume
46054,ss
46055,strassburg
46056,brink
46057,casquette
46058,castaway
46059,chameleon
46060,contenance
46061,desirs
46062,donnerais
46063,endings
46064,expences
46065,exposer
46066,fann
46067,filigree
46068,foarte
46069,freudig
46070,gelebt
46071,gnome
46072,guerrillas
46073,hoodwinked
46074,insouciance
46075,lacing
46076,lasta
46077,madhouse
46078,meistens
46079,microcosm
46080,mong
46081,neckties
46082,ostriches
46083,passee
46084,platitude
46085,prattled
46086,presentes
46087,purs
46088,repertoire
46089,scrutinising
46090,shepherdesses
46091,soucis
46092,trencher
46093,trokken
46094,beamten
46095,berenike
46096,bromfield
46097,casterley
46098,crump
46099,riikonen
46100,skene
46101,tappan
46102,verachtung
46103,vereinigung
46104,baritone
46105,berufen
46106,businesse
46107,clench
46108,dabbling
46109,doppelt
46110,gashes
46111,grill
46112,hardiesse
46113,howlings
46114,imaged
46115,invocations
46116,maidservant
46117,monstres
46118,nieve
46119,nowt
46120,oversee
46121,passably
46122,reimburse
46123,repeaters
46124,stuttered
46125,supposititious
46126,tapahtui
46127,tolerating
46128,visiblement
46129,warmen
46130,alberoni
46131,buben
46132,capitoline
46133,coventry
46134,forderungen
46135,ibarra
46136,josua
46137,laverick
46138,saintsbury
46139,tragoedie
46140,wilmet
46141,zeugen
46142,ande
46143,bildete
46144,borderland
46145,ceder
46146,chokes
46147,compacts
46148,cranky
46149,cravats
46150,dwarfish
46151,glazing
46152,gxin
46153,implored
46154,innen
46155,insufferably
46156,leavened
46157,loneliest
46158,looting
46159,manga
46160,mannered
46161,marl
46162,misapplied
46163,negatived
46164,nonplussed
46165,oleva
46166,philologist
46167,polarity
46168,sheweth
46169,sixes
46170,triumvirate
46171,uninstructed
46172,valuing
46173,vriendelijk
46174,coulson
46175,donaldson
46176,erick
46177,gregers
46178,gerry
46179,gianluca
46180,idylls
46181,jewett
46182,lyddell
46183,rassam
46184,schweiz
46185,stufe
46186,tartarus
46187,thalassa
46188,vinitius
46189,zutphen
46190,accelerating
46191,apua
46192,armpits
46193,bagpipes
46194,barkeeper
46195,clays
46196,daca
46197,despairs
46198,fache
46199,forties
46200,gelyk
46201,gendre
46202,gratings
46203,hanker
46204,hann
46205,installments
46206,interrogations
46207,lagt
46208,leal
46209,masa
46210,monstrueux
46211,opossum
46212,penible
46213,reconstructing
46214,reverberations
46215,saisie
46216,salty
46217,schliesslich
46218,speranza
46219,teems
46220,toisensa
46221,transferable
46222,unannounced
46223,vaines
46224,weeded
46225,aisne
46226,bonsoir
46227,lilith
46228,nab
46229,rance
46230,thessalian
46231,timaeus
46232,whitaker
46233,arrear
46234,classifications
46235,dankbar
46236,dressait
46237,druk
46238,essentiellement
46239,excrescence
46240,giraffe
46241,heerlijk
46242,incarceration
46243,infers
46244,kauas
46245,mauled
46246,percentages
46247,pourrons
46248,premonitory
46249,shoutings
46250,uninhabitable
46251,vying
46252,acadian
46253,belfield
46254,cissie
46255,douai
46256,lutchester
46257,parmesan
46258,rel
46259,schulmeister
46260,seufzer
46261,spaine
46262,stanislas
46263,tulkinghorn
46264,appraise
46265,bedeuten
46266,blasphemer
46267,brochure
46268,casus
46269,comercio
46270,cores
46271,deductive
46272,expended
46273,genio
46274,hautement
46275,hoechst
46276,hushed
46277,hyar
46278,jeudi
46279,mignonne
46280,muslins
46281,proffers
46282,radic
46283,reconnue
46284,retailed
46285,runes
46286,skillet
46287,somersault
46288,anstey
46289,brendon
46290,clary
46291,cleomenes
46292,gawein
46293,intelligencer
46294,leda
46295,molina
46296,shawnee
46297,tredgold
46298,truman
46299,vorhang
46300,brisa
46301,churchyards
46302,ees
46303,eked
46304,embroidering
46305,frothing
46306,gladder
46307,gluttonous
46308,liebsten
46309,madera
46310,maigres
46311,merino
46312,mucus
46313,natur
46314,nipple
46315,peanut
46316,rendirent
46317,sandstones
46318,shined
46319,singuliere
46320,sonatas
46321,upbringing
46322,cogia
46323,couthon
46324,espagnols
46325,gackeleia
46326,moxon
46327,plessis
46328,scores
46329,allo
46330,ambrosia
46331,apprehends
46332,barmaid
46333,beseems
46334,beteekenis
46335,brauche
46336,cachette
46337,charmants
46338,coiffe
46339,cottons
46340,crupper
46341,dalles
46342,flip
46343,insulating
46344,ironclad
46345,likeliest
46346,lutes
46347,marke
46348,misgovernment
46349,pooty
46350,reussi
46351,scoffer
46352,secourir
46353,slaan
46354,sots
46355,terras
46356,tong
46357,trajet
46358,ure
46359,vecinos
46360,volontairement
46361,wou
46362,zoolang
46363,beauclerk
46364,begleiter
46365,charlemont
46366,congressmen
46367,dudley
46368,dunning
46369,socrate
46370,wedgwood
46371,wheaton
46372,behalve
46373,controvert
46374,crieth
46375,deuxieme
46376,disorganization
46377,entereth
46378,esquires
46379,felicities
46380,havas
46381,hvilka
46382,imperturbably
46383,incivility
46384,luonto
46385,malos
46386,milkman
46387,noun
46388,nuncio
46389,pflegen
46390,pigments
46391,repays
46392,shires
46393,sower
46394,toothpick
46395,bradmere
46396,belges
46397,frey
46398,gemeinschaft
46399,jun
46400,maglena
46401,rory
46402,alchemist
46403,assiette
46404,bureaucratic
46405,causality
46406,chicanery
46407,connive
46408,desideratum
46409,domus
46410,gemeint
46411,goodwife
46412,ineffably
46413,ioy
46414,marring
46415,mizzen
46416,ohi
46417,pourrions
46418,quixotic
46419,reiterating
46420,sanglant
46421,segno
46422,subserviency
46423,suggestiveness
46424,terrorism
46425,topical
46426,verbiage
46427,vetoed
46428,wagers
46429,wuss
46430,altamont
46431,cathelineau
46432,challenger
46433,cybele
46434,donde
46435,eigentum
46436,ethie
46437,iph
46438,klondike
46439,nathanael
46440,quelus
46441,rushworth
46442,schwelle
46443,batiment
46444,bookshelves
46445,conch
46446,encomenderos
46447,extremo
46448,freundlichen
46449,hummock
46450,inshore
46451,madest
46452,meres
46453,mew
46454,mijner
46455,nube
46456,osl
46457,outgrow
46458,recant
46459,reunis
46460,ruht
46461,sentidos
46462,skeered
46463,sonnette
46464,steigen
46465,tallied
46466,ching
46467,combray
46468,egipto
46469,holyrood
46470,kilpatrick
46471,kitts
46472,malines
46473,marcy
46474,masham
46475,spragg
46476,streatham
46477,castellated
46478,corned
46479,dissipations
46480,dolore
46481,fasste
46482,glares
46483,gouverner
46484,halyards
46485,immanent
46486,jefe
46487,likings
46488,monocle
46489,nacion
46490,physiques
46491,precis
46492,propulsion
46493,repay
46494,saattanut
46495,shoeing
46496,squibs
46497,starling
46498,strifes
46499,undemonstrative
46500,unravelling
46501,waltzed
46502,alexandrine
46503,arrowhead
46504,clawbonny
46505,combe
46506,gilchrist
46507,lamanites
46508,maddalena
46509,paoli
46510,russel
46511,theron
46512,titianus
46513,wagram
46514,acidity
46515,bereikt
46516,denominate
46517,duffer
46518,formalism
46519,gebt
46520,impressible
46521,mijlen
46522,modelul
46523,naufrage
46524,penurious
46525,prachtig
46526,representant
46527,saut
46528,secreto
46529,souffler
46530,soulevait
46531,stedfast
46532,tur
46533,unambitious
46534,unfelt
46535,ushering
46536,voudras
46537,ardea
46538,barnave
46539,encyc
46540,fourgeoud
46541,genlis
46542,konge
46543,maschine
46544,mccoy
46545,meccah
46546,naw
46547,shakespearian
46548,tardif
46549,vesey
46550,appertains
46551,bietet
46552,breeders
46553,burro
46554,concupiscence
46555,deliuered
46556,errs
46557,erschrocken
46558,etudes
46559,furie
46560,gezag
46561,harmonizing
46562,hums
46563,jiffy
46564,lud
46565,mainstay
46566,quips
46567,rapprochement
46568,severall
46569,slaving
46570,teepee
46571,uprose
46572,wartete
46573,adonais
46574,aristotelian
46575,bowdoin
46576,clorinda
46577,cracow
46578,harkaway
46579,malawi
46580,marjory
46581,zosimus
46582,abstrakte
46583,alighted
46584,batalla
46585,catarrh
46586,cognomen
46587,collo
46588,delving
46589,dinghy
46590,disturbers
46591,evenement
46592,findes
46593,garnie
46594,goodliest
46595,inbred
46596,incoherence
46597,incubation
46598,initiating
46599,likest
46600,lugares
46601,magie
46602,mastership
46603,mouche
46604,mullet
46605,mynen
46606,owd
46607,portended
46608,recreate
46609,strivings
46610,suffire
46611,trafficking
46612,trills
46613,apollodorus
46614,cowes
46615,frascati
46616,gleichheit
46617,guildford
46618,jdt
46619,marcian
46620,mccormick
46621,omega
46622,royson
46623,shucks
46624,skeat
46625,umgang
46626,voss
46627,anthropomorphic
46628,belge
46629,biplane
46630,bleared
46631,coveting
46632,crocus
46633,decapitated
46634,frowsy
46635,geschehn
46636,intellectuelle
46637,mors
46638,nationaux
46639,nonentity
46640,paean
46641,parterres
46642,plaisant
46643,realitatea
46644,regulator
46645,sapere
46646,schaduw
46647,scholde
46648,seventieth
46649,showery
46650,sonnes
46651,spindles
46652,treadmill
46653,warningly
46654,wrongful
46655,alexei
46656,colley
46657,emlyn
46658,gregorian
46659,lory
46660,overton
46661,schwierigkeiten
46662,sechard
46663,tarkas
46664,arranger
46665,caldo
46666,courtyards
46667,cuerpos
46668,encamping
46669,fascinates
46670,forlornly
46671,fruitage
46672,heartbreaking
46673,inclosures
46674,kinda
46675,lachten
46676,materialized
46677,medico
46678,pedigrees
46679,prairial
46680,projector
46681,projectors
46682,traine
46683,unmusical
46684,upheaved
46685,winnowing
46686,aina
46687,benedetta
46688,centaur
46689,cliffe
46690,croats
46691,darwinism
46692,eck
46693,festing
46694,gewand
46695,granet
46696,hanbury
46697,medicean
46698,nicole
46699,pharsalia
46700,rwanda
46701,suleiman
46702,winged
46703,aftre
46704,aole
46705,battlemented
46706,bridesmaid
46707,carbuncle
46708,citta
46709,competed
46710,doctoring
46711,duisternis
46712,fetus
46713,fops
46714,gulping
46715,indelicacy
46716,innerlich
46717,leavings
46718,loca
46719,mink
46720,mismas
46721,monitors
46722,myrmidons
46723,onhan
46724,parentheses
46725,pointless
46726,prearranged
46727,scions
46728,stuttering
46729,superficies
46730,tenais
46731,trouser
46732,tulta
46733,varones
46734,winch
46735,woodcraft
46736,zahlen
46737,adige
46738,bartle
46739,brehgert
46740,emmet
46741,eurem
46742,kittredge
46743,landry
46744,mahratta
46745,martino
46746,natty
46747,noie
46748,paredes
46749,slovakia
46750,talma
46751,tuttle
46752,virgile
46753,wilna
46754,attainted
46755,chaudes
46756,consecrating
46757,delinquencies
46758,feelers
46759,forbi
46760,goo
46761,koennt
46762,lehren
46763,maturely
46764,measurably
46765,newsboy
46766,noches
46767,outworks
46768,panics
46769,planting
46770,quinces
46771,rearward
46772,spruces
46773,theocracy
46774,andromache
46775,barstow
46776,barth
46777,breckinridge
46778,carnarvon
46779,erinnerungen
46780,erregung
46781,fett
46782,florus
46783,goring
46784,harriett
46785,holcombe
46786,lithuanian
46787,monro
46788,napoleons
46789,newbern
46790,steinen
46791,vandeloup
46792,zadok
46793,adieus
46794,barba
46795,barco
46796,compeers
46797,consejo
46798,elbowing
46799,environments
46800,fifths
46801,freuen
46802,gazon
46803,hairless
46804,hideux
46805,hurdle
46806,impeccable
46807,inconclusive
46808,kauvan
46809,kirtle
46810,nga
46811,obstante
46812,potentiality
46813,reales
46814,scrupule
46815,vaart
46816,waxy
46817,adirondacks
46818,annas
46819,concini
46820,ecce
46821,hine
46822,huon
46823,mahdi
46824,marschall
46825,ottilia
46826,procopius
46827,sypher
46828,vikings
46829,werth
46830,accosting
46831,coppery
46832,cowslips
46833,dressmakers
46834,entdecken
46835,febrile
46836,ferociously
46837,harmonise
46838,hollyhocks
46839,insinuates
46840,lyes
46841,mesquite
46842,mortall
46843,oppervlakte
46844,preposterously
46845,quisque
46846,rahaa
46847,reinforcing
46848,revu
46849,shoare
46850,smaak
46851,stolidity
46852,systematized
46853,thilke
46854,tresor
46855,uncorrupted
46856,unregarded
46857,unuttered
46858,vitamine
46859,wachtte
46860,wirkt
46861,yeeld
46862,amboise
46863,gomorrah
46864,halles
46865,niinkuin
46866,northerners
46867,palmas
46868,shiela
46869,starner
46870,yerba
46871,avocation
46872,bedeutende
46873,confection
46874,constabulary
46875,cuarenta
46876,customarily
46877,delineations
46878,expatiating
46879,fingo
46880,harboring
46881,heben
46882,juggle
46883,kindliest
46884,litanies
46885,luncheons
46886,myrtles
46887,quieres
46888,ribaldry
46889,swishing
46890,unpatriotic
46891,unroll
46892,unsparingly
46893,veine
46894,whatsoeuer
46895,abt
46896,archias
46897,bridgenorth
46898,carthagena
46899,markland
46900,meyerbeer
46901,solander
46902,tusc
46903,behooved
46904,besmeared
46905,bowlders
46906,couchait
46907,cowslip
46908,criaient
46909,crudity
46910,dik
46911,disunited
46912,dockyard
46913,exprime
46914,fatherhood
46915,horticultural
46916,impi
46917,kysymys
46918,llega
46919,metaphysicians
46920,neophyte
46921,obsequiously
46922,oubliant
46923,palmetto
46924,refracted
46925,rege
46926,streken
46927,strophe
46928,sublimated
46929,swearing
46930,unaccented
46931,uskon
46932,vernahm
46933,versetzt
46934,blasco
46935,bock
46936,gervais
46937,herrin
46938,larsen
46939,lorrequer
46940,neilson
46941,roderic
46942,adjectively
46943,animum
46944,apparente
46945,ardents
46946,bewoners
46947,blesser
46948,bulkhead
46949,carabine
46950,dabble
46951,densest
46952,deteriorate
46953,durs
46954,enchanters
46955,froids
46956,joueur
46957,laconically
46958,mos
46959,participant
46960,piques
46961,ponderously
46962,semen
46963,stoel
46964,zzzzz
46965,amalekites
46966,carden
46967,cowles
46968,euthymia
46969,howdy
46970,ingate
46971,ofen
46972,petros
46973,regan
46974,rockland
46975,roscommon
46976,russen
46977,topeka
46978,begegnete
46979,calcined
46980,capitalistic
46981,clack
46982,decian
46983,destrier
46984,devinait
46985,eigener
46986,flor
46987,foreshadowing
46988,grocers
46989,huntress
46990,javais
46991,kiam
46992,kleinste
46993,maat
46994,schoensten
46995,schouders
46996,selve
46997,squirm
46998,vant
46999,wapenen
47000,dervishes
47001,gelderland
47002,glegg
47003,holston
47004,permian
47005,polwarth
47006,rauch
47007,rufe
47008,tommaso
47009,aileth
47010,aquing
47011,awareness
47012,bequem
47013,cellulose
47014,centimeters
47015,complaining
47016,daneben
47017,dazzles
47018,desta
47019,emigrating
47020,empereur
47021,famines
47022,fumer
47023,geringen
47024,hablado
47025,homilies
47026,intermarriage
47027,komst
47028,mimosa
47029,murmurant
47030,mutability
47031,osannut
47032,peacemaker
47033,quotas
47034,remedio
47035,scamps
47036,shoreward
47037,sobering
47038,stoutness
47039,suffereth
47040,surintendant
47041,tulleet
47042,tuonne
47043,twinges
47044,twittered
47045,unhindered
47046,venuto
47047,woodshed
47048,achitophel
47049,adister
47050,buddhistic
47051,casterbridge
47052,jensen
47053,makololo
47054,nila
47055,smythe
47056,stockmann
47057,abetting
47058,ag
47059,asthmatic
47060,blocs
47061,blowpipe
47062,earthwork
47063,foment
47064,galeries
47065,humano
47066,illiteracy
47067,inconvenienced
47068,inserts
47069,institutional
47070,intriguers
47071,juntos
47072,kalten
47073,katsoa
47074,koettaa
47075,middag
47076,monosyllabic
47077,portieres
47078,poussaient
47079,prompte
47080,raukka
47081,reticule
47082,romancer
47083,romantically
47084,selben
47085,shalbe
47086,thrived
47087,triad
47088,venit
47089,balin
47090,benicia
47091,bressant
47092,kathryn
47093,nato
47094,roumanian
47095,stearns
47096,studium
47097,upani
47098,anzunehmen
47099,brigandage
47100,cabine
47101,dizaine
47102,funded
47103,havian
47104,indemnified
47105,penetre
47106,profanely
47107,proneness
47108,punition
47109,redoute
47110,rhapsodies
47111,ruim
47112,sappers
47113,sinistres
47114,tuum
47115,unburden
47116,vergeblich
47117,visst
47118,waarbij
47119,wheezy
47120,birney
47121,bowser
47122,cyclopaedia
47123,geschaeft
47124,guam
47125,lomax
47126,rymer
47127,schreiber
47128,wapping
47129,blustered
47130,carreau
47131,combinaisons
47132,constipation
47133,coquetting
47134,decamped
47135,discountenanced
47136,distorting
47137,eprouve
47138,fonction
47139,freshwater
47140,glissait
47141,goin
47142,incurs
47143,minaret
47144,portrays
47145,quaedam
47146,riensi
47147,sedimentary
47148,sotte
47149,sourcil
47150,supernaturally
47151,zoete
47152,alcestis
47153,assheton
47154,colenso
47155,foker
47156,meaulnes
47157,milde
47158,nauvoo
47159,parkinson
47160,taten
47161,ulysses
47162,aking
47163,bravos
47164,crisped
47165,cuantos
47166,davor
47167,drehte
47168,familias
47169,findest
47170,flounced
47171,horseflesh
47172,joyance
47173,kleinere
47174,nitre
47175,profeta
47176,quinzaine
47177,subtraction
47178,suu
47179,taffrail
47180,tensely
47181,uudestaan
47182,verschiedener
47183,wahrhaft
47184,wunderbar
47185,abbeville
47186,ashwell
47187,bobadilla
47188,confucian
47189,errol
47190,herodias
47191,hinsicht
47192,iberian
47193,koenige
47194,lix
47195,loti
47196,meeson
47197,ottawas
47198,remusat
47199,venedig
47200,verschiedenheit
47201,analogues
47202,bladeren
47203,campfire
47204,clerc
47205,conjuration
47206,consonance
47207,conta
47208,debar
47209,fouled
47210,gespielt
47211,ido
47212,inadvertence
47213,kreet
47214,misprint
47215,modem
47216,opp
47217,periwig
47218,redundancy
47219,revolte
47220,sors
47221,tegenwoordigheid
47222,tricolor
47223,ves
47224,viceroys
47225,wildcat
47226,bentinck
47227,coptic
47228,culch
47229,easterfield
47230,edin
47231,geschick
47232,gesellen
47233,leiter
47234,macassar
47235,whitehead
47236,anniversaries
47237,auttaa
47238,bienfaits
47239,blijde
47240,disarmament
47241,domo
47242,doubloons
47243,rfr
47244,excrescences
47245,flagrantly
47246,flere
47247,huwelijk
47248,isolating
47249,jocosely
47250,lightens
47251,oliko
47252,paralyse
47253,preys
47254,purports
47255,reborn
47256,slops
47257,sophomore
47258,spurning
47259,toisin
47260,transpire
47261,tulevan
47262,whipt
47263,addie
47264,andenken
47265,berlioz
47266,beule
47267,gaskell
47268,hereat
47269,industrie
47270,knollys
47271,locksley
47272,parsee
47273,spottsylvania
47274,stadtholder
47275,thekla
47276,abjuration
47277,aeronaut
47278,amplification
47279,bagage
47280,balustrades
47281,bieten
47282,bijou
47283,cartas
47284,courants
47285,criteria
47286,cruelles
47287,datt
47288,deadness
47289,echar
47290,fuoco
47291,germination
47292,glissant
47293,hathe
47294,heitti
47295,impulsiveness
47296,lymphatic
47297,masquerades
47298,moveless
47299,octaves
47300,partizans
47301,quais
47302,repassing
47303,solde
47304,sophistries
47305,spesso
47306,tabulated
47307,undersized
47308,verwundert
47309,ambrosio
47310,berkley
47311,bezeichnung
47312,curdie
47313,heu
47314,konsul
47315,kramer
47316,naaman
47317,nebsecht
47318,oviedo
47319,scantlebury
47320,sartor
47321,verhalten
47322,whitelaw
47323,artillerie
47324,connues
47325,disseminate
47326,entertainers
47327,entreprises
47328,forderte
47329,fuzzy
47330,glorieuse
47331,gronde
47332,indentation
47333,kanyang
47334,pennyworth
47335,piste
47336,quadrangular
47337,reviendra
47338,saine
47339,silmin
47340,simplification
47341,soudaine
47342,stratification
47343,trumpeting
47344,viri
47345,weren
47346,worldwide
47347,zebra
47348,anubis
47349,ararat
47350,dedalus
47351,diomede
47352,frothingham
47353,menenius
47354,pitris
47355,torrens
47356,anime
47357,banyan
47358,boutiques
47359,calculs
47360,devions
47361,ejection
47362,emendations
47363,gerettet
47364,henchmen
47365,inaudibly
47366,legende
47367,liegenden
47368,misanthrope
47369,parente
47370,proposait
47371,rasp
47372,roulement
47373,sayst
47374,schoolmen
47375,sese
47376,siglos
47377,sittlichen
47378,suzerain
47379,transepts
47380,victoires
47381,wearers
47382,boo
47383,chloris
47384,harvard
47385,lviii
47386,malesherbes
47387,moira
47388,phellion
47389,renald
47390,wotan
47391,armis
47392,asiat
47393,bague
47394,contrariwise
47395,coordinate
47396,damnably
47397,desertions
47398,directeurs
47399,enslavement
47400,estrange
47401,etoiles
47402,flicking
47403,horticulture
47404,incarnations
47405,jolliest
47406,knowes
47407,leanness
47408,moralize
47409,posies
47410,prendra
47411,prese
47412,rale
47413,retrieving
47414,tenderfoot
47415,timing
47416,volse
47417,dolabella
47418,electress
47419,grenadines
47420,halm
47421,mouy
47422,nuova
47423,paria
47424,spuren
47425,tammas
47426,thursdays
47427,vallon
47428,verein
47429,altos
47430,characterizing
47431,commas
47432,correspondences
47433,corroded
47434,ensam
47435,foetus
47436,gansch
47437,gins
47438,illumines
47439,liefen
47440,medallions
47441,obsequiousness
47442,quiz
47443,recevant
47444,soeben
47445,souris
47446,troll
47447,voldoende
47448,woodcut
47449,wrappers
47450,abbie
47451,aurilly
47452,castello
47453,fauchery
47454,galeazzo
47455,hei
47456,lilias
47457,mcteague
47458,muffat
47459,piet
47460,pliocene
47461,silenus
47462,underhill
47463,wilts
47464,zikali
47465,bucking
47466,ceste
47467,condamnation
47468,convicted
47469,crever
47470,curios
47471,cuyos
47472,disparaissait
47473,dowered
47474,frischen
47475,hike
47476,hurlements
47477,importer
47478,ions
47479,istumaan
47480,jokingly
47481,landsman
47482,parodies
47483,puoleen
47484,sceptres
47485,soirees
47486,souhaiter
47487,soumise
47488,unravelled
47489,versos
47490,vigne
47491,violon
47492,vult
47493,beebe
47494,glied
47495,hornet
47496,iranian
47497,marquesas
47498,porteous
47499,savoyard
47500,bloodstained
47501,briskness
47502,decouverte
47503,descendent
47504,devra
47505,hoere
47506,lezer
47507,nahen
47508,nefs
47509,outpourings
47510,particles
47511,quandary
47512,rakkauden
47513,rearrange
47514,sillae
47515,smal
47516,unhandsome
47517,unstudied
47518,wichtig
47519,beruf
47520,carnatic
47521,coburg
47522,coe
47523,deutschlands
47524,folkestone
47525,higgs
47526,ivo
47527,ramiro
47528,selingman
47529,sharrkan
47530,shenstone
47531,sirens
47532,accueilli
47533,assessors
47534,bekannte
47535,cincuenta
47536,daintiness
47537,daringly
47538,detonation
47539,ethnological
47540,fractious
47541,ganzer
47542,gekannt
47543,incestuous
47544,leeks
47545,lilt
47546,mortes
47547,perfide
47548,ploughshare
47549,polka
47550,renting
47551,reverences
47552,roosting
47553,sexuality
47554,storeys
47555,suds
47556,thumps
47557,umacr
47558,ungratefully
47559,achaia
47560,allatoona
47561,candide
47562,fulham
47563,helmer
47564,hillsborough
47565,keppel
47566,merrifield
47567,pacheco
47568,reichs
47569,residenz
47570,ulf
47571,auguries
47572,blossen
47573,dooms
47574,ecstatically
47575,electrodes
47576,enroll
47577,faste
47578,fusing
47579,glebe
47580,heroical
47581,kaikille
47582,nosed
47583,prueba
47584,relapses
47585,repasts
47586,resterait
47587,scintillating
47588,tailleur
47589,trilling
47590,befriedigung
47591,blifil
47592,christo
47593,erzaehlung
47594,heathcliff
47595,krysanteus
47596,lowth
47597,mordred
47598,narragansett
47599,ochiltree
47600,posten
47601,shakers
47602,willems
47603,arrogate
47604,bittern
47605,buik
47606,cloaths
47607,corsets
47608,counselling
47609,curfew
47610,doore
47611,eviter
47612,faileth
47613,gleichwohl
47614,gronda
47615,hires
47616,inspirait
47617,laudatory
47618,moribund
47619,prieres
47620,prodigieuse
47621,rekindle
47622,remanded
47623,skulk
47624,soules
47625,sourly
47626,tenour
47627,triviality
47628,virtute
47629,whittled
47630,aida
47631,astarte
47632,bernal
47633,bilde
47634,bricolin
47635,chebe
47636,meyrick
47637,mhor
47638,morone
47639,mulvaney
47640,pcb
47641,ramusio
47642,unterricht
47643,vd
47644,waite
47645,acest
47646,afterglow
47647,aisy
47648,aparte
47649,carping
47650,confirmatory
47651,cumber
47652,damas
47653,disingenuous
47654,enriches
47655,fertilisation
47656,fritters
47657,hojas
47658,momma
47659,perdant
47660,perdues
47661,perle
47662,piazzas
47663,primogeniture
47664,proceedeth
47665,searcher
47666,uncooked
47667,upstream
47668,wichtige
47669,admetus
47670,balak
47671,elec
47672,gabriele
47673,kublai
47674,ladie
47675,lippincott
47676,marck
47677,rosenblatt
47678,scudamore
47679,sicilians
47680,staedte
47681,suriname
47682,urteile
47683,valentinois
47684,yaqui
47685,yeats
47686,baronetcy
47687,contrainte
47688,correr
47689,freights
47690,intoned
47691,laissons
47692,lexicon
47693,ministere
47694,ovaries
47695,painfulness
47696,pipers
47697,recal
47698,remedying
47699,rispose
47700,shrinkage
47701,shrubby
47702,sinae
47703,tyro
47704,violettes
47705,viscous
47706,wrangled
47707,alexandrie
47708,bub
47709,chippendale
47710,episcopalians
47711,fortnightly
47712,hathor
47713,helios
47714,maslova
47715,montebello
47716,pinzon
47717,sokrates
47718,thracians
47719,abus
47720,alleviating
47721,amena
47722,contar
47723,coupons
47724,cujus
47725,dewdrops
47726,erkennt
47727,esl
47728,gevoelen
47729,gibbering
47730,innuendo
47731,invalided
47732,locale
47733,manacles
47734,outhouses
47735,overhangs
47736,petioles
47737,poules
47738,reck
47739,rounder
47740,sallying
47741,sanctifying
47742,secreting
47743,signa
47744,sistema
47745,sneeuw
47746,solus
47747,sterilized
47748,taxpayers
47749,untruthful
47750,caversham
47751,dach
47752,daughtry
47753,doddridge
47754,garonne
47755,mcbride
47756,rahmen
47757,romanes
47758,swaziland
47759,timson
47760,wollaston
47761,betokens
47762,bosques
47763,cattleman
47764,conflagrations
47765,crusading
47766,curacy
47767,enwrapped
47768,evilly
47769,gizzard
47770,gleichgueltig
47771,gloomiest
47772,haggling
47773,interregnum
47774,kisse
47775,nullo
47776,paljo
47777,parrain
47778,reefed
47779,remontant
47780,rotundity
47781,siehe
47782,slenderness
47783,strychnine
47784,thot
47785,tolde
47786,turbot
47787,turpitude
47788,unchaste
47789,visch
47790,zeigten
47791,angriff
47792,brahmanic
47793,bridewell
47794,dakotas
47795,deccan
47796,eca
47797,entsetzen
47798,fonseca
47799,heathcote
47800,homoeopathy
47801,hovey
47802,ichabod
47803,jourdain
47804,josserand
47805,kama
47806,lodi
47807,marigny
47808,montenero
47809,nachmittag
47810,pio
47811,wargrave
47812,yep
47813,bereiken
47814,besetzt
47815,bruited
47816,busier
47817,carbolic
47818,coupes
47819,cruellest
47820,exista
47821,figment
47822,flushes
47823,garantie
47824,gluten
47825,gozo
47826,homicidal
47827,inconsequential
47828,mher
47829,mildewed
47830,oilcloth
47831,parlais
47832,pyrites
47833,roome
47834,sak
47835,sibilant
47836,skeptic
47837,snowball
47838,unwounded
47839,aremberg
47840,broussel
47841,deroulede
47842,emmett
47843,espanola
47844,espinosa
47845,etzel
47846,eveena
47847,furioso
47848,keziah
47849,morison
47850,narvaez
47851,schulze
47852,shure
47853,tamara
47854,unendliche
47855,almshouse
47856,arbete
47857,bartering
47858,cherchez
47859,demonstrated
47860,ehrlich
47861,endormie
47862,fifes
47863,franchit
47864,gazelles
47865,grises
47866,hiermit
47867,incontestably
47868,indices
47869,moonbeam
47870,moquer
47871,murmures
47872,nuisances
47873,objector
47874,paraissant
47875,puer
47876,rhododendron
47877,schedules
47878,slanderer
47879,souterrain
47880,stadig
47881,tombeaux
47882,waistband
47883,ahaz
47884,alcinous
47885,balty
47886,cressy
47887,diomedes
47888,domesday
47889,frith
47890,hawkes
47891,hengist
47892,jehoiakim
47893,levison
47894,michu
47895,mocha
47896,turke
47897,descant
47898,dirtiest
47899,dabord
47900,fatti
47901,gules
47902,hangar
47903,hotbed
47904,individuelle
47905,inutility
47906,ipsius
47907,jouissances
47908,knaw
47909,nevens
47910,obliteration
47911,polyglot
47912,publier
47913,quelling
47914,relacion
47915,rightness
47916,ruggedness
47917,separations
47918,skylark
47919,suivantes
47920,tramway
47921,unreason
47922,wavelets
47923,baskerville
47924,beobachtung
47925,clowes
47926,dennant
47927,edmonstone
47928,gallo
47929,glou
47930,gourville
47931,hallelujah
47932,hammersmith
47933,hanne
47934,heatherbloom
47935,homais
47936,izaak
47937,lx
47938,leaguers
47939,mesozoic
47940,millard
47941,minto
47942,preciosa
47943,royce
47944,sarum
47945,saturnalia
47946,syst
47947,turold
47948,alrededor
47949,arrondissement
47950,bunt
47951,collet
47952,copyrights
47953,croupe
47954,debit
47955,disfranchised
47956,drinnen
47957,energie
47958,furore
47959,gratifies
47960,intill
47961,laua
47962,leveling
47963,receiue
47964,schwerlich
47965,stessa
47966,tenne
47967,twanging
47968,vallies
47969,vestment
47970,voluto
47971,wiv
47972,wofully
47973,arleigh
47974,brueder
47975,burundi
47976,donegal
47977,eastman
47978,eile
47979,krause
47980,pescara
47981,rees
47982,schurz
47983,serafina
47984,warwicke
47985,welnu
47986,ateliers
47987,brutale
47988,buccaneer
47989,caricatured
47990,casserole
47991,consigning
47992,controul
47993,corporis
47994,dicendo
47995,entfernte
47996,fauour
47997,golly
47998,initiatory
47999,interessante
48000,ironie
48001,itki
48002,jeugd
48003,kello
48004,observa
48005,plonge
48006,priant
48007,refulgent
48008,respeto
48009,songes
48010,stupidest
48011,supplements
48012,suuria
48013,tremens
48014,trestles
48015,uproot
48016,vociferously
48017,volken
48018,washings
48019,willfully
48020,abreise
48021,angelico
48022,asta
48023,banning
48024,bettie
48025,delphic
48026,ellerey
48027,fassung
48028,fulke
48029,hartmut
48030,holcroft
48031,hollingsworth
48032,keeler
48033,rothsay
48034,schlange
48035,sep
48036,stackpole
48037,vell
48038,yussuf
48039,zack
48040,acreage
48041,blifvit
48042,citadels
48043,corslet
48044,disbursed
48045,discountenance
48046,equidistant
48047,esille
48048,giu
48049,gueux
48050,havens
48051,inconveniently
48052,infusing
48053,linnen
48054,mobbed
48055,pijn
48056,poissa
48057,promettant
48058,pronouncement
48059,sentimentalists
48060,shoulde
48061,suavely
48062,timepiece
48063,tinkering
48064,valse
48065,woede
48066,bassano
48067,borgo
48068,cambon
48069,civita
48070,empedocles
48071,ettrick
48072,galle
48073,heman
48074,jutland
48075,langeais
48076,loder
48077,prissy
48078,shane
48079,triphon
48080,uhlans
48081,verlauf
48082,westerling
48083,aanzien
48084,bezeichnen
48085,byre
48086,calumniate
48087,closure
48088,crippling
48089,dreimal
48090,faciunt
48091,famoso
48092,fugue
48093,glimlach
48094,groesste
48095,harshest
48096,jockeys
48097,klagen
48098,lebhaften
48099,nopeasti
48100,obscurities
48101,paysanne
48102,peser
48103,pontificate
48104,pourpoint
48105,recibir
48106,respectueusement
48107,siennes
48108,sluggishness
48109,soberness
48110,superseding
48111,trotzdem
48112,varsin
48113,veau
48114,wittiest
48115,americana
48116,bevisham
48117,buntingford
48118,cana
48119,chamillart
48120,charette
48121,cyrus
48122,gefolge
48123,gouache
48124,habsburg
48125,hoved
48126,lassalle
48127,limousin
48128,mahomedans
48129,margit
48130,oau
48131,parisiens
48132,riel
48133,schulden
48134,vorwurf
48135,advisedly
48136,aile
48137,beziehen
48138,brechen
48139,breite
48140,castellan
48141,changeant
48142,conjuror
48143,crinkled
48144,darnach
48145,fancifully
48146,fia
48147,geschaffen
48148,huutaa
48149,jusquau
48150,maces
48151,nader
48152,naebody
48153,noncommissioned
48154,overestimate
48155,paines
48156,parlours
48157,pensent
48158,polling
48159,postulates
48160,powerlessness
48161,promulgate
48162,radieux
48163,rescuers
48164,rioted
48165,slop
48166,unforgotten
48167,bucky
48168,carfax
48169,celsus
48170,enrique
48171,hofer
48172,karin
48173,liechtenstein
48174,lubbock
48175,melun
48176,rec
48177,tilton
48178,waitz
48179,actif
48180,admonitory
48181,appelant
48182,bataie
48183,baulked
48184,cackled
48185,castaways
48186,dyd
48187,echappe
48188,einziger
48189,footmarks
48190,gebogen
48191,grenades
48192,housemaids
48193,inteligencia
48194,interloper
48195,istuivat
48196,ocasion
48197,pariah
48198,profita
48199,similarities
48200,tanzen
48201,thews
48202,traitement
48203,transgressing
48204,unimpeded
48205,wichtigen
48206,achaians
48207,basset
48208,bosio
48209,bosworth
48210,flur
48211,hathaway
48212,kindheit
48213,lemminkainen
48214,loomis
48215,lowndes
48216,marys
48217,melmoth
48218,naseby
48219,truxton
48220,wurzel
48221,afscheid
48222,amende
48223,angrier
48224,bein
48225,ceous
48226,coefficient
48227,condescendingly
48228,diarrhoea
48229,entreprendre
48230,expresse
48231,fulcrum
48232,gestalte
48233,grading
48234,grassed
48235,intellectuals
48236,luminaries
48237,missives
48238,monasticism
48239,pegged
48240,propinquity
48241,protuberant
48242,remissness
48243,thirties
48244,voorwerpen
48245,warping
48246,wohnt
48247,calton
48248,castille
48249,crichton
48250,crowther
48251,diff
48252,fountains
48253,glencoe
48254,hearne
48255,marien
48256,oisin
48257,petruchio
48258,residency
48259,tob
48260,ajaa
48261,anchovies
48262,artes
48263,blankness
48264,considere
48265,coulee
48266,devastations
48267,diplomatically
48268,disbanding
48269,dispensary
48270,dokter
48271,egoistic
48272,esim
48273,greenest
48274,griechische
48275,illam
48276,judgeth
48277,magique
48278,maste
48279,parachute
48280,parcouru
48281,praktische
48282,probleme
48283,quaestor
48284,reverentially
48285,sanctuaire
48286,steepest
48287,streckte
48288,suivants
48289,tasked
48290,teacups
48291,unvaried
48292,virago
48293,culloden
48294,gaetano
48295,lamar
48296,martina
48297,middlemarch
48298,recueil
48299,tasman
48300,vermittelung
48301,wehrhahn
48302,zululand
48303,abrogate
48304,affirmations
48305,berichten
48306,coaxial
48307,combustibles
48308,confianza
48309,consecutively
48310,culminate
48311,dah
48312,disporting
48313,exhumed
48314,fangen
48315,goading
48316,headstone
48317,mannerism
48318,marquee
48319,multo
48320,oevers
48321,overtime
48322,presages
48323,remontait
48324,romped
48325,sabia
48326,sagas
48327,scans
48328,snip
48329,stadia
48330,starlings
48331,unwitting
48332,vertellen
48333,vitre
48334,wensch
48335,wesentliche
48336,zumal
48337,brander
48338,cartagena
48339,denisov
48340,gaspare
48341,jaakko
48342,kripa
48343,marmora
48344,mccall
48345,menteith
48346,middelburg
48347,morus
48348,pinto
48349,vansittart
48350,vergleich
48351,adjustable
48352,appuya
48353,ardemment
48354,ariseth
48355,askest
48356,barred
48357,betreft
48358,broncho
48359,carriere
48360,coche
48361,dedit
48362,designe
48363,drowsed
48364,embryos
48365,erinnere
48366,exhaustively
48367,governo
48368,grilled
48369,hardiest
48370,lehnte
48371,librarians
48372,marchandise
48373,middelen
48374,mustachios
48375,nationales
48376,overtaxed
48377,rejoins
48378,reseated
48379,salamander
48380,shacks
48381,starless
48382,talat
48383,uebrigens
48384,unmatched
48385,vars
48386,violents
48387,wohnte
48388,abyssinians
48389,albertus
48390,enna
48391,gemeinden
48392,girondists
48393,lebel
48394,munn
48395,redpath
48396,trapes
48397,trennung
48398,acquiescing
48399,appena
48400,arbiters
48401,brewers
48402,cringed
48403,denominational
48404,deve
48405,hinanden
48406,imbibing
48407,misgave
48408,mountebanks
48409,murmurous
48410,nags
48411,parishioner
48412,pedler
48413,profetas
48414,rapidite
48415,redouter
48416,rejeter
48417,sloot
48418,straggle
48419,tartly
48420,teal
48421,trompez
48422,upholsterer
48423,wuchs
48424,yews
48425,aristobulus
48426,auffassung
48427,babet
48428,beute
48429,charlevoix
48430,confucianism
48431,fesch
48432,lali
48433,mameluke
48434,marmor
48435,martens
48436,nubia
48437,perion
48438,possum
48439,silesian
48440,slater
48441,steyne
48442,thug
48443,aceasta
48444,adapts
48445,apparemment
48446,cachant
48447,cocktails
48448,confections
48449,contraint
48450,delve
48451,devas
48452,difficultes
48453,diminuer
48454,ecrite
48455,edificio
48456,fideles
48457,fleetness
48458,flourished
48459,infuriate
48460,matkan
48461,miseria
48462,nohow
48463,recrossing
48464,sachem
48465,scoffers
48466,sentaient
48467,transmute
48468,yellowed
48469,zeiden
48470,australis
48471,blackfoot
48472,demy
48473,doolittle
48474,kellner
48475,newland
48476,panu
48477,parteien
48478,stelling
48479,tessie
48480,vulfran
48481,bakom
48482,caleche
48483,cious
48484,climbers
48485,conserved
48486,defame
48487,enchained
48488,exister
48489,genital
48490,kilometer
48491,mensonges
48492,naturales
48493,overheated
48494,pentes
48495,pineapples
48496,plantas
48497,pottering
48498,praeter
48499,renounces
48500,saavat
48501,schliessen
48502,seconding
48503,skewer
48504,sureness
48505,transporte
48506,typewriting
48507,vanhat
48508,velden
48509,veritablement
48510,verscheen
48511,addams
48512,cannae
48513,dmitri
48514,georgics
48515,hecate
48516,louison
48517,millionen
48518,quijada
48519,rodgers
48520,verwunderung
48521,affiliation
48522,althans
48523,apostolical
48524,apportion
48525,begeben
48526,cho
48527,drinketh
48528,drueckte
48529,gevolgd
48530,griddle
48531,manteca
48532,muchacha
48533,nullified
48534,occupaient
48535,omhoog
48536,opes
48537,outnumber
48538,ovals
48539,presaged
48540,prickles
48541,pures
48542,rase
48543,respectueux
48544,revenges
48545,secouait
48546,sheathing
48547,sinusta
48548,skulked
48549,sowings
48550,uncared
48551,untarnished
48552,vertues
48553,zet
48554,blackie
48555,carmina
48556,chow
48557,chrysippus
48558,dacres
48559,dyaks
48560,ector
48561,evarts
48562,ganelon
48563,gwin
48564,helicon
48565,regnier
48566,silius
48567,stipan
48568,weinberg
48569,bisherigen
48570,bitumen
48571,clansmen
48572,denudation
48573,diagnosed
48574,dringend
48575,envahi
48576,erfreut
48577,glaringly
48578,hanger
48579,herbe
48580,hockey
48581,huvud
48582,iedereen
48583,irgendeine
48584,jaundice
48585,lairs
48586,liues
48587,mam
48588,mellifluous
48589,modernen
48590,mouches
48591,muziek
48592,nytkin
48593,peristyle
48594,plena
48595,rearranging
48596,sevenfold
48597,solves
48598,songsters
48599,velveteen
48600,vorige
48601,bouvier
48602,cadi
48603,delamere
48604,euryale
48605,farwell
48606,fotheringay
48607,halloa
48608,hass
48609,labienus
48610,ovando
48611,sami
48612,wainwright
48613,wolseley
48614,zonder
48615,accentuation
48616,colores
48617,coorse
48618,cops
48619,counterfeits
48620,crossbow
48621,displeases
48622,doled
48623,entrevoir
48624,epaulettes
48625,equipoise
48626,etonnement
48627,faraway
48628,forestalling
48629,inanity
48630,kyllin
48631,manures
48632,minst
48633,mortis
48634,partings
48635,polarized
48636,politest
48637,presupposed
48638,rannalla
48639,realme
48640,slaked
48641,stockbroker
48642,undigested
48643,ungraciously
48644,uninspired
48645,velen
48646,armida
48647,bischof
48648,cinque
48649,columba
48650,corot
48651,dekker
48652,franken
48653,guadalupe
48654,hinchingbroke
48655,infante
48656,klemens
48657,lao
48658,metamorphoses
48659,olney
48660,palestrina
48661,quinctius
48662,republica
48663,roscius
48664,tello
48665,torquay
48666,tuatha
48667,vandal
48668,whitcomb
48669,adjudication
48670,amassing
48671,auriferous
48672,autorite
48673,calmes
48674,carle
48675,cavallier
48676,changeait
48677,clinked
48678,concertina
48679,conundrum
48680,corrupts
48681,dichte
48682,disiez
48683,galore
48684,gebouwen
48685,gnaws
48686,importa
48687,lustreless
48688,ongelukkig
48689,porticos
48690,promenaders
48691,retold
48692,scenario
48693,screaming
48694,scribbler
48695,sentent
48696,sojourner
48697,sprain
48698,stateliest
48699,yce
48700,battista
48701,bibliotheca
48702,elliston
48703,episcopacy
48704,haand
48705,hosmer
48706,issus
48707,jaques
48708,karnis
48709,llewellyn
48710,paradiso
48711,sessel
48712,taoist
48713,vincy
48714,yeah
48715,yugoslav
48716,abattu
48717,behinde
48718,bequeathing
48719,biased
48720,binnacle
48721,bitters
48722,blanken
48723,bloodiest
48724,cupolas
48725,darest
48726,extremement
48727,gekleidet
48728,importancia
48729,incendiaries
48730,jousts
48731,katsahti
48732,legionaries
48733,mannerisms
48734,musicale
48735,notwendigen
48736,palled
48737,reduit
48738,rescues
48739,reverts
48740,revivals
48741,tapisserie
48742,toddling
48743,wherry
48744,arago
48745,beckley
48746,brandeis
48747,bruyere
48748,farr
48749,gesetztseyn
48750,hederich
48751,landers
48752,meek
48753,natacha
48754,oblonsky
48755,oldenburg
48756,orr
48757,renshaw
48758,sheply
48759,tourville
48760,tressilian
48761,atteignit
48762,basting
48763,billeted
48764,borax
48765,cento
48766,chuckles
48767,constraining
48768,emotionally
48769,esposa
48770,harming
48771,kingfisher
48772,levende
48773,luki
48774,nagot
48775,peinte
48776,priait
48777,sauva
48778,sequences
48779,souse
48780,ualang
48781,unlocks
48782,valu
48783,voute
48784,vry
48785,watchmaker
48786,bartolommeo
48787,eskimos
48788,feldherrn
48789,grece
48790,heyst
48791,kauravas
48792,latvia
48793,milne
48794,oic
48795,rockefeller
48796,thorgeir
48797,varenka
48798,wazirs
48799,augments
48800,bemoaned
48801,bemoaning
48802,bringer
48803,buzzards
48804,campanile
48805,cheveux
48806,coteries
48807,credere
48808,criminally
48809,culotte
48810,dredging
48811,duds
48812,emigres
48813,encontrar
48814,esperer
48815,ferruginous
48816,forceps
48817,gebied
48818,gest
48819,hedgerow
48820,heureuses
48821,inflames
48822,inversely
48823,kaikin
48824,layeth
48825,lichte
48826,magnesium
48827,opnieuw
48828,overrule
48829,prets
48830,reizen
48831,resolut
48832,saddling
48833,slipt
48834,smoothest
48835,sociedad
48836,statu
48837,straitly
48838,subway
48839,supervising
48840,tol
48841,weich
48842,actus
48843,americas
48844,ebro
48845,hjerte
48846,ingeborg
48847,jungfer
48848,lotys
48849,lubeck
48850,pao
48851,paphnuce
48852,tipton
48853,wenceslas
48854,attesting
48855,baissait
48856,baisser
48857,basilisk
48858,beisammen
48859,cherchais
48860,colonize
48861,consacrer
48862,disciplinarian
48863,dished
48864,docked
48865,eterno
48866,evoking
48867,fordert
48868,funestes
48869,hoort
48870,iudgement
48871,lighthouses
48872,marster
48873,misconceptions
48874,mope
48875,peres
48876,porteurs
48877,resuscitation
48878,ruimte
48879,saurez
48880,signifiait
48881,slagen
48882,soggy
48883,successe
48884,sympathique
48885,unis
48886,unrolling
48887,vierten
48888,aronnax
48889,attendez
48890,bahrain
48891,busch
48892,candahar
48893,culpeper
48894,decimus
48895,environmental
48896,fransche
48897,fructidor
48898,gavard
48899,laubardemont
48900,lemnos
48901,mortlake
48902,pensacola
48903,purvis
48904,pusey
48905,strahlen
48906,tibullus
48907,zuleika
48908,adressait
48909,baptizing
48910,bewiesen
48911,bondman
48912,cautioning
48913,chirurgien
48914,crocuses
48915,deh
48916,disapproves
48917,disenchanted
48918,dude
48919,etendue
48920,exultantly
48921,facilitates
48922,fanfare
48923,frilled
48924,gezonden
48925,jabber
48926,kijken
48927,kymmenen
48928,menen
48929,nede
48930,peopling
48931,recross
48932,regulated
48933,rougeur
48934,sacar
48935,sectors
48936,substantiated
48937,suchten
48938,sweats
48939,symbolically
48940,tellers
48941,amru
48942,balbec
48943,brenda
48944,cesarini
48945,contarini
48946,erling
48947,faneuil
48948,hyperion
48949,lestrange
48950,limoges
48951,terzky
48952,thirkle
48953,belching
48954,breadfruit
48955,chairmen
48956,collapsing
48957,demonio
48958,disinterred
48959,egrave
48960,evenness
48961,favorables
48962,frolicking
48963,gesto
48964,headgear
48965,heartened
48966,irrefutable
48967,melden
48968,mirthless
48969,miscarriages
48970,moglie
48971,oggi
48972,ondanks
48973,pecados
48974,pelicans
48975,poltroon
48976,quizzically
48977,renegades
48978,ruhigen
48979,schenen
48980,secretes
48981,sentimiento
48982,totum
48983,unburdened
48984,unta
48985,vienen
48986,wattle
48987,anschauungen
48988,aubry
48989,bearn
48990,carthusian
48991,concordia
48992,courtois
48993,deirdre
48994,gessler
48995,irvine
48996,kauai
48997,lefebvre
48998,lyle
48999,malory
49000,miniato
49001,morosini
49002,pandarus
49003,sargon
49004,trimalchio
49005,winchelsea
49006,adulterer
49007,centimetres
49008,championed
49009,connective
49010,contrat
49011,coz
49012,deterrent
49013,dhe
49014,eilanden
49015,exemptions
49016,famously
49017,fuerit
49018,harpies
49019,hornets
49020,horsewhip
49021,impugn
49022,koemmt
49023,laag
49024,nitrous
49025,orgasm
49026,outshone
49027,pacifying
49028,rapproche
49029,selectmen
49030,tempora
49031,toisessa
49032,tutored
49033,unendlichen
49034,ventilating
49035,vortrefflich
49036,abwesenheit
49037,atossa
49038,ausdehnung
49039,bettler
49040,bidwell
49041,brahm
49042,brecken
49043,chiron
49044,gnu
49045,gaffer
49046,ital
49047,laing
49048,laster
49049,marigold
49050,parmenides
49051,sedgett
49052,arracha
49053,assembles
49054,bodie
49055,bron
49056,crue
49057,deponent
49058,discomposure
49059,distressingly
49060,etymological
49061,extemporaneous
49062,heroics
49063,ineligible
49064,isinglass
49065,lacke
49066,magistracies
49067,mout
49068,neater
49069,oppositions
49070,ovary
49071,peculation
49072,personnellement
49073,profiles
49074,profunda
49075,sayes
49076,scolds
49077,sluggishly
49078,snags
49079,soberer
49080,thats
49081,travailleurs
49082,underlings
49083,unequaled
49084,uwer
49085,alpen
49086,baudelaire
49087,dunwoodie
49088,irishwoman
49089,linley
49090,litteratur
49091,mayne
49092,preise
49093,selah
49094,tembarom
49095,apothecaries
49096,arquebuses
49097,auger
49098,beten
49099,ciento
49100,clouding
49101,constructs
49102,coquettishly
49103,corre
49104,creams
49105,emanates
49106,erblickt
49107,erklaeren
49108,fantasia
49109,femininity
49110,foreboded
49111,gayeties
49112,guitars
49113,hampering
49114,indiscreetly
49115,loadstone
49116,prohibitive
49117,quizzing
49118,regaling
49119,reviendrai
49120,runne
49121,saluant
49122,sonnait
49123,spel
49124,subconsciously
49125,suurin
49126,trank
49127,triompher
49128,typed
49129,veduto
49130,zelden
49131,altrurian
49132,anlage
49133,barbuda
49134,catesby
49135,childs
49136,chinon
49137,corean
49138,ethnol
49139,geddes
49140,korb
49141,mirepoix
49142,muley
49143,rosmore
49144,sagamore
49145,spott
49146,adroitement
49147,adulteration
49148,aimables
49149,antagonisms
49150,banquette
49151,bespattered
49152,blikken
49153,cannabis
49154,despond
49155,drownded
49156,ecouter
49157,emportant
49158,geslagen
49159,grandiloquent
49160,guardia
49161,igloo
49162,irrigating
49163,kaufen
49164,keels
49165,misers
49166,musicien
49167,ouvertement
49168,perruque
49169,prayeth
49170,pungency
49171,soiling
49172,thitherward
49173,thoroughgoing
49174,tia
49175,tidied
49176,trahit
49177,tribunaux
49178,unobservant
49179,wassail
49180,winkte
49181,algerian
49182,carrara
49183,cassy
49184,dartmoor
49185,dayaks
49186,fagon
49187,febr
49188,feldherr
49189,fontanares
49190,giulia
49191,hacket
49192,posthumus
49193,ravenel
49194,rovigo
49195,schritten
49196,shu
49197,typhon
49198,acces
49199,befreit
49200,behooren
49201,bleach
49202,cxiuj
49203,estamos
49204,flie
49205,foller
49206,guilders
49207,harnessing
49208,hymyili
49209,interviewing
49210,intra
49211,laulaa
49212,lookes
49213,lotion
49214,medens
49215,mineralogy
49216,monoplane
49217,mountainside
49218,moyennant
49219,pitty
49220,rookery
49221,shelved
49222,staande
49223,stepdaughter
49224,tyrans
49225,ahura
49226,bambi
49227,bayne
49228,bernstein
49229,brisbane
49230,choctaws
49231,creoles
49232,gefahren
49233,hiero
49234,hieronymus
49235,jansoulet
49236,kazakhstan
49237,magog
49238,miserere
49239,moone
49240,muhammadan
49241,parkes
49242,sarrion
49243,spithead
49244,todas
49245,toombs
49246,trenta
49247,unternehmen
49248,vorbereitung
49249,wenna
49250,adonde
49251,arrivera
49252,artlessness
49253,attacher
49254,battaglia
49255,capaz
49256,chiseled
49257,daemon
49258,deir
49259,dominer
49260,ensures
49261,exorcised
49262,feeders
49263,fonde
49264,griping
49265,grower
49266,guaranteeing
49267,hidalgo
49268,incurably
49269,ler
49270,membranous
49271,messidor
49272,muutkin
49273,nagon
49274,owre
49275,possunt
49276,radicalism
49277,schrecklich
49278,slags
49279,slippered
49280,toothsome
49281,unconstrained
49282,buford
49283,chapin
49284,conkling
49285,drosera
49286,fadrique
49287,grundsatz
49288,hedjaz
49289,ilia
49290,khasis
49291,miralda
49292,matterhorn
49293,pitcairn
49294,porson
49295,rosaline
49296,rettung
49297,rilla
49298,vict
49299,acclivity
49300,battaient
49301,bessern
49302,bungalows
49303,concubinage
49304,denzelfden
49305,faz
49306,filters
49307,foredoomed
49308,gerust
49309,giv
49310,givet
49311,handshake
49312,hobbies
49313,kamp
49314,littlest
49315,monographs
49316,outlining
49317,plumbing
49318,pomme
49319,renfermait
49320,runabout
49321,schlimm
49322,soutenue
49323,spectra
49324,subsoil
49325,supplanting
49326,tediously
49327,tiroir
49328,toivon
49329,vacuous
49330,versichert
49331,agricol
49332,annal
49333,barty
49334,bentivoglio
49335,bewunderung
49336,bokhara
49337,corilla
49338,cretans
49339,curia
49340,emp
49341,eumolpus
49342,ezzelin
49343,herluf
49344,legge
49345,perse
49346,saale
49347,schranken
49348,seligkeit
49349,sorgfalt
49350,thew
49351,thora
49352,abri
49353,amusant
49354,asimismo
49355,barnacles
49356,couvraient
49357,dissipating
49358,edele
49359,epaulets
49360,fauteuils
49361,frustration
49362,gelehrt
49363,huff
49364,kuulin
49365,legates
49366,licences
49367,loathes
49368,meriting
49369,perds
49370,posy
49371,poule
49372,reacting
49373,repente
49374,repulses
49375,retrenchment
49376,schlechter
49377,scribblers
49378,sponsors
49379,surcease
49380,terreurs
49381,trachten
49382,tranquillite
49383,unreflecting
49384,zarten
49385,anhalt
49386,bogan
49387,charmides
49388,choctaw
49389,damayanti
49390,dandolo
49391,dearborn
49392,guilford
49393,henker
49394,kaaba
49395,lesbos
49396,montserrat
49397,noircarmes
49398,papeete
49399,ruggieri
49400,sabbaths
49401,versprechen
49402,wimbledon
49403,wragge
49404,azul
49405,besorgt
49406,bridging
49407,camaraderie
49408,commingling
49409,deftness
49410,effulgent
49411,egale
49412,frische
49413,fuga
49414,inexplicably
49415,nacelle
49416,numeral
49417,ornamenting
49418,partido
49419,pastori
49420,pellet
49421,podemos
49422,reiner
49423,ruisseaux
49424,saccharine
49425,tempes
49426,underestimate
49427,unifying
49428,veden
49429,verzeihen
49430,voegde
49431,ybreve
49432,anstalten
49433,ardennes
49434,asmund
49435,barincq
49436,barrie
49437,bildern
49438,caradoc
49439,cavalcanti
49440,chauxville
49441,claudine
49442,frankreichs
49443,gaines
49444,gaulish
49445,greeby
49446,leif
49447,ojibway
49448,steevens
49449,tregars
49450,wirkungen
49451,alaila
49452,betrogen
49453,bourgmestre
49454,confides
49455,defamation
49456,entfernen
49457,exciter
49458,fixa
49459,germe
49460,gigantesques
49461,grazia
49462,identically
49463,impairs
49464,impersonally
49465,incurred
49466,irritations
49467,kovasti
49468,lecons
49469,moult
49470,noster
49471,preferments
49472,regents
49473,resourcefulness
49474,rusticity
49475,rpondit
49476,sensitively
49477,souverains
49478,streight
49479,succoured
49480,tackles
49481,toekomst
49482,trebuie
49483,trodde
49484,unalterably
49485,unhinged
49486,upstanding
49487,varie
49488,vereinigt
49489,weened
49490,angora
49491,annixter
49492,chichikov
49493,cimbri
49494,dewan
49495,ellice
49496,epoche
49497,godard
49498,goldie
49499,marylebone
49500,piacenza
49501,seignior
49502,tekla
49503,wiesbaden
49504,absconded
49505,aristocratical
49506,avoirdupois
49507,betreten
49508,bricklayer
49509,clameurs
49510,disparaitre
49511,dissented
49512,esperar
49513,fudge
49514,jouaient
49515,labyrinthine
49516,literate
49517,litres
49518,llamar
49519,mutilate
49520,opine
49521,orilla
49522,osier
49523,pectoral
49524,purifier
49525,refuges
49526,ressemblaient
49527,schickt
49528,shrouding
49529,subiect
49530,tombee
49531,unbedingt
49532,uprights
49533,ainsworth
49534,ajaccio
49535,betrachtungen
49536,chunky
49537,creech
49538,demetrios
49539,flanagan
49540,laufe
49541,lerat
49542,maestricht
49543,matteo
49544,ogle
49545,pinus
49546,poictiers
49547,seleucus
49548,sherkan
49549,thule
49550,accordion
49551,aliments
49552,attachement
49553,churchwardens
49554,crisply
49555,cuticle
49556,dikwils
49557,entrusting
49558,erwachte
49559,euern
49560,flatte
49561,hermaphrodite
49562,hurrahs
49563,illalla
49564,judgements
49565,konungens
49566,mammas
49567,medios
49568,overplus
49569,payait
49570,pensamientos
49571,perro
49572,promoted
49573,queria
49574,rotate
49575,sassen
49576,sende
49577,serieusement
49578,spurts
49579,superlatively
49580,talismans
49581,thresh
49582,unattached
49583,barham
49584,commedia
49585,dingley
49586,lichter
49587,manetho
49588,mathematik
49589,peppino
49590,potiphar
49591,slovenia
49592,soranzo
49593,uffizi
49594,vieh
49595,warrenton
49596,wrenn
49597,wrykyn
49598,zimmermann
49599,angelegt
49600,archangels
49601,battit
49602,beehive
49603,datum
49604,dimming
49605,grannie
49606,inquiete
49607,ledgers
49608,mairie
49609,paralysing
49610,policier
49611,produite
49612,prospectors
49613,provider
49614,rebounded
49615,skittish
49616,sommets
49617,supportable
49618,trouves
49619,tyrannize
49620,unbarred
49621,vaudrait
49622,ailsa
49623,apia
49624,assingham
49625,bigler
49626,burmah
49627,clerkenwell
49628,edmonds
49629,finley
49630,ghita
49631,gonsalvo
49632,heraclius
49633,herkimer
49634,nestorian
49635,renault
49636,saddletree
49637,schleiermacher
49638,wache
49639,ajoutant
49640,anco
49641,atoll
49642,bibliographical
49643,concrete
49644,descendaient
49645,egna
49646,entwickeln
49647,ferments
49648,headship
49649,impostures
49650,impractical
49651,interminably
49652,izt
49653,leasing
49654,luckier
49655,novella
49656,ordine
49657,ovi
49658,prophesies
49659,ron
49660,schaut
49661,silliest
49662,strengen
49663,uncultured
49664,unterhalten
49665,viciousness
49666,voudraient
49667,woodsmen
49668,admirall
49669,arachne
49670,aristote
49671,cistercian
49672,copley
49673,ispahan
49674,mafeking
49675,markovna
49676,offiziere
49677,paisley
49678,studenten
49679,tremont
49680,tzar
49681,winnebago
49682,ankaux
49683,assassinations
49684,coronets
49685,dankte
49686,defendu
49687,difficilement
49688,disclaiming
49689,dwelled
49690,elan
49691,epidermis
49692,geheelen
49693,importants
49694,inebriate
49695,izquierda
49696,jugements
49697,ligament
49698,meseemed
49699,nauseating
49700,parcelled
49701,pelts
49702,plows
49703,pocas
49704,protegee
49705,protrude
49706,proverbe
49707,publiquement
49708,reviennent
49709,rios
49710,sheered
49711,shoon
49712,siphon
49713,tevreden
49714,trouverent
49715,unlimited
49716,albano
49717,belknap
49718,bourke
49719,coggan
49720,commend
49721,danusia
49722,darmstadt
49723,eichbaum
49724,falkner
49725,gina
49726,goya
49727,gwenda
49728,messalina
49729,nore
49730,nueces
49731,ph
49732,roubaud
49733,ximenes
49734,aie
49735,beber
49736,brutalement
49737,chej
49738,chipping
49739,conditionally
49740,convalescents
49741,danseuse
49742,disfiguring
49743,douteux
49744,electronics
49745,emulsion
49746,fermant
49747,forepart
49748,gebrochen
49749,goldnen
49750,heedful
49751,hegemony
49752,hol
49753,hoofden
49754,humides
49755,inheritances
49756,katso
49757,lighters
49758,lubber
49759,luullut
49760,melange
49761,nieuwen
49762,plasters
49763,presentait
49764,runway
49765,soj
49766,solen
49767,surnames
49768,unmoving
49769,vanquishing
49770,ara
49771,asdb
49772,beauport
49773,begeisterung
49774,behauptung
49775,dempsey
49776,elphinstone
49777,goodnight
49778,guenever
49779,horry
49780,mitleiden
49781,neid
49782,omer
49783,penobscot
49784,restatement
49785,turquie
49786,aufrecht
49787,bluest
49788,duplication
49789,excerpt
49790,fac
49791,firebrands
49792,gehoeren
49793,geringer
49794,historiens
49795,latine
49796,marchande
49797,maroon
49798,outdid
49799,perspicuous
49800,plase
49801,pontiffs
49802,rauque
49803,remercia
49804,stilla
49805,unchained
49806,verisimilitude
49807,verscheidene
49808,wreathe
49809,akhaiens
49810,bajazet
49811,culver
49812,copeland
49813,eulaeus
49814,fitzwilliam
49815,macklin
49816,naab
49817,shepley
49818,stemme
49819,wetlands
49820,wiesen
49821,allaying
49822,apologising
49823,aufgestellt
49824,designations
49825,diplomas
49826,edify
49827,equitably
49828,floured
49829,genetic
49830,headnotes
49831,inoperative
49832,lader
49833,leaded
49834,manuscrits
49835,moulder
49836,muutaman
49837,pancake
49838,produisait
49839,quatrain
49840,retailing
49841,stalactites
49842,stills
49843,techniques
49844,tenus
49845,unconverted
49846,voglio
49847,actium
49848,araminta
49849,belarus
49850,jimsy
49851,josias
49852,maija
49853,otoo
49854,purgatorio
49855,raynal
49856,ribera
49857,solis
49858,verd
49859,aimee
49860,amores
49861,bestimmter
49862,blickt
49863,bravement
49864,chambermaids
49865,cobbled
49866,columnar
49867,commandeth
49868,counterparts
49869,deceitfully
49870,disposait
49871,dorpen
49872,ductile
49873,graisse
49874,groessere
49875,habiter
49876,inattendue
49877,infractions
49878,interposes
49879,kuoli
49880,localized
49881,lumbermen
49882,muchacho
49883,nested
49884,oculist
49885,orter
49886,osaksi
49887,planed
49888,principall
49889,readjust
49890,reenforced
49891,refaire
49892,revolutionaries
49893,snores
49894,soupira
49895,unsmiling
49896,vlucht
49897,bradbury
49898,brunei
49899,buccleuch
49900,connolly
49901,cordula
49902,crowell
49903,fenstern
49904,gallatin
49905,griechenland
49906,halstead
49907,longmans
49908,olavi
49909,ormuz
49910,pesaro
49911,sammie
49912,servians
49913,spartacus
49914,streben
49915,bedridden
49916,catalogued
49917,confectioner
49918,convenances
49919,cooeperation
49920,cooker
49921,cosey
49922,cuirasses
49923,curtailment
49924,eddied
49925,gardaient
49926,geometric
49927,jamas
49928,jaundiced
49929,juntamente
49930,maudite
49931,newsboys
49932,ollutkaan
49933,omat
49934,puoli
49935,repeter
49936,riepen
49937,suffisant
49938,sulk
49939,telescopic
49940,temperately
49941,tenancy
49942,vainqueurs
49943,vertebral
49944,voucher
49945,whut
49946,zak
49947,arcady
49948,buecher
49949,erminia
49950,exo
49951,forman
49952,fyfe
49953,gramercy
49954,hedda
49955,helaman
49956,moodie
49957,pullen
49958,rosebery
49959,rosier
49960,saracenic
49961,tampa
49962,alluvium
49963,behauptete
49964,bleich
49965,bluebird
49966,caridad
49967,contumacious
49968,dahlias
49969,encuentro
49970,equations
49971,featureless
49972,frescos
49973,gezeten
49974,glacis
49975,gleaning
49976,grabs
49977,grata
49978,hermosura
49979,incisions
49980,kennst
49981,kep
49982,legged
49983,lopulta
49984,lousy
49985,magpies
49986,maim
49987,overstep
49988,priestcraft
49989,prodding
49990,pumice
49991,puni
49992,ratifying
49993,sabemos
49994,souriante
49995,spectateur
49996,stonework
49997,sunbonnet
49998,synods
49999,thousandfold
50000,trato
50001,udder
50002,vaderland
50003,vornehmlich
50004,adrien
50005,ansichten
50006,bezug
50007,binet
50008,buckinghamshire
50009,carlyon
50010,faye
50011,giordano
50012,grillhofer
50013,hittite
50014,januar
50015,ketten
50016,machiavel
50017,montriveau
50018,newmark
50019,pollnitz
50020,sophonisba
50021,aangenaam
50022,amble
50023,assertive
50024,barbarie
50025,betokening
50026,caracter
50027,convoyed
50028,helms
50029,integrated
50030,kulkee
50031,levai
50032,lindens
50033,morgue
50034,musiciens
50035,outsides
50036,oxides
50037,panegyrics
50038,pappi
50039,pensai
50040,refuting
50041,sorghum
50042,storme
50043,turhaan
50044,voivat
50045,vorsichtig
50046,withholds
50047,amerigo
50048,balcom
50049,boeotian
50050,booker
50051,carrick
50052,croisier
50053,florio
50054,ghetto
50055,henrica
50056,keating
50057,lesotho
50058,sabinus
50059,strassen
50060,vina
50061,acquiescent
50062,combattu
50063,copia
50064,depois
50065,ecrivait
50066,ecrivit
50067,emus
50068,haalde
50069,naitre
50070,partibus
50071,portfolios
50072,proost
50073,ruminate
50074,sirve
50075,successeur
50076,taureau
50077,unashamed
50078,vainglory
50079,voluptuary
50080,woll
50081,antrim
50082,cato
50083,crit
50084,direktor
50085,drupada
50086,elwood
50087,ligue
50088,manders
50089,meyers
50090,oceania
50091,ormus
50092,presidio
50093,redmayne
50094,slimak
50095,wednesdays
50096,whopper
50097,arbitrators
50098,attribution
50099,beobachtet
50100,bustle
50101,completamente
50102,cottager
50103,courageous
50104,endemic
50105,essent
50106,evangelistic
50107,glimmers
50108,gouts
50109,grinders
50110,heftigen
50111,innocency
50112,jettent
50113,mollusks
50114,mustangs
50115,necessitating
50116,pajamas
50117,ramassa
50118,sinkt
50119,solecism
50120,soulevant
50121,splintering
50122,splints
50123,steckt
50124,superfine
50125,taes
50126,verkaufen
50127,verliess
50128,vrije
50129,wainscoting
50130,wielder
50131,bibl
50132,biographia
50133,cardross
50134,clairmont
50135,cordilleras
50136,dumping
50137,hopkinson
50138,jervaise
50139,lotta
50140,mgr
50141,mitteln
50142,murden
50143,noreen
50144,osmanli
50145,pocock
50146,puy
50147,valdes
50148,verloc
50149,bezieht
50150,colonisation
50151,crudest
50152,eclogue
50153,entiers
50154,exhibitors
50155,extortionate
50156,formules
50157,frights
50158,genot
50159,grupo
50160,hermoso
50161,incrustation
50162,moege
50163,occupiers
50164,ouders
50165,periphery
50166,pienet
50167,plaiting
50168,puoleksi
50169,slily
50170,sordidness
50171,succumbing
50172,suuresti
50173,telled
50174,tunique
50175,unimagined
50176,vierzehn
50177,vuelto
50178,arezzo
50179,aries
50180,arminian
50181,augustina
50182,benedictines
50183,clemente
50184,davers
50185,direck
50186,frist
50187,gregoire
50188,lautrec
50189,migwan
50190,perrin
50191,affirmed
50192,aspens
50193,aufnehmen
50194,autopsy
50195,cantidad
50196,classique
50197,craignais
50198,cynosure
50199,derogation
50200,descendirent
50201,dichten
50202,diphthong
50203,embalming
50204,espousing
50205,extinguisher
50206,faultlessly
50207,gerecht
50208,humankind
50209,kallade
50210,kasvonsa
50211,kynge
50212,llego
50213,messo
50214,moeilijk
50215,momently
50216,nueve
50217,ohnehin
50218,opende
50219,pairing
50220,pastorals
50221,peintures
50222,penciled
50223,peon
50224,quarried
50225,separer
50226,shambled
50227,suspends
50228,thanksgivings
50229,unimpassioned
50230,vela
50231,verzoek
50232,akademie
50233,alamo
50234,botanic
50235,brennan
50236,buchstaben
50237,charnot
50238,churton
50239,diomed
50240,entdeckung
50241,erklaerung
50242,ernauton
50243,gauvain
50244,hannes
50245,irrtum
50246,karnak
50247,lith
50248,lizaveta
50249,manfredo
50250,novgorod
50251,ojeda
50252,patten
50253,riversley
50254,rocca
50255,sanhedrin
50256,scotty
50257,thier
50258,wace
50259,alios
50260,alluma
50261,baboons
50262,banknotes
50263,bides
50264,breadcrumbs
50265,calumnious
50266,christlichen
50267,commemorates
50268,convento
50269,corpora
50270,decried
50271,diede
50272,dynastie
50273,gouvernements
50274,hypocotyl
50275,ignite
50276,lockers
50277,lugging
50278,lum
50279,marm
50280,meandered
50281,paraphrased
50282,riaient
50283,ruhen
50284,tactless
50285,tain
50286,taro
50287,teste
50288,vaso
50289,vr
50290,wendde
50291,betragen
50292,israeli
50293,joas
50294,jotham
50295,laporte
50296,naboth
50297,ozias
50298,peronne
50299,qatar
50300,rialto
50301,schwerin
50302,seagrave
50303,theodoros
50304,vashti
50305,airmen
50306,alcuni
50307,bodkin
50308,condiments
50309,doy
50310,formulation
50311,genast
50312,herders
50313,improvising
50314,intreated
50315,jokaisen
50316,monomania
50317,phials
50318,piercingly
50319,piles
50320,potions
50321,publica
50322,refitting
50323,sayeth
50324,squalling
50325,underclothing
50326,unselfishly
50327,vaig
50328,vanite
50329,verschwand
50330,waaruit
50331,weiteres
50332,candace
50333,domremy
50334,durazzo
50335,haelfte
50336,harland
50337,huette
50338,kleist
50339,levasseur
50340,mooney
50341,rucker
50342,schafe
50343,vandamme
50344,ahi
50345,almas
50346,barbs
50347,barreaux
50348,bodde
50349,brigs
50350,cautionary
50351,connaissant
50352,distich
50353,erlebt
50354,espagnol
50355,gwyne
50356,hoogen
50357,impracticability
50358,invigorate
50359,peddlers
50360,publico
50361,ransacking
50362,rejoiceth
50363,staging
50364,suele
50365,syntyi
50366,twelue
50367,unknowingly
50368,yf
50369,chautauqua
50370,dichtung
50371,flandre
50372,freycinet
50373,gazetteer
50374,geoff
50375,geoffroy
50376,goudar
50377,heiterkeit
50378,mallathorpe
50379,pehr
50380,palestinian
50381,pfad
50382,pieter
50383,primula
50384,procter
50385,sellingworth
50386,tavistock
50387,aggressiveness
50388,ballons
50389,bethinking
50390,cabmen
50391,charades
50392,compositor
50393,crescents
50394,demasiado
50395,enameled
50396,engineered
50397,flageolet
50398,impertinences
50399,impoverishment
50400,lta
50401,magnetized
50402,maladroit
50403,medida
50404,meen
50405,oakum
50406,pituitary
50407,qkm
50408,rocas
50409,slumberous
50410,stallions
50411,stiegen
50412,subtracted
50413,banbury
50414,begierde
50415,colomba
50416,elsley
50417,gesta
50418,huber
50419,legionen
50420,nele
50421,patton
50422,petion
50423,romayne
50424,seingalt
50425,styria
50426,turgenev
50427,vilna
50428,zeitungen
50429,alcoves
50430,artichokes
50431,bestia
50432,buisson
50433,clamp
50434,clin
50435,contrarie
50436,dissentient
50437,eavesdropping
50438,exculpate
50439,externa
50440,faithfull
50441,heirlooms
50442,incommunicable
50443,indemnities
50444,jeddak
50445,keepsake
50446,kopjes
50447,kukin
50448,landsmen
50449,lira
50450,mellowing
50451,mesurer
50452,meurent
50453,naciones
50454,nuque
50455,pelos
50456,peripatetic
50457,secouer
50458,tickles
50459,trickles
50460,upping
50461,verbonden
50462,video
50463,weken
50464,brahms
50465,carrousel
50466,crecy
50467,eleonora
50468,grabe
50469,havisham
50470,lido
50471,pish
50472,uzbekistan
50473,waterhouse
50474,wesel
50475,abord
50476,aimes
50477,concoct
50478,desecrate
50479,dirigeant
50480,eerbied
50481,fermee
50482,hohem
50483,italischen
50484,junges
50485,lichten
50486,loll
50487,lozenges
50488,oculis
50489,paresseux
50490,pesait
50491,questing
50492,suckle
50493,surprit
50494,tulin
50495,ult
50496,ums
50497,unimportance
50498,autun
50499,bibliothek
50500,binder
50501,blodgett
50502,bos
50503,bri
50504,eifersucht
50505,epicureans
50506,firenze
50507,genevra
50508,jadin
50509,matrena
50510,milner
50511,peering
50512,purdie
50513,sperver
50514,swartz
50515,yuba
50516,zonaras
50517,adem
50518,ajoi
50519,anaemic
50520,balsams
50521,coram
50522,crumpling
50523,disproportionately
50524,eingerichtet
50525,festin
50526,guaranties
50527,guardedly
50528,interrogatively
50529,loafed
50530,lookt
50531,lumieres
50532,mittels
50533,nears
50534,pogingen
50535,prendrai
50536,ragione
50537,recuerdo
50538,safeguarding
50539,seraphim
50540,specialties
50541,trustfulness
50542,virtus
50543,visade
50544,wuenschte
50545,zuviel
50546,arians
50547,clyst
50548,carvajal
50549,centreville
50550,delancy
50551,edmunds
50552,erfindung
50553,figuren
50554,inigo
50555,leblanc
50556,leiche
50557,moroccan
50558,nepos
50559,perris
50560,reue
50561,therm
50562,ursulines
50563,zeilen
50564,abstracts
50565,aigu
50566,altera
50567,approximated
50568,backers
50569,blamable
50570,comforters
50571,diffuses
50572,eyewitness
50573,flues
50574,focal
50575,formelle
50576,geologic
50577,glandular
50578,grained
50579,hallaba
50580,hevosen
50581,idealize
50582,impertinently
50583,jou
50584,korten
50585,larv
50586,liaisons
50587,melancholic
50588,muets
50589,muun
50590,noyer
50591,ocksa
50592,palates
50593,pluies
50594,purling
50595,rechnen
50596,shold
50597,subsidized
50598,suos
50599,thicknesses
50600,unterwegs
50601,vaak
50602,vanter
50603,ziekte
50604,allston
50605,aramaic
50606,bernick
50607,freiherr
50608,frits
50609,hitze
50610,lamas
50611,mahal
50612,momus
50613,morven
50614,nachfolger
50615,plinius
50616,poussin
50617,powys
50618,suarez
50619,turkes
50620,whittaker
50621,assess
50622,backwater
50623,bedeutenden
50624,consigo
50625,crucifixes
50626,elephantine
50627,eyne
50628,flapper
50629,hooking
50630,ijzeren
50631,incertitude
50632,lontano
50633,magst
50634,mangoes
50635,menne
50636,mettrait
50637,nursling
50638,pickpockets
50639,releve
50640,reopening
50641,repass
50642,repletion
50643,scholarships
50644,souffrant
50645,tonsure
50646,townes
50647,wif
50648,bardolph
50649,conroy
50650,eliezer
50651,englishwomen
50652,gallas
50653,herminia
50654,macready
50655,wycherley
50656,aera
50657,anemone
50658,behouden
50659,bevonden
50660,carreaux
50661,charnel
50662,curbstone
50663,ecx
50664,eignes
50665,esperances
50666,exonerated
50667,exquis
50668,freakish
50669,gekleed
50670,girders
50671,golpe
50672,hailstones
50673,hardier
50674,imbeciles
50675,involontaire
50676,jocularity
50677,joignant
50678,limestones
50679,merveilleusement
50680,ministro
50681,mouthing
50682,nabijheid
50683,narrations
50684,ontwikkeling
50685,oute
50686,pienso
50687,precursors
50688,pugnacity
50689,sanoivat
50690,sorceries
50691,staart
50692,suggestively
50693,sycophants
50694,tramples
50695,trod
50696,trumpeted
50697,ude
50698,unreasonableness
50699,verfolgt
50700,wafts
50701,arcturus
50702,cagayan
50703,cornelli
50704,crustacea
50705,dechartre
50706,dorfe
50707,duchemin
50708,irvin
50709,jantje
50710,leh
50711,lempriere
50712,litchfield
50713,lyme
50714,nanking
50715,olivet
50716,pho
50717,plowman
50718,rydal
50719,schoolcraft
50720,syracusan
50721,torfrida
50722,vandyke
50723,volscians
50724,wyman
50725,zau
50726,ancestress
50727,angefangen
50728,cabezas
50729,caved
50730,cueur
50731,dailies
50732,demigod
50733,emancipating
50734,enleve
50735,flier
50736,honteuse
50737,ijs
50738,jegens
50739,materiel
50740,mystifying
50741,naturalised
50742,nodules
50743,numbing
50744,offene
50745,philosophize
50746,rigours
50747,schitterende
50748,schoenes
50749,sigue
50750,simpletons
50751,straf
50752,strategist
50753,successions
50754,traje
50755,tyst
50756,unknowable
50757,vendredi
50758,vertueux
50759,dirck
50760,eastbourne
50761,fieber
50762,huit
50763,kanag
50764,lochleven
50765,louvier
50766,macmahon
50767,novara
50768,pharos
50769,praxiteles
50770,queenes
50771,ranaway
50772,serapion
50773,taos
50774,tracer
50775,untersuchungen
50776,weser
50777,whyte
50778,amenity
50779,bearest
50780,begrepen
50781,ciertas
50782,commeth
50783,crystallised
50784,essi
50785,gainsaid
50786,generalement
50787,huolta
50788,hvarje
50789,improvisation
50790,larn
50791,muille
50792,nkara
50793,nourri
50794,patronise
50795,pecks
50796,pelvis
50797,plek
50798,prefere
50799,racers
50800,reconnoitering
50801,retrogression
50802,rimmed
50803,riqueza
50804,safer
50805,seeded
50806,seminal
50807,sharers
50808,stabled
50809,stemmen
50810,terrains
50811,trono
50812,untereinander
50813,vaqueros
50814,vermittelst
50815,voneinander
50816,westering
50817,wher
50818,asura
50819,bosporus
50820,cai
50821,carmelites
50822,comminges
50823,haeckel
50824,melisande
50825,mentz
50826,rotherwood
50827,sasha
50828,speise
50829,thirlwell
50830,weibes
50831,acetate
50832,anthropoid
50833,appal
50834,bashfully
50835,bellicose
50836,beschaeftigt
50837,coq
50838,corriger
50839,crates
50840,deinde
50841,derzelver
50842,elevee
50843,etage
50844,evaporating
50845,excrement
50846,fleuves
50847,gardiens
50848,hydropower
50849,inks
50850,ironstone
50851,jordens
50852,languishes
50853,laste
50854,majorite
50855,mobilized
50856,moralities
50857,mouvemens
50858,planten
50859,quieren
50860,rauhassa
50861,rectum
50862,rejoint
50863,reliability
50864,salieron
50865,seqq
50866,surcoat
50867,undulated
50868,useth
50869,vacarme
50870,voima
50871,voran
50872,academia
50873,celinda
50874,chanaan
50875,cholmly
50876,dorante
50877,fayetteville
50878,gawtrey
50879,harbert
50880,hone
50881,jonesboro
50882,leman
50883,mcconathy
50884,munden
50885,shoop
50886,trevalyon
50887,vathek
50888,zeug
50889,acheve
50890,agite
50891,archaeologist
50892,awl
50893,blueness
50894,bringest
50895,burcht
50896,compactness
50897,daban
50898,derjenige
50899,ikkunan
50900,interpolations
50901,joukossa
50902,leefde
50903,loathly
50904,makasi
50905,mentally
50906,mourait
50907,omaan
50908,orientale
50909,parlare
50910,poignee
50911,puissantes
50912,pusieron
50913,reproofs
50914,serveth
50915,stupefy
50916,temptingly
50917,underlay
50918,unrivaled
50919,upheavals
50920,veritably
50921,arcadians
50922,beats
50923,corson
50924,folgat
50925,gewissheit
50926,gudruda
50927,hennepin
50928,lamont
50929,langford
50930,roby
50931,seeley
50932,seguin
50933,thisbe
50934,trueman
50935,tubbs
50936,vivien
50937,windermere
50938,aftermath
50939,ajatellut
50940,arbeitete
50941,bougies
50942,cheekbones
50943,colpa
50944,cuisses
50945,dealings
50946,deanery
50947,dentelle
50948,disfigurement
50949,ellipses
50950,eves
50951,expunged
50952,faders
50953,flacon
50954,gelegentlich
50955,gimlet
50956,impregnate
50957,matar
50958,nebulae
50959,ordonnance
50960,pon
50961,radish
50962,scruff
50963,sichern
50964,supplier
50965,tapered
50966,unresting
50967,unsubdued
50968,vaya
50969,verkauft
50970,whisker
50971,archiv
50972,aristarchus
50973,arnott
50974,botschaft
50975,callaghan
50976,evidences
50977,gertie
50978,hargrave
50979,heinsius
50980,iona
50981,jorge
50982,massinger
50983,maul
50984,mcgee
50985,mehl
50986,naphtali
50987,tusculum
50988,vico
50989,ainakaan
50990,alights
50991,avows
50992,begleiten
50993,calculates
50994,calories
50995,catering
50996,chillun
50997,erklaerte
50998,filius
50999,foppery
51000,generales
51001,groveling
51002,hais
51003,huset
51004,insanely
51005,ivresse
51006,klingt
51007,lapsia
51008,nage
51009,pastel
51010,pieuse
51011,satirists
51012,strainer
51013,timidement
51014,trabajos
51015,trapeze
51016,treetops
51017,unloose
51018,unprofessional
51019,vergeben
51020,aboukir
51021,alford
51022,brad
51023,brannan
51024,chenier
51025,esteri
51026,headley
51027,joash
51028,kadesh
51029,kardinal
51030,karte
51031,lydiard
51032,roos
51033,tupman
51034,valens
51035,zauber
51036,accusative
51037,aviso
51038,beleeue
51039,broeders
51040,bung
51041,cochineal
51042,confesser
51043,cotillon
51044,crotchets
51045,cyclones
51046,daguerreotype
51047,disabuse
51048,disenchantment
51049,dormaient
51050,empower
51051,fas
51052,favoritism
51053,gefasst
51054,koud
51055,linens
51056,matkaa
51057,meate
51058,mkhya
51059,muche
51060,patrimonial
51061,pickerel
51062,regains
51063,sheaths
51064,spurns
51065,steken
51066,tolv
51067,unhooked
51068,willowy
51069,worser
51070,ascot
51071,aylesbury
51072,chaumont
51073,dalmatian
51074,edg
51075,fifine
51076,fontana
51077,galla
51078,gambier
51079,henchard
51080,isora
51081,kalevala
51082,korn
51083,marokko
51084,maso
51085,mcleod
51086,parolles
51087,romer
51088,roundheads
51089,sohrab
51090,spiele
51091,valancourt
51092,verhandlungen
51093,affectedly
51094,antiquarians
51095,begraben
51096,capitaines
51097,changeling
51098,clarify
51099,daartoe
51100,dissonant
51101,dist
51102,dowagers
51103,drouth
51104,effacing
51105,emulated
51106,entailing
51107,epoux
51108,eyeglasses
51109,falso
51110,fuyant
51111,gainful
51112,geladen
51113,getrokken
51114,glorie
51115,indentations
51116,mielen
51117,neut
51118,officiously
51119,ottamaan
51120,overdrawn
51121,plateaux
51122,publie
51123,rendrait
51124,savans
51125,subtract
51126,surpassingly
51127,tuntee
51128,verdwenen
51129,watchfully
51130,balbi
51131,belshazzar
51132,bulmer
51133,federigo
51134,hamerton
51135,holderness
51136,lxi
51137,mcintyre
51138,napoli
51139,pean
51140,plutarque
51141,sunda
51142,acolytes
51143,alienating
51144,anus
51145,arbutus
51146,crouches
51147,eintreten
51148,enge
51149,erreichte
51150,fina
51151,freebooter
51152,indi
51153,indited
51154,intimately
51155,jackanapes
51156,jumper
51157,lecon
51158,malcontent
51159,oordeel
51160,perdent
51161,perverting
51162,restez
51163,scilicet
51164,sophists
51165,spijt
51166,spunk
51167,sunstroke
51168,symbolizes
51169,trams
51170,unsold
51171,varas
51172,zingen
51173,aufnahme
51174,bahama
51175,bermudas
51176,bittridge
51177,dodsley
51178,donnelly
51179,fullerton
51180,gawden
51181,harlow
51182,herzogin
51183,lotte
51184,mazda
51185,moxos
51186,namens
51187,porges
51188,rodman
51189,saltram
51190,smallweed
51191,starratt
51192,twas
51193,zustimmung
51194,adeo
51195,amado
51196,beurt
51197,boost
51198,carpentry
51199,carronades
51200,cater
51201,chancelier
51202,conjures
51203,consistait
51204,crocheted
51205,dek
51206,delegations
51207,destra
51208,dilution
51209,entwine
51210,exemplu
51211,fondness
51212,hernach
51213,huid
51214,hydrocarbon
51215,impedimenta
51216,incognita
51217,mentis
51218,mistakenly
51219,momentos
51220,munter
51221,neber
51222,negra
51223,perfumery
51224,purples
51225,rattlesnakes
51226,simbolice
51227,sirloin
51228,steeping
51229,testamentary
51230,triremes
51231,unearth
51232,ungeheuren
51233,badr
51234,bradamante
51235,brede
51236,dux
51237,gatton
51238,gethryn
51239,lora
51240,margie
51241,maternus
51242,myron
51243,persepolis
51244,truesdale
51245,adulteries
51246,artig
51247,bijzondere
51248,bulrushes
51249,ciego
51250,cypher
51251,desserts
51252,destino
51253,disregards
51254,doorgaans
51255,excavating
51256,filer
51257,flecks
51258,fretfully
51259,gayon
51260,gravures
51261,habituel
51262,hablo
51263,hinds
51264,hoodwink
51265,humblement
51266,knewest
51267,kuulu
51268,ligga
51269,loiterers
51270,minnows
51271,misinterpret
51272,ofrece
51273,persone
51274,personnelles
51275,postmasters
51276,prive
51277,reelle
51278,refitted
51279,spoiler
51280,tailed
51281,tameness
51282,uncomely
51283,vermutlich
51284,vloog
51285,alexia
51286,cassia
51287,clytie
51288,crabb
51289,dufferin
51290,fairchild
51291,fritzing
51292,gow
51293,harney
51294,layton
51295,pisthetaerus
51296,prentice
51297,robledo
51298,sardanapalus
51299,soane
51300,sobieski
51301,taquisara
51302,umstaende
51303,yorkshireman
51304,zebedee
51305,zweige
51306,affectueux
51307,asioita
51308,baisse
51309,beneficiaries
51310,betaking
51311,betroffen
51312,bounder
51313,breaketh
51314,conserves
51315,dalen
51316,deplores
51317,digna
51318,disputant
51319,duurde
51320,dynamics
51321,entrent
51322,flavors
51323,gibbets
51324,hvilket
51325,idled
51326,individualities
51327,innig
51328,invece
51329,jeopardize
51330,kostbare
51331,laths
51332,lawfulness
51333,mou
51334,murk
51335,rearrangement
51336,roseaux
51337,sanza
51338,savored
51339,specialised
51340,trage
51341,wakker
51342,welks
51343,zilveren
51344,barnwell
51345,baudoin
51346,berks
51347,bouille
51348,breck
51349,castiglione
51350,cumming
51351,czarina
51352,eisenbahn
51353,eliab
51354,foss
51355,gerson
51356,ghek
51357,halvor
51358,hauch
51359,havelaar
51360,herat
51361,hypatia
51362,knechte
51363,kolbein
51364,lomond
51365,mame
51366,montbron
51367,mycenae
51368,patrasche
51369,saturninus
51370,trappe
51371,tuscarora
51372,zend
51373,aamuna
51374,avare
51375,bandanna
51376,brug
51377,charite
51378,condoled
51379,cruels
51380,eightieth
51381,enteramente
51382,envelops
51383,erysipelas
51384,folglich
51385,foll
51386,gedragen
51387,godsdienst
51388,hafva
51389,hunk
51390,irrecoverably
51391,maniacs
51392,permettent
51393,preeminent
51394,prijs
51395,problema
51396,quanti
51397,redoubted
51398,rempart
51399,riva
51400,snobbish
51401,stiess
51402,studie
51403,submerge
51404,supplicated
51405,uiucvmd
51406,badawi
51407,bedreddin
51408,belward
51409,cabell
51410,caudle
51411,elbert
51412,fielitz
51413,gallico
51414,jacobo
51415,mom
51416,restauration
51417,allays
51418,arquebusiers
51419,conclu
51420,courent
51421,depreciating
51422,eindelyk
51423,figlia
51424,fondant
51425,freundliche
51426,groin
51427,handes
51428,inga
51429,maniacal
51430,matrimonio
51431,moveth
51432,neem
51433,nuire
51434,obese
51435,oltre
51436,opalescent
51437,paniers
51438,proportionable
51439,psychologically
51440,puntos
51441,purgative
51442,remplace
51443,retraction
51444,rijke
51445,scalloped
51446,volmaakt
51447,waggish
51448,weepe
51449,youngish
51450,blackwater
51451,condillac
51452,devlin
51453,diantha
51454,fanchon
51455,grimani
51456,kennebec
51457,knut
51458,maxine
51459,pevensey
51460,placentia
51461,romanists
51462,snell
51463,syrie
51464,tao
51465,voyant
51466,woodbury
51467,abondance
51468,blij
51469,boit
51470,chutes
51471,conto
51472,conveniency
51473,ecus
51474,embalm
51475,ernstlich
51476,favoris
51477,financed
51478,furia
51479,granules
51480,hago
51481,hurtled
51482,illos
51483,installing
51484,mealy
51485,nix
51486,nosegays
51487,octagon
51488,potage
51489,premonitions
51490,quedo
51491,rafter
51492,rapportait
51493,relevait
51494,ripest
51495,rosin
51496,snobs
51497,surlendemain
51498,tane
51499,unschuldig
51500,uskaltanut
51501,vibratory
51502,vignes
51503,visibility
51504,ardworth
51505,bainrothe
51506,brierly
51507,chatre
51508,hapgood
51509,hausfrau
51510,hendricks
51511,holymead
51512,junia
51513,klarheit
51514,leistung
51515,lukin
51516,mesty
51517,oakley
51518,palmet
51519,philothea
51520,snyder
51521,summerhay
51522,unorna
51523,aimant
51524,allemal
51525,augenblicklich
51526,bitt
51527,blubbering
51528,brille
51529,coif
51530,demigods
51531,dioceses
51532,dodges
51533,duns
51534,equall
51535,fuertes
51536,gravitate
51537,helix
51538,huic
51539,inveigle
51540,joists
51541,longish
51542,magnifies
51543,makings
51544,moderating
51545,neigte
51546,ordentlich
51547,outriders
51548,palpitations
51549,placarded
51550,skated
51551,spraken
51552,starves
51553,stiffer
51554,syde
51555,undetected
51556,versammelt
51557,wadded
51558,walke
51559,bolsheviki
51560,bussi
51561,camper
51562,carnaby
51563,dene
51564,gesinnungen
51565,giddings
51566,gimblet
51567,hoboken
51568,mariposa
51569,ogareff
51570,roswitha
51571,sancta
51572,schild
51573,tibby
51574,actuate
51575,bisweilen
51576,capons
51577,disarray
51578,granda
51579,haillons
51580,hawsers
51581,interdiction
51582,kasvoi
51583,kleederen
51584,maximes
51585,ozs
51586,parlerai
51587,precipitates
51588,relict
51589,retardation
51590,roeden
51591,royales
51592,shipwrecks
51593,tela
51594,temporis
51595,verschlossen
51596,whoops
51597,anastasius
51598,bagnet
51599,damian
51600,dougal
51601,eastport
51602,einwohner
51603,kreisen
51604,kurtz
51605,laocoon
51606,mahadeva
51607,mazeroux
51608,michele
51609,moldova
51610,nacional
51611,polizei
51612,sca
51613,traverso
51614,aspersion
51615,assessments
51616,attendent
51617,bur
51618,causerie
51619,charlatans
51620,clameur
51621,cockles
51622,deszelfs
51623,dotes
51624,ejemplo
51625,fauve
51626,gaine
51627,germinating
51628,imstande
51629,kertoa
51630,kiitos
51631,leeft
51632,liners
51633,mangeant
51634,mettra
51635,misconstrued
51636,nyss
51637,oeffnete
51638,openeth
51639,ornery
51640,oubliait
51641,oudste
51642,ovejas
51643,partons
51644,parure
51645,promet
51646,recourir
51647,renversa
51648,ruumiin
51649,salting
51650,sittliche
51651,smokers
51652,snuffling
51653,taels
51654,varmaankin
51655,warr
51656,zorgen
51657,achab
51658,bostil
51659,delorme
51660,drumsheugh
51661,emirs
51662,estonia
51663,jeppe
51664,knipp
51665,michaud
51666,mitchel
51667,mukaukas
51668,olihan
51669,parrott
51670,pilar
51671,porphyrius
51672,reuss
51673,strindberg
51674,weges
51675,acolyte
51676,algebraic
51677,approximating
51678,bivalve
51679,bronchial
51680,burgers
51681,chisels
51682,conozco
51683,diceva
51684,droom
51685,extremists
51686,eyrie
51687,forsaken
51688,gewahr
51689,gummed
51690,holsters
51691,homing
51692,jagen
51693,jailor
51694,kaunista
51695,letras
51696,lifeboat
51697,ljus
51698,misconstruction
51699,nuoret
51700,offres
51701,omnino
51702,privateering
51703,slump
51704,theism
51705,unmade
51706,worshiper
51707,bergamo
51708,canadas
51709,creighton
51710,dalgetty
51711,durrett
51712,essenes
51713,fairford
51714,gath
51715,huguette
51716,lenten
51717,maren
51718,peasley
51719,sherif
51720,sumerian
51721,torero
51722,appelez
51723,befohlen
51724,caches
51725,conviviality
51726,courthouse
51727,courtroom
51728,cueillir
51729,echange
51730,fora
51731,freezer
51732,joueurs
51733,lorn
51734,manchem
51735,modum
51736,ninepence
51737,riss
51738,schijnen
51739,trein
51740,visschen
51741,wakens
51742,aguilar
51743,ashburton
51744,balbilla
51745,bebel
51746,braintop
51747,capulet
51748,delacroix
51749,demerara
51750,edw
51751,eldridge
51752,kristi
51753,krupp
51754,lauri
51755,ld
51756,lynne
51757,moabites
51758,nejdanov
51759,telford
51760,tribunate
51761,vinet
51762,xanthe
51763,ankoraux
51764,anticipatory
51765,boulets
51766,corporals
51767,dentelles
51768,dumm
51769,emportait
51770,fanno
51771,hadna
51772,hadt
51773,idolater
51774,jocularly
51775,lingeringly
51776,longitudinally
51777,mends
51778,messmates
51779,muffling
51780,namelijk
51781,raschen
51782,rosebuds
51783,ruffianly
51784,rumpus
51785,sarcophagi
51786,sida
51787,taeglich
51788,tanquam
51789,tious
51790,aldclyffe
51791,amrei
51792,arminians
51793,arnot
51794,brusch
51795,daniella
51796,dapple
51797,enos
51798,floss
51799,hylda
51800,kiribati
51801,mahrattas
51802,mescal
51803,nothwendigkeit
51804,pleydell
51805,requesens
51806,rosina
51807,thiodolf
51808,waymark
51809,airplane
51810,cavalrymen
51811,cercles
51812,cockatoos
51813,compilers
51814,convexity
51815,deben
51816,divino
51817,expressively
51818,forbad
51819,gasten
51820,indefatigably
51821,lieblich
51822,limpide
51823,moralische
51824,obschon
51825,oubli
51826,permeate
51827,pes
51828,prepaid
51829,relaciones
51830,reprovingly
51831,salade
51832,satisfaite
51833,spouses
51834,thynges
51835,tylko
51836,vigoureusement
51837,vilify
51838,visualize
51839,voracity
51840,beranger
51841,bernardin
51842,cordeliers
51843,gotham
51844,heft
51845,hofrat
51846,honorine
51847,humane
51848,poco
51849,tibetans
51850,tougaloo
51851,vedanta
51852,wardle
51853,avuto
51854,boate
51855,cheapen
51856,demanderai
51857,dogging
51858,earners
51859,empero
51860,eschewed
51861,eussiez
51862,flotsam
51863,fuyait
51864,hief
51865,hoeher
51866,intestate
51867,lethal
51868,linger
51869,lukea
51870,militar
51871,mobiles
51872,nessuno
51873,pendait
51874,pharmacy
51875,precipitancy
51876,primeras
51877,saucily
51878,seances
51879,tesoro
51880,tittering
51881,toot
51882,topmast
51883,trata
51884,yds
51885,berlaymont
51886,eclac
51887,gallilee
51888,hospice
51889,jekyll
51890,marcellinus
51891,northumbria
51892,pedgift
51893,seryozha
51894,soviets
51895,vollkommenheit
51896,wiese
51897,wynn
51898,zweig
51899,adoptive
51900,brak
51901,buttressed
51902,contretemps
51903,creamed
51904,creuser
51905,dawdle
51906,dazwischen
51907,disciplining
51908,elegancies
51909,encourager
51910,entgegengesetzten
51911,fleetest
51912,happie
51913,helposti
51914,indurated
51915,leathers
51916,linke
51917,maggot
51918,montent
51919,neophytes
51920,nimbleness
51921,onnellinen
51922,overtuigd
51923,presa
51924,quindi
51925,ruelle
51926,silmiin
51927,snappy
51928,suitability
51929,todt
51930,vacances
51931,veli
51932,vierkante
51933,virtu
51934,visitants
51935,voyaged
51936,bemerkungen
51937,bines
51938,coromandel
51939,eyck
51940,herse
51941,jadwin
51942,lxx
51943,lupus
51944,maldives
51945,matta
51946,pera
51947,plutus
51948,reb
51949,ueberzeugung
51950,willens
51951,yiddish
51952,arrogated
51953,blanching
51954,burneth
51955,covets
51956,dargestellt
51957,divisional
51958,earthward
51959,enleva
51960,erstere
51961,estava
51962,fives
51963,froides
51964,gloomier
51965,greffier
51966,hata
51967,headmen
51968,heroin
51969,ilma
51970,inmenso
51971,instr
51972,kalm
51973,kiireesti
51974,kleed
51975,parles
51976,peignoir
51977,polvo
51978,proprietaire
51979,ridged
51980,silicate
51981,structura
51982,tyckte
51983,unready
51984,utilise
51985,voleva
51986,ayer
51987,cotg
51988,delagoa
51989,dudevant
51990,eliz
51991,erzbischof
51992,fabr
51993,flexen
51994,greyle
51995,gwilt
51996,immanuel
51997,nicholls
51998,perrault
51999,shrove
52000,signoria
52001,spannung
52002,tau
52003,unhcr
52004,vianen
52005,vogt
52006,wye
52007,appertained
52008,begynte
52009,bewogen
52010,boos
52011,breadths
52012,cockatoo
52013,conciseness
52014,conserva
52015,constate
52016,coquins
52017,dede
52018,dilapidation
52019,dosed
52020,droppings
52021,ecarte
52022,equivocation
52023,etroite
52024,experimentation
52025,fierte
52026,gel
52027,imagen
52028,innuendoes
52029,juror
52030,lhomme
52031,mori
52032,parrying
52033,penning
52034,rungs
52035,silke
52036,stilly
52037,tenons
52038,tofore
52039,treuen
52040,ulkona
52041,unlicensed
52042,venster
52043,verbreitet
52044,verdriet
52045,verliebt
52046,volant
52047,wachsen
52048,wirkte
52049,beckwith
52050,botcher
52051,conant
52052,dmitrievna
52053,ebrd
52054,egypten
52055,gourgaud
52056,gratton
52057,gwendolyn
52058,harkness
52059,isham
52060,keizer
52061,kurds
52062,maluka
52063,monaten
52064,silla
52065,spink
52066,tickell
52067,tippoo
52068,torquemada
52069,accountability
52070,actos
52071,circulaire
52072,circumstantially
52073,cliques
52074,committal
52075,counterpoint
52076,criados
52077,defrauding
52078,discret
52079,dorst
52080,faon
52081,fireless
52082,fosters
52083,gambol
52084,gewinnt
52085,hallado
52086,heifers
52087,heightens
52088,misinterpretation
52089,orages
52090,peroxide
52091,philosophizing
52092,photographers
52093,respecto
52094,rimes
52095,savante
52096,scantiness
52097,scrivener
52098,sonrisa
52099,stap
52100,unconvinced
52101,viisi
52102,wieviel
52103,zucht
52104,atten
52105,avesta
52106,buche
52107,byers
52108,calpurnius
52109,castruccio
52110,cissy
52111,fionn
52112,geissler
52113,hipparchus
52114,jombateeste
52115,jorian
52116,katri
52117,mclane
52118,mincio
52119,morrice
52120,protarchus
52121,razumihin
52122,sanchia
52123,simons
52124,veraenderung
52125,wildrake
52126,aco
52127,anglers
52128,applauses
52129,arabesque
52130,assim
52131,countermanded
52132,dissevered
52133,echtgenoot
52134,ecrits
52135,escaliers
52136,etabli
52137,fuehlen
52138,fuesen
52139,huius
52140,inartistic
52141,intirely
52142,lavatory
52143,mattock
52144,menti
52145,parse
52146,passerent
52147,peddling
52148,poikansa
52149,raisonnements
52150,sitters
52151,tambours
52152,telepathy
52153,tirtha
52154,unbolted
52155,uncomplimentary
52156,vider
52157,wendete
52158,yesternight
52159,zuchtte
52160,brie
52161,britton
52162,coryndon
52163,dauphiness
52164,escovedo
52165,hannay
52166,haupte
52167,henriot
52168,jeekie
52169,jessup
52170,johanan
52171,kayan
52172,kranz
52173,lenz
52174,mivart
52175,mondragon
52176,neva
52177,niels
52178,ola
52179,palgrave
52180,reiches
52181,slavin
52182,vauban
52183,zeller
52184,aardig
52185,ancianos
52186,arbitrament
52187,butchering
52188,checkers
52189,congruous
52190,copiousness
52191,cung
52192,draughty
52193,eclaire
52194,ecoutait
52195,foire
52196,foisted
52197,fuehlt
52198,gewoonlijk
52199,haastig
52200,iedere
52201,kiosk
52202,megaphone
52203,obern
52204,overstepped
52205,povero
52206,punk
52207,recte
52208,seltsamen
52209,shortcoming
52210,soutient
52211,stolzen
52212,undated
52213,venturous
52214,wederom
52215,workable
52216,zuiver
52217,acheron
52218,barabbas
52219,baretti
52220,callender
52221,dempster
52222,eleanore
52223,gesinnung
52224,jacobinism
52225,jennifer
52226,legree
52227,leonarda
52228,lippo
52229,lusignan
52230,pitman
52231,schmach
52232,spruch
52233,tann
52234,tay
52235,verdugo
52236,affixing
52237,alliteration
52238,cabby
52239,clement
52240,counsell
52241,dictated
52242,distillery
52243,engrafted
52244,externe
52245,filings
52246,forgit
52247,gemeine
52248,guardsmen
52249,habituellement
52250,harmonised
52251,heires
52252,imbue
52253,johdosta
52254,lointaines
52255,midwives
52256,powdering
52257,slaved
52258,spanking
52259,taxable
52260,unlikeness
52261,wau
52262,woi
52263,abenteuer
52264,dolph
52265,hohenlohe
52266,individuum
52267,maclean
52268,meneval
52269,morgana
52270,perpignan
52271,pott
52272,strepsiades
52273,sismondi
52274,thuvia
52275,untergang
52276,adjusts
52277,annulling
52278,atencion
52279,atheistic
52280,caravane
52281,cormorant
52282,criticises
52283,curule
52284,depositors
52285,designers
52286,deutlicher
52287,eligibility
52288,elucidated
52289,encumbrances
52290,feliz
52291,forecasting
52292,guider
52293,herrschte
52294,homem
52295,housings
52296,immolated
52297,industrialism
52298,intermarried
52299,laechelnd
52300,laisserait
52301,nudging
52302,offrant
52303,passerait
52304,peregrinations
52305,pulsed
52306,quintals
52307,rebelles
52308,sidling
52309,supervened
52310,suspenders
52311,sest
52312,tagged
52313,unui
52314,zerstreut
52315,angell
52316,bedivere
52317,butterfield
52318,cl
52319,deppingham
52320,deringham
52321,dhrishtadyumna
52322,doct
52323,elkanah
52324,fingern
52325,frejus
52326,glenallan
52327,joliet
52328,lipa
52329,moppet
52330,presbyterianism
52331,scarlett
52332,tonty
52333,transliteration
52334,wendung
52335,wicklow
52336,yakov
52337,aegis
52338,aikoina
52339,bridling
52340,brieven
52341,chaines
52342,clanked
52343,corpulence
52344,degraded
52345,encrease
52346,gracieusement
52347,hacerse
52348,halberdiers
52349,jointes
52350,jouissait
52351,katsoo
52352,legerdemain
52353,misdeed
52354,obtuseness
52355,overshot
52356,parchemin
52357,pedir
52358,pleasance
52359,pretenses
52360,quarryman
52361,ranting
52362,remettait
52363,remettant
52364,repulsing
52365,routs
52366,samaan
52367,sconces
52368,seceding
52369,shekel
52370,silt
52371,straggler
52372,tressaillir
52373,unico
52374,unrewarded
52375,unsaddled
52376,usus
52377,velut
52378,verges
52379,blackheath
52380,bowyer
52381,bucklaw
52382,colden
52383,croll
52384,delaney
52385,georgians
52386,hopi
52387,jud
52388,klux
52389,konrad
52390,nansen
52391,nicanor
52392,petersen
52393,sahadeva
52394,sheraton
52395,affirmatively
52396,alzoo
52397,appanage
52398,briques
52399,bruine
52400,demjenigen
52401,devilry
52402,dilatation
52403,empeche
52404,encuentran
52405,erwerben
52406,falsa
52407,forelegs
52408,gemoed
52409,hetzij
52410,irrelevantly
52411,klare
52412,manured
52413,manuring
52414,moge
52415,peintres
52416,ponen
52417,preter
52418,prosecutors
52419,raze
52420,reassert
52421,ruck
52422,rund
52423,starker
52424,thriven
52425,tragedians
52426,untrammeled
52427,upholder
52428,verities
52429,ameer
52430,aufregung
52431,babalatchi
52432,belgrave
52433,bossu
52434,considine
52435,dinmont
52436,eleseus
52437,juarez
52438,kapelle
52439,kirkbank
52440,lecount
52441,middletown
52442,palerme
52443,runyon
52444,statira
52445,yeo
52446,aamulla
52447,applauds
52448,asiassa
52449,boyishly
52450,cuckoos
52451,cyanide
52452,darter
52453,devriez
52454,digestible
52455,eneugh
52456,enferme
52457,erklaert
52458,forebears
52459,laissai
52460,ligature
52461,luid
52462,mystically
52463,neutralised
52464,orage
52465,perswaded
52466,posee
52467,putea
52468,querer
52469,resurrected
52470,riderless
52471,scuttling
52472,segregated
52473,selig
52474,similitudes
52475,sleepiness
52476,sovereignties
52477,womanliness
52478,antero
52479,aziz
52480,bazaine
52481,chaka
52482,decker
52483,disko
52484,falco
52485,hollandais
52486,iadb
52487,romero
52488,sarawak
52489,skimpole
52490,texel
52491,vaca
52492,verden
52493,vergleichung
52494,belched
52495,burros
52496,churchwarden
52497,competitions
52498,continuelle
52499,cooperating
52500,crusader
52501,dachten
52502,dauerte
52503,debauchee
52504,demnach
52505,distributions
52506,dotting
52507,dringt
52508,dumbness
52509,ennuyeux
52510,exorcism
52511,expostulating
52512,incites
52513,inhalation
52514,kvinnor
52515,lobbies
52516,motored
52517,necromancy
52518,shrilling
52519,squirt
52520,starchy
52521,unevenly
52522,unpeopled
52523,ventilator
52524,academie
52525,asche
52526,ausgabe
52527,berbers
52528,bhutan
52529,donau
52530,duffy
52531,evangelio
52532,eysvogel
52533,gilgal
52534,gottheit
52535,ireton
52536,lerma
52537,marmontel
52538,marryat
52539,mochuda
52540,moya
52541,neuburg
52542,quinn
52543,sissy
52544,southwell
52545,torcy
52546,trauer
52547,vizard
52548,wtoo
52549,winterbourne
52550,altas
52551,anyways
52552,beest
52553,bouge
52554,brandish
52555,buskins
52556,chasten
52557,concretions
52558,coxcombs
52559,croissante
52560,diffidently
52561,exquise
52562,faither
52563,fertilization
52564,genoodzaakt
52565,gentlefolk
52566,gerufen
52567,gramophone
52568,halberds
52569,indefeasible
52570,individualized
52571,mawkish
52572,monen
52573,murrain
52574,offrent
52575,oiling
52576,parlar
52577,partez
52578,pend
52579,pensaba
52580,regna
52581,snack
52582,trusteth
52583,viimeinen
52584,washer
52585,wrongdoing
52586,alcala
52587,beginn
52588,bonaventure
52589,foix
52590,gerhardt
52591,hitler
52592,jno
52593,lara
52594,polykarp
52595,rosine
52596,aloe
52597,befanden
52598,begleitete
52599,contigo
52600,crumbles
52601,dretful
52602,dromedary
52603,egotistic
52604,enkelen
52605,ennobles
52606,escritoire
52607,exorcisms
52608,factum
52609,forets
52610,founde
52611,frizzled
52612,greift
52613,hostiles
52614,inerte
52615,malarious
52616,marito
52617,metaphysic
52618,microbe
52619,neugierig
52620,runden
52621,sensualist
52622,temoins
52623,toddle
52624,unmake
52625,vermogen
52626,wainscoted
52627,chiffinch
52628,coulanges
52629,endnotes
52630,ladko
52631,mell
52632,milman
52633,neufchatel
52634,occident
52635,oran
52636,peloponnesians
52637,pippa
52638,puebla
52639,raglan
52640,sancerre
52641,stendhal
52642,weald
52643,assiste
52644,concatenation
52645,conduisant
52646,confesseur
52647,connut
52648,cosmogony
52649,coupait
52650,discriminations
52651,dismission
52652,divesting
52653,eclogues
52654,electrons
52655,enrolling
52656,equalling
52657,fordern
52658,grausam
52659,illan
52660,kalla
52661,kotia
52662,liketh
52663,mejores
52664,nankeen
52665,panoramic
52666,paternel
52667,rentes
52668,solemne
52669,tatting
52670,toonen
52671,unsearchable
52672,unus
52673,vael
52674,vies
52675,vorzugsweise
52676,whiskered
52677,anstruther
52678,barca
52679,bohn
52680,boleslas
52681,cenis
52682,courtland
52683,dreyfus
52684,iberia
52685,janina
52686,katze
52687,korah
52688,maschinen
52689,nicene
52690,platonists
52691,prado
52692,sanna
52693,totten
52694,adventuring
52695,aggrandisement
52696,assignments
52697,borderers
52698,breedte
52699,burne
52700,coagulated
52701,convenance
52702,copyists
52703,diversas
52704,eneste
52705,ernsthaft
52706,estilo
52707,exigent
52708,fouiller
52709,fretfulness
52710,gutted
52711,hussards
52712,idyll
52713,imiter
52714,miraba
52715,mousseline
52716,onus
52717,pivoted
52718,reckonings
52719,resistant
52720,schmalen
52721,siquiera
52722,sitta
52723,somersaults
52724,sufficing
52725,sursaut
52726,throughly
52727,vertraut
52728,virum
52729,vulgaires
52730,vuoren
52731,wahine
52732,workpeople
52733,beata
52734,errington
52735,foch
52736,fyodor
52737,geschwindigkeit
52738,glengarry
52739,guion
52740,islander
52741,meleager
52742,mellish
52743,moffatt
52744,papiere
52745,pompeian
52746,prakriti
52747,rassi
52748,ridgeway
52749,romola
52750,rt
52751,ruch
52752,shand
52753,tugenden
52754,aisement
52755,antidotes
52756,arriverent
52757,blijdschap
52758,brooked
52759,cajoling
52760,claires
52761,comida
52762,congeries
52763,consigne
52764,douceurs
52765,entitling
52766,eyen
52767,gages
52768,gainsaying
52769,imperium
52770,inchoate
52771,insensiblement
52772,ists
52773,martyre
52774,missal
52775,mordre
52776,numerously
52777,oculos
52778,orgueilleux
52779,parasta
52780,puhuu
52781,punctilio
52782,quatuor
52783,rahat
52784,reizigers
52785,socialistes
52786,speeded
52787,stemmed
52788,superincumbent
52789,taillis
52790,tightness
52791,timp
52792,ungefaehr
52793,aesculapius
52794,antipas
52795,bluecher
52796,bruton
52797,cerro
52798,dodgson
52799,ecco
52800,ethelbert
52801,farao
52802,liisan
52803,liz
52804,marconi
52805,paganini
52806,pazzi
52807,pontis
52808,pulo
52809,rizzo
52810,rnal
52811,scena
52812,torgau
52813,triassic
52814,wonderland
52815,affluents
52816,altoos
52817,archness
52818,auta
52819,capote
52820,ciertos
52821,cinema
52822,cognitive
52823,concernment
52824,convenablement
52825,detains
52826,detours
52827,diverts
52828,droben
52829,entendez
52830,forefeet
52831,hominis
52832,hommages
52833,humourist
52834,hydrophobia
52835,informality
52836,interrogating
52837,investor
52838,jusques
52839,kaikissa
52840,kaleidoscopic
52841,kalte
52842,lonelier
52843,lyke
52844,majestueux
52845,mooring
52846,obstructs
52847,pates
52848,plaise
52849,pomposity
52850,queues
52851,remodel
52852,sinken
52853,skippers
52854,syy
52855,taloon
52856,teuer
52857,thudding
52858,trachtte
52859,unshakable
52860,wingless
52861,zoorten
52862,nnu
52863,alkibiades
52864,amazonian
52865,ausgaben
52866,bev
52867,bonard
52868,catawba
52869,derringham
52870,gamp
52871,gawayne
52872,hilmer
52873,kilgobbin
52874,kirschner
52875,macavoy
52876,objekte
52877,sharlee
52878,sieger
52879,thersites
52880,woodbourne
52881,acceding
52882,angled
52883,beneficially
52884,besonderer
52885,captaincy
52886,casos
52887,colpo
52888,curdle
52889,dearness
52890,detritus
52891,embezzlement
52892,empfunden
52893,eulogistic
52894,fennel
52895,flume
52896,hypodermic
52897,involontairement
52898,lourdement
52899,maior
52900,noticias
52901,obtaineth
52902,ondt
52903,oon
52904,outran
52905,poignet
52906,poussent
52907,rauhan
52908,relatifs
52909,sabio
52910,sentinelles
52911,spiritus
52912,uncharted
52913,vanhaa
52914,verpflichtet
52915,vulgo
52916,abijah
52917,agustin
52918,arius
52919,arnault
52920,assn
52921,baldur
52922,burckhardt
52923,capuchins
52924,elfride
52925,etymol
52926,flamm
52927,juffrouw
52928,karenin
52929,maret
52930,montresor
52931,pagello
52932,schrei
52933,umstaenden
52934,vaugirard
52935,addled
52936,adjoins
52937,ambassadeur
52938,communicants
52939,concocting
52940,coton
52941,dreariest
52942,dronken
52943,ducts
52944,ebensowenig
52945,erects
52946,forgo
52947,givers
52948,grito
52949,increaseth
52950,infame
52951,informants
52952,lauloi
52953,mata
52954,moeglichen
52955,mortels
52956,nothin
52957,nothink
52958,ogling
52959,posso
52960,proscrit
52961,pugilist
52962,recked
52963,redoutait
52964,removals
52965,ressembler
52966,sleepeth
52967,staged
52968,taboos
52969,textbooks
52970,vermeiden
52971,vicegerent
52972,zulks
52973,abigael
52974,billingsgate
52975,chauncy
52976,comoros
52977,dusseldorf
52978,etain
52979,garnet
52980,glistonbury
52981,illyrian
52982,kafirs
52983,kirkland
52984,krug
52985,lila
52986,lyndon
52987,marblehead
52988,mckenzie
52989,perfecta
52990,portugals
52991,reinhard
52992,reverdy
52993,statthalter
52994,steenie
52995,thorstein
52996,ungarn
52997,whitfield
52998,acutest
52999,analysing
53000,apportant
53001,appuyant
53002,beseemed
53003,commonness
53004,compliant
53005,comprehensiveness
53006,cuirasse
53007,delirio
53008,devenues
53009,devraient
53010,entwickelte
53011,etsi
53012,exercices
53013,fragility
53014,gemeenschap
53015,immortalize
53016,inheritors
53017,inhumanly
53018,libertines
53019,maiming
53020,miscalled
53021,mystify
53022,niente
53023,pestering
53024,quanta
53025,reassembled
53026,saca
53027,sapient
53028,stupified
53029,supprimer
53030,swordsmen
53031,trilled
53032,ungrammatical
53033,vaikea
53034,veertig
53035,vigilantly
53036,boeotians
53037,bulgars
53038,capricorn
53039,haskell
53040,mcculloch
53041,nacken
53042,neri
53043,posen
53044,rollin
53045,ungeduld
53046,villette
53047,watauga
53048,zuege
53049,aa
53050,arraying
53051,assignable
53052,attribuer
53053,biped
53054,blurt
53055,chimpanzee
53056,discoloration
53057,efflorescence
53058,forcemeat
53059,frittered
53060,gabbling
53061,grotesqueness
53062,haggle
53063,importantly
53064,imprints
53065,irritant
53066,kaiserlichen
53067,kg
53068,kuulunut
53069,marveling
53070,orateur
53071,perfunctorily
53072,pneumatic
53073,potencia
53074,prolongs
53075,promena
53076,resultats
53077,savouring
53078,signaler
53079,streamlets
53080,stressed
53081,suya
53082,underestimated
53083,wariness
53084,whiled
53085,bassorah
53086,cheddar
53087,dowden
53088,druses
53089,eumaeus
53090,freman
53091,goldthwaite
53092,hoelle
53093,javanese
53094,lalande
53095,manator
53096,mantuan
53097,minotaur
53098,plumer
53099,theos
53100,turkmenistan
53101,verderben
53102,allumer
53103,bookkeeping
53104,bouger
53105,clamps
53106,deceivers
53107,dezelven
53108,diapason
53109,escarpment
53110,flottant
53111,fluke
53112,fosses
53113,fost
53114,goldene
53115,greaves
53116,humanistic
53117,langes
53118,megalithic
53119,munch
53120,nays
53121,notepaper
53122,positiveness
53123,quatro
53124,responsable
53125,returneth
53126,rosaries
53127,snubbing
53128,soutane
53129,trustworthiness
53130,unwrapped
53131,vorueber
53132,wagt
53133,youre
53134,abgrund
53135,baree
53136,bendigo
53137,braham
53138,carrollton
53139,chilo
53140,concluding
53141,dinks
53142,ecclesiasticus
53143,einfall
53144,faden
53145,franschen
53146,gebiete
53147,hartfield
53148,leavitt
53149,legazpi
53150,mahan
53151,pasquin
53152,sinbad
53153,stillwell
53154,thaller
53155,vanuatu
53156,adverting
53157,anie
53158,cantonment
53159,cinquantaine
53160,ennuis
53161,fireproof
53162,garniture
53163,hilltops
53164,indict
53165,jeszcze
53166,mysterieuse
53167,panniers
53168,peaux
53169,prs
53170,regni
53171,saucepans
53172,sguardo
53173,snelheid
53174,tailoring
53175,vedi
53176,veillait
53177,bournemouth
53178,einar
53179,germains
53180,grimsby
53181,hahnemann
53182,hemstead
53183,islas
53184,jenney
53185,julich
53186,mahommedan
53187,mehemet
53188,mersey
53189,noor
53190,rayne
53191,sibylline
53192,taavi
53193,toogood
53194,aehnlich
53195,arabe
53196,bekende
53197,bekommt
53198,bewijzen
53199,cimetiere
53200,cowherd
53201,dacent
53202,developpement
53203,exerce
53204,fermement
53205,fomenting
53206,iloa
53207,inferring
53208,ironique
53209,kleinsten
53210,lawfull
53211,lookest
53212,loyalist
53213,mangea
53214,orifices
53215,premised
53216,profitant
53217,radiator
53218,recrudescence
53219,remarquai
53220,requireth
53221,sceau
53222,sepulcher
53223,shackle
53224,sti
53225,tasselled
53226,temporize
53227,theorem
53228,unopposed
53229,viajero
53230,caiaphas
53231,castlemayne
53232,ducie
53233,fijian
53234,girardin
53235,hosanna
53236,jarvie
53237,jeffries
53238,lordy
53239,margarete
53240,pilkington
53241,pomeranian
53242,rameri
53243,sisera
53244,sperry
53245,syme
53246,veranlassung
53247,augmentait
53248,choux
53249,conduced
53250,convergence
53251,entraine
53252,farinaceous
53253,flagitious
53254,gamma
53255,haies
53256,honden
53257,horte
53258,ignorer
53259,itched
53260,juryman
53261,marquises
53262,nek
53263,peor
53264,pertes
53265,punctiliously
53266,ranchman
53267,remue
53268,retrench
53269,rewrite
53270,scull
53271,sinneth
53272,splenetic
53273,stockman
53274,transcripts
53275,ungentlemanly
53276,vollstaendig
53277,weaklings
53278,adrast
53279,antar
53280,axtell
53281,boynton
53282,cesario
53283,cir
53284,engle
53285,entschluss
53286,fenella
53287,galapagos
53288,gleason
53289,koenraad
53290,lavoisier
53291,lupeaulx
53292,mannigfaltigkeit
53293,marbury
53294,nayland
53295,novum
53296,plowden
53297,princely
53298,squercum
53299,tigellinus
53300,tonya
53301,amplest
53302,anderem
53303,bauen
53304,bono
53305,costliness
53306,domineer
53307,forecasts
53308,husbanded
53309,ipsis
53310,lijf
53311,loike
53312,lorgnette
53313,loues
53314,lumberman
53315,mga
53316,millers
53317,outweighs
53318,painstakingly
53319,produisent
53320,pyramide
53321,refreshes
53322,sandbank
53323,schudde
53324,singw
53325,sliver
53326,sonnaient
53327,strid
53328,sublimer
53329,supremest
53330,unappreciated
53331,unblest
53332,viler
53333,wisten
53334,astoria
53335,bashwood
53336,camisards
53337,caterina
53338,colleville
53339,gibeon
53340,idb
53341,joffre
53342,kanmakan
53343,kenric
53344,kershaw
53345,krieger
53346,kut
53347,oporto
53348,pulaski
53349,redwood
53350,shawn
53351,valentia
53352,woodruff
53353,zermatt
53354,amertume
53355,anglaises
53356,aurai
53357,batches
53358,billowing
53359,boathouse
53360,calomnies
53361,clapper
53362,damosel
53363,demarche
53364,demoralised
53365,desgracia
53366,drames
53367,emaciation
53368,emblematical
53369,erelong
53370,familiarities
53371,ferryboat
53372,foxy
53373,gant
53374,guisa
53375,hardis
53376,hellebore
53377,inconnues
53378,kuule
53379,lampoon
53380,leniently
53381,likasom
53382,lunette
53383,maasta
53384,miltei
53385,neanmoins
53386,nebeneinander
53387,ontmoet
53388,palier
53389,reincarnation
53390,remarquables
53391,salen
53392,shuttlecock
53393,simplicite
53394,soupcon
53395,sputter
53396,uf
53397,undertones
53398,ungoverned
53399,verdades
53400,vetu
53401,voorschijn
53402,werkelijkheid
53403,wonen
53404,bac
53405,burrell
53406,bursche
53407,carbo
53408,corysandre
53409,cyclopedia
53410,deering
53411,doug
53412,elmo
53413,freemasons
53414,grandissime
53415,jaafer
53416,levitical
53417,melky
53418,mesrour
53419,mienen
53420,onesimus
53421,stockdale
53422,thessalonica
53423,torpenhow
53424,affectait
53425,bins
53426,brebis
53427,callest
53428,canceled
53429,cleric
53430,couvertures
53431,curator
53432,downhearted
53433,downtrodden
53434,duchessa
53435,dumpy
53436,ebullitions
53437,evig
53438,fernen
53439,gebeten
53440,glowed
53441,heiraten
53442,hice
53443,intimidating
53444,pivotal
53445,prevenu
53446,rebuffed
53447,regimentals
53448,reprobates
53449,reprochait
53450,rike
53451,rouged
53452,sheathe
53453,solicits
53454,sorrier
53455,spick
53456,spore
53457,squeaky
53458,treacheries
53459,uncorked
53460,uterine
53461,violoncello
53462,wafting
53463,zelfden
53464,ariston
53465,barak
53466,bearwarden
53467,cesarine
53468,darrel
53469,dowling
53470,ereignis
53471,lipsius
53472,mulgrave
53473,ongar
53474,orkneys
53475,stimson
53476,volks
53477,woodbridge
53478,aces
53479,amplify
53480,apologist
53481,broussailles
53482,buckram
53483,campaigner
53484,carters
53485,chaloupe
53486,charioteers
53487,chromos
53488,commando
53489,continu
53490,cranberries
53491,daffodil
53492,dampened
53493,debouched
53494,diets
53495,dirges
53496,egregiously
53497,eus
53498,falteringly
53499,fooleries
53500,forevermore
53501,gezond
53502,ilex
53503,incarnated
53504,insu
53505,lavas
53506,linnan
53507,mineurs
53508,muuan
53509,overreached
53510,parlementaire
53511,pimples
53512,plotter
53513,regenerating
53514,sardonically
53515,satraps
53516,spearing
53517,switchboard
53518,terrae
53519,uncombed
53520,unconfined
53521,whooped
53522,anmut
53523,bellmour
53524,bemis
53525,chaudiere
53526,chiswick
53527,haaren
53528,lundie
53529,polonais
53530,ramses
53531,sakris
53532,shag
53533,squills
53534,theatrical
53535,villeparisis
53536,yolande
53537,acuerdo
53538,alkaloid
53539,annular
53540,attendri
53541,bezogen
53542,boles
53543,bucked
53544,chearful
53545,corregidor
53546,desirait
53547,dree
53548,gobernador
53549,goldfish
53550,hesitant
53551,inviolability
53552,litt
53553,nacido
53554,odotti
53555,pimp
53556,precentor
53557,prophetical
53558,recule
53559,ruptured
53560,stickler
53561,straightness
53562,thresholds
53563,tillers
53564,understandable
53565,voimaa
53566,zwingen
53567,ashburnham
53568,brereton
53569,brough
53570,cleone
53571,fifi
53572,flaminius
53573,gooch
53574,janamejaya
53575,kafir
53576,kotzebue
53577,lagos
53578,lundy
53579,mightinesses
53580,montmorenci
53581,orford
53582,othman
53583,phocians
53584,selborne
53585,troiens
53586,weatherbury
53587,authoritie
53588,bepaalde
53589,besom
53590,bobbin
53591,borealis
53592,buts
53593,chronometers
53594,conviens
53595,craftiness
53596,enfolding
53597,excursionists
53598,feigns
53599,furl
53600,gorgeousness
53601,iter
53602,juris
53603,kape
53604,kirkas
53605,machst
53606,marken
53607,marker
53608,mesas
53609,noodige
53610,raro
53611,reestablishment
53612,rouble
53613,rupesivat
53614,servantes
53615,sociably
53616,sonderbar
53617,sophomores
53618,strich
53619,supineness
53620,taxpayer
53621,tige
53622,tymes
53623,veva
53624,vuelve
53625,woran
53626,yelped
53627,androvsky
53628,beutel
53629,campeador
53630,egyptens
53631,eudoxia
53632,fouan
53633,glocke
53634,hooke
53635,ivar
53636,kunstwerk
53637,neolithic
53638,puget
53639,rud
53640,schultz
53641,sigel
53642,ursule
53643,wallachia
53644,werper
53645,behoefte
53646,bobbins
53647,booklet
53648,circuses
53649,cuchillo
53650,deary
53651,diviners
53652,dro
53653,eigner
53654,execrate
53655,garner
53656,gentian
53657,goatherd
53658,grandeza
53659,greyness
53660,indenture
53661,longest
53662,lumen
53663,melodic
53664,meure
53665,mourante
53666,neiges
53667,nuevos
53668,overreach
53669,placate
53670,rapprocha
53671,rescind
53672,sanctifies
53673,serum
53674,soli
53675,steams
53676,trances
53677,vesi
53678,vuonna
53679,calabrian
53680,epeira
53681,graustark
53682,greis
53683,mittelpunkt
53684,pfeil
53685,praetorian
53686,pyncheon
53687,schultze
53688,zita
53689,aggressors
53690,archways
53691,besucht
53692,bonis
53693,dramatization
53694,eikae
53695,empyrean
53696,falters
53697,genauer
53698,geschenkt
53699,horridly
53700,intake
53701,jangled
53702,kaikkialla
53703,kleuren
53704,lentamente
53705,maneuvering
53706,muzzled
53707,overmastered
53708,paroled
53709,partida
53710,pettish
53711,populo
53712,resented
53713,spiritualized
53714,sporen
53715,summarize
53716,tillsammans
53717,trombone
53718,unloving
53719,vierte
53720,wedi
53721,zwang
53722,annadoah
53723,asien
53724,besitzer
53725,bloemfontein
53726,crean
53727,cuttle
53728,decameron
53729,foedor
53730,greenock
53731,herrscher
53732,jerome
53733,jonadab
53734,lenin
53735,macfarlane
53736,meader
53737,moguls
53738,ostrog
53739,stauffacher
53740,schenck
53741,sicilies
53742,strang
53743,thornhill
53744,vargas
53745,vollendung
53746,walkyn
53747,aimons
53748,baptisms
53749,composent
53750,cytee
53751,disgruntled
53752,diversely
53753,ellers
53754,entablature
53755,etendu
53756,eyeball
53757,feints
53758,founts
53759,griffes
53760,hallooed
53761,halvt
53762,irrigate
53763,lese
53764,lessee
53765,levend
53766,locis
53767,mantras
53768,nenne
53769,oriole
53770,oyendo
53771,redeems
53772,regnum
53773,revins
53774,skeins
53775,slicing
53776,smooths
53777,sneaks
53778,soutint
53779,spiny
53780,toxic
53781,turreted
53782,ungeduldig
53783,uprooting
53784,vicars
53785,caecilius
53786,clandon
53787,cupples
53788,duerer
53789,elisaveta
53790,ferdy
53791,gebhard
53792,hollister
53793,inhalts
53794,jonquiere
53795,karmides
53796,kirkham
53797,lancastrian
53798,marot
53799,ouch
53800,peirce
53801,rokeby
53802,schlosses
53803,umbria
53804,woven
53805,aeons
53806,colore
53807,compendious
53808,croissant
53809,debia
53810,desespere
53811,dic
53812,drape
53813,gearing
53814,gentlefolks
53815,gewaltig
53816,gewgaws
53817,hobo
53818,incurious
53819,interrogea
53820,lheure
53821,mulberries
53822,parked
53823,portera
53824,proffering
53825,punning
53826,reams
53827,reinstatement
53828,repasser
53829,riser
53830,ronds
53831,sagaciously
53832,scooping
53833,sixpences
53834,stoppages
53835,taget
53836,tiptoeing
53837,tuta
53838,ungloved
53839,valorem
53840,vitiate
53841,wenschen
53842,wishest
53843,abulfeda
53844,alberta
53845,amasa
53846,beckford
53847,bradstreet
53848,carolinians
53849,declan
53850,hawbury
53851,holm
53852,hoyt
53853,janie
53854,leandro
53855,melcombe
53856,mowgli
53857,murdock
53858,nizza
53859,parmalee
53860,pickersgill
53861,prideaux
53862,ricketts
53863,sancti
53864,tung
53865,argillaceous
53866,astres
53867,caoutchouc
53868,champing
53869,chaw
53870,civiles
53871,continueth
53872,cuisse
53873,ehtinyt
53874,footwear
53875,genade
53876,hexagonal
53877,icily
53878,interroger
53879,intransitive
53880,kunnat
53881,libertie
53882,mesmerism
53883,mightst
53884,monologues
53885,muffle
53886,ofer
53887,philosophiques
53888,plonger
53889,pops
53890,rous
53891,seme
53892,sizzling
53893,souffles
53894,sourdement
53895,sourness
53896,tenta
53897,travaillant
53898,trigonometry
53899,truely
53900,vegetate
53901,villeins
53902,zuckte
53903,zweier
53904,braden
53905,clerval
53906,duncombe
53907,egan
53908,fundy
53909,iuly
53910,lenoir
53911,malaca
53912,moroni
53913,abominate
53914,aikoja
53915,capa
53916,congruity
53917,cruises
53918,crustacean
53919,dirigible
53920,disputable
53921,entdeckte
53922,exigeait
53923,exprest
53924,fanes
53925,fremder
53926,goera
53927,maatschappij
53928,marquait
53929,meridional
53930,millstones
53931,negocio
53932,notwendige
53933,overlay
53934,overrunning
53935,ping
53936,reprints
53937,rescript
53938,sanotaan
53939,simper
53940,songster
53941,stecken
53942,sumptuary
53943,superlatives
53944,tunsin
53945,unfailingly
53946,valde
53947,wiring
53948,antium
53949,bernis
53950,bluebeard
53951,bordet
53952,christianized
53953,engelsche
53954,fulvia
53955,jagienka
53956,laodice
53957,lienhard
53958,morriston
53959,pinta
53960,pitts
53961,sco
53962,seide
53963,valerian
53964,victurnien
53965,additionally
53966,adjuration
53967,alkalies
53968,anchovy
53969,attribue
53970,availeth
53971,avances
53972,bezoeken
53973,bilge
53974,bol
53975,clerics
53976,communique
53977,complainant
53978,contemplait
53979,deliverers
53980,domum
53981,elon
53982,fillip
53983,fob
53984,fonctionnaires
53985,gehst
53986,gnash
53987,grandir
53988,groupings
53989,heterodoxy
53990,hette
53991,horreurs
53992,laissera
53993,manipulations
53994,martinet
53995,materialists
53996,nytt
53997,phantasm
53998,puolella
53999,resuscitate
54000,retirait
54001,royaliste
54002,schade
54003,sensuousness
54004,sniffs
54005,stanna
54006,statelier
54007,tercera
54008,volcan
54009,volvio
54010,weisse
54011,anchises
54012,babbie
54013,cevennes
54014,chatfield
54015,clinker
54016,culpepper
54017,doran
54018,ereignisse
54019,fabry
54020,fitzmaurice
54021,greatorex
54022,heigh
54023,humbert
54024,illyria
54025,kennicott
54026,lxii
54027,manx
54028,mariane
54029,mumford
54030,sarto
54031,schau
54032,westbrook
54033,begrijp
54034,bestaande
54035,clar
54036,computations
54037,crotch
54038,diens
54039,disbursement
54040,dogme
54041,eere
54042,endeth
54043,eviction
54044,expletives
54045,fauns
54046,fixation
54047,fromm
54048,galanterie
54049,hauskaa
54050,hungers
54051,mockeries
54052,movables
54053,obstructive
54054,plumpness
54055,reconquered
54056,sielun
54057,sojourners
54058,taak
54059,tapes
54060,togs
54061,unterworfen
54062,warblers
54063,ausbruch
54064,bernardine
54065,bienville
54066,calonne
54067,coverley
54068,dreux
54069,fagan
54070,froment
54071,germantown
54072,hella
54073,jeanette
54074,jerd
54075,laurentian
54076,leaver
54077,ludvig
54078,maldonado
54079,minchin
54080,nescience
54081,pm
54082,paducah
54083,pferden
54084,schenectady
54085,schwierigkeit
54086,skyld
54087,symons
54088,timoleon
54089,ural
54090,yin
54091,battements
54092,bereave
54093,chatelaine
54094,commonsense
54095,condiciones
54096,conjunction
54097,discourages
54098,disperses
54099,electrician
54100,eru
54101,exults
54102,halters
54103,indistinctness
54104,invisibles
54105,joyeusement
54106,moneths
54107,morphological
54108,pother
54109,puling
54110,quackery
54111,rustler
54112,sculls
54113,sweetmeat
54114,tierce
54115,traurigen
54116,varken
54117,zigzagged
54118,alderney
54119,armut
54120,barizel
54121,buonarroti
54122,catriona
54123,columbiad
54124,dannie
54125,hafner
54126,haig
54127,hambleton
54128,hatteraick
54129,hernani
54130,inge
54131,jubal
54132,locken
54133,luisa
54134,miraut
54135,noyon
54136,octavian
54137,piotr
54138,pylos
54139,ringgold
54140,suisses
54141,vipont
54142,wherof
54143,zamora
54144,augmente
54145,beginneth
54146,beobachten
54147,biennial
54148,bragt
54149,breasting
54150,cantankerous
54151,caried
54152,clerge
54153,courus
54154,croquettes
54155,entspricht
54156,etheric
54157,fads
54158,fleeced
54159,indispensables
54160,intrench
54161,inveigh
54162,juventud
54163,langem
54164,meent
54165,nia
54166,oye
54167,postillon
54168,richtige
54169,schreien
54170,suhteessa
54171,trouverai
54172,trundling
54173,tuvieron
54174,varen
54175,walles
54176,wherefrom
54177,wissenschaftlichen
54178,blondel
54179,bram
54180,elodie
54181,gazebee
54182,ilion
54183,nakula
54184,nares
54185,oecd
54186,rosetta
54187,sarrasin
54188,sisyphus
54189,stubb
54190,analyst
54191,aster
54192,avid
54193,bandbox
54194,breakneck
54195,coca
54196,courtesied
54197,danno
54198,dependance
54199,diga
54200,historische
54201,irgendein
54202,jetzigen
54203,kelp
54204,langueur
54205,mobilier
54206,moped
54207,onnea
54208,palaa
54209,perplexes
54210,postoffice
54211,potesse
54212,reasoners
54213,saturation
54214,schrecklichen
54215,supervisors
54216,tenuous
54217,unblushingly
54218,vierges
54219,voorwerp
54220,worde
54221,woud
54222,beasley
54223,beauvilliers
54224,beriah
54225,donat
54226,dugdale
54227,flasche
54228,gallican
54229,gothard
54230,harpers
54231,macan
54232,majors
54233,masrur
54234,moussa
54235,newburyport
54236,povey
54237,rc
54238,rambaud
54239,scaevola
54240,westermarck
54241,yasmini
54242,advantageous
54243,beweist
54244,bodes
54245,certification
54246,cougar
54247,curiosidad
54248,deification
54249,designated
54250,doos
54251,drips
54252,drubbing
54253,egged
54254,entscheiden
54255,faculte
54256,feele
54257,formellement
54258,fumant
54259,headpiece
54260,impressment
54261,kluge
54262,kova
54263,metamorphic
54264,midmost
54265,mistrustful
54266,mitaeaen
54267,muros
54268,needest
54269,orbis
54270,oughtest
54271,overpowers
54272,parages
54273,ramp
54274,reining
54275,salubrity
54276,slingers
54277,standardized
54278,tabby
54279,traitress
54280,tropas
54281,tweeds
54282,verblijf
54283,vorbereitet
54284,wicks
54285,woos
54286,ayscough
54287,bartram
54288,borodino
54289,ece
54290,firefly
54291,jumna
54292,macduff
54293,marhaus
54294,marquand
54295,oahu
54296,rouget
54297,sylvi
54298,saadat
54299,samavia
54300,sirdar
54301,sunni
54302,thorfinn
54303,vergennes
54304,altrui
54305,ambient
54306,balaua
54307,bloweth
54308,buffoons
54309,carabao
54310,chantaient
54311,cigare
54312,compensates
54313,composee
54314,corselet
54315,dergelijke
54316,diferencia
54317,entends
54318,escribir
54319,estuaries
54320,evidente
54321,faisoit
54322,firearm
54323,flounce
54324,footway
54325,gele
54326,grootte
54327,grounding
54328,headline
54329,invisibility
54330,iodide
54331,legislating
54332,legitime
54333,marjoram
54334,mindestens
54335,misprints
54336,ojensi
54337,omassa
54338,outwork
54339,processional
54340,schliesst
54341,shareholder
54342,sos
54343,stigmas
54344,suyos
54345,sweetening
54346,verliert
54347,verwandt
54348,wanteth
54349,wijl
54350,armado
54351,afrique
54352,aventine
54353,clovelly
54354,corriveau
54355,delobelle
54356,dept
54357,dorians
54358,ezechiel
54359,fairthorn
54360,funktion
54361,ghibelline
54362,hartwell
54363,huegel
54364,jingo
54365,leoline
54366,monat
54367,panton
54368,pippo
54369,tudors
54370,varley
54371,zettel
54372,agitates
54373,anywise
54374,aping
54375,belleza
54376,beseem
54377,buggies
54378,caserne
54379,chace
54380,curlew
54381,dava
54382,dimity
54383,disqualification
54384,ferries
54385,fluff
54386,formidables
54387,frio
54388,grimacing
54389,herrscht
54390,houd
54391,kommet
54392,kund
54393,lyf
54394,muesst
54395,mysell
54396,nullum
54397,pamper
54398,parvenait
54399,paupieres
54400,perfumer
54401,polis
54402,quibbles
54403,reload
54404,rijtuig
54405,schreden
54406,senden
54407,sujeto
54408,surplus
54409,taffeta
54410,tumulus
54411,voelen
54412,whomever
54413,aga
54414,alcuin
54415,auber
54416,barkilphedro
54417,cadwallader
54418,maeterlinck
54419,morristown
54420,ninety
54421,paquita
54422,rhob
54423,ramee
54424,retief
54425,seoul
54426,umph
54427,walther
54428,absentees
54429,ako
54430,anywheres
54431,bedingt
54432,clinching
54433,depresses
54434,gefolgt
54435,hydrate
54436,immaturity
54437,impersonality
54438,lyder
54439,olit
54440,osiers
54441,overlying
54442,overtopped
54443,penetrative
54444,photos
54445,poussee
54446,ricos
54447,safeguarded
54448,shrift
54449,sogenannte
54450,timorously
54451,toiler
54452,unsay
54453,verbeelding
54454,zealot
54455,aquileia
54456,bridau
54457,chantrey
54458,decaen
54459,dooley
54460,dufour
54461,elson
54462,gruppen
54463,haugwitz
54464,hinton
54465,leffingwell
54466,midianites
54467,snoop
54468,teodoro
54469,vassar
54470,yas
54471,abducted
54472,adulterers
54473,annis
54474,appelaient
54475,astound
54476,bungled
54477,cobbles
54478,confiant
54479,croupier
54480,cruelest
54481,culminates
54482,daarvoor
54483,dressmaking
54484,dwellest
54485,erbaut
54486,extemporized
54487,fange
54488,fijne
54489,frac
54490,gestation
54491,graveyards
54492,humus
54493,inwoners
54494,jbickers
54495,lents
54496,lesion
54497,manumitted
54498,minime
54499,nationals
54500,ohitse
54501,outils
54502,prevarication
54503,puree
54504,relaxes
54505,roasts
54506,secoue
54507,secs
54508,servie
54509,stoup
54510,tankar
54511,thickset
54512,tinieblas
54513,triomphant
54514,vagrancy
54515,viimeisen
54516,vroegere
54517,yeres
54518,ahriman
54519,augenblicken
54520,clephane
54521,consulates
54522,franck
54523,frithiof
54524,inhalte
54525,jondo
54526,ligny
54527,lyndsay
54528,marchbanks
54529,melicent
54530,montauk
54531,nikolaevna
54532,paschal
54533,philotas
54534,phnicians
54535,salters
54536,scheherazade
54537,sclater
54538,trebell
54539,talpey
54540,tidore
54541,undy
54542,unheil
54543,vecchia
54544,wahn
54545,annalists
54546,befestigt
54547,begangen
54548,betalen
54549,bloke
54550,cay
54551,countermand
54552,decl
54553,dici
54554,effusively
54555,enthralling
54556,faehig
54557,fathered
54558,fluctuate
54559,hav
54560,immodesty
54561,kuolema
54562,moccasined
54563,oficio
54564,penchait
54565,picketing
54566,prope
54567,reorganizing
54568,saltspoonful
54569,unharnessed
54570,verfolgen
54571,vernommen
54572,alm
54573,amyntas
54574,bles
54575,cambremer
54576,chambery
54577,charlottesville
54578,didier
54579,ellie
54580,ernie
54581,eulalie
54582,ierusalem
54583,jenkin
54584,jobson
54585,lxiv
54586,lafitte
54587,lorrain
54588,loudun
54589,madaline
54590,midget
54591,nebo
54592,oakes
54593,parton
54594,platze
54595,podb
54596,renaldo
54597,shackleton
54598,aborder
54599,alleenlyk
54600,appallingly
54601,berechtigt
54602,blijkbaar
54603,burdening
54604,calends
54605,chiaro
54606,coastwise
54607,commandants
54608,confirme
54609,conglomeration
54610,contaminate
54611,covereth
54612,dissociate
54613,dures
54614,expensively
54615,felicitations
54616,finches
54617,foppish
54618,fowk
54619,glories
54620,gnaedige
54621,handbills
54622,hastigt
54623,ignorante
54624,ilta
54625,incalculably
54626,incised
54627,intento
54628,jotenkin
54629,kinetic
54630,legatee
54631,louanges
54632,luik
54633,mewing
54634,neede
54635,oop
54636,partageait
54637,pasturing
54638,plier
54639,poliment
54640,precipita
54641,publiek
54642,ramene
54643,regiones
54644,richtet
54645,saatte
54646,salutaire
54647,silversmith
54648,skiffs
54649,souvenait
54650,squeezes
54651,symbole
54652,torturer
54653,unprepossessing
54654,untern
54655,vernam
54656,volvieron
54657,yearning
54658,yee
54659,costigan
54660,croisilles
54661,dantzig
54662,dulwich
54663,fejevary
54664,galors
54665,golgotha
54666,gondi
54667,grania
54668,hamet
54669,inmarsat
54670,kayans
54671,kyrgyzstan
54672,lamennais
54673,liebling
54674,maryllia
54675,neugierde
54676,oberlin
54677,perthshire
54678,plataea
54679,riverdale
54680,seb
54681,sivert
54682,talavera
54683,verhaeltniss
54684,actualities
54685,alerte
54686,basketful
54687,brin
54688,chargee
54689,consultant
54690,depositary
54691,dunkt
54692,faiblement
54693,finster
54694,florist
54695,foams
54696,formidably
54697,freiwillig
54698,furchtbar
54699,hobbles
54700,ironwork
54701,loges
54702,melodiously
54703,objectors
54704,portret
54705,prodigue
54706,pursing
54707,querulously
54708,reprirent
54709,ritualistic
54710,satisfie
54711,seres
54712,shte
54713,socialiste
54714,stelt
54715,stylus
54716,suffirait
54717,tavallista
54718,tomaron
54719,trentaine
54720,unbekannt
54721,uncreated
54722,verbum
54723,vriendschap
54724,zielen
54725,arrah
54726,beauce
54727,bernadette
54728,brandywine
54729,cau
54730,chickasaws
54731,eid
54732,gratz
54733,ketchum
54734,maypole
54735,okt
54736,pacifique
54737,saavedra
54738,savigny
54739,schleswig
54740,tintoretto
54741,unterredung
54742,vedia
54743,abundancia
54744,arr
54745,basi
54746,brutalities
54747,chorused
54748,cil
54749,dative
54750,dejo
54751,devina
54752,dicit
54753,disgustingly
54754,endocrine
54755,fordable
54756,garantir
54757,glaubten
54758,gritted
54759,harts
54760,inmediatamente
54761,interieur
54762,larval
54763,meio
54764,metempsychosis
54765,nad
54766,necromancer
54767,opprest
54768,prae
54769,redoutables
54770,reina
54771,repeater
54772,sachems
54773,sielu
54774,stifles
54775,stresses
54776,sycophant
54777,totters
54778,trifler
54779,unexhausted
54780,uprightly
54781,versteckt
54782,villainies
54783,volgden
54784,waiteth
54785,webbed
54786,amalek
54787,anstrengung
54788,ascott
54789,barmby
54790,butterworth
54791,cardello
54792,chambord
54793,cocksmoor
54794,concha
54795,flam
54796,gebrauche
54797,gelsomina
54798,haight
54799,huntsville
54800,kappa
54801,lxv
54802,lippe
54803,maerchen
54804,montfanon
54805,oline
54806,pflege
54807,preussen
54808,prout
54809,rugg
54810,samnium
54811,stanistreet
54812,thiere
54813,toryism
54814,viscountess
54815,aacute
54816,aanval
54817,budgets
54818,conjunto
54819,crumple
54820,eclata
54821,fillette
54822,ghy
54823,imaginacion
54824,inexact
54825,ingot
54826,isto
54827,johonkin
54828,lawgivers
54829,lento
54830,lucent
54831,negli
54832,ofschoon
54833,omnivorous
54834,palpitant
54835,parasitical
54836,parie
54837,pastured
54838,pedlars
54839,poderoso
54840,predicts
54841,prononca
54842,purveyors
54843,redire
54844,schlaegt
54845,schlugen
54846,silbernen
54847,skyline
54848,ster
54849,teilte
54850,ueberzeugt
54851,uncivilised
54852,unrecognizable
54853,verletzt
54854,vezes
54855,vingers
54856,ausland
54857,chabot
54858,clagny
54859,copernican
54860,delineator
54861,desmarets
54862,gerhard
54863,hyl
54864,halloway
54865,hedvig
54866,ileisa
54867,lil
54868,pancras
54869,pelopidas
54870,rivera
54871,rusty
54872,schweden
54873,sukey
54874,surry
54875,verzeihung
54876,westerners
54877,agreeableness
54878,alussa
54879,anigh
54880,badgered
54881,bantered
54882,bosque
54883,bugler
54884,cimes
54885,clous
54886,concedes
54887,countenancing
54888,dingle
54889,disciplines
54890,ensample
54891,exhales
54892,farsi
54893,finira
54894,frippery
54895,generalisation
54896,graag
54897,hardiness
54898,harmonious
54899,hominibus
54900,hvar
54901,insipidity
54902,intercommunication
54903,knotting
54904,lattices
54905,leastways
54906,logicians
54907,normale
54908,oeffentlichen
54909,omia
54910,ongetwijfeld
54911,ordaining
54912,penses
54913,polygamous
54914,prototypes
54915,quadrilles
54916,rebelle
54917,rencontrent
54918,ruvennut
54919,scallop
54920,striker
54921,tactique
54922,teilweise
54923,tinha
54924,wiewohl
54925,yir
54926,zugrunde
54927,arlee
54928,aufzug
54929,buergerschaft
54930,cardenio
54931,danavas
54932,delaunay
54933,dongo
54934,enguerrand
54935,gascons
54936,grizzel
54937,haco
54938,hagan
54939,hamburger
54940,hamburgh
54941,hellenistic
54942,lxiii
54943,langdale
54944,lisboa
54945,minard
54946,mondays
54947,nachbarschaft
54948,narcissistic
54949,northcote
54950,ramah
54951,traddles
54952,wardlaw
54953,backyard
54954,beladen
54955,breastplates
54956,brisker
54957,carrefour
54958,circumscribe
54959,clept
54960,cognisant
54961,convulse
54962,coquettes
54963,cosmetics
54964,deploy
54965,dinanzi
54966,dogwood
54967,flottait
54968,foh
54969,gevecht
54970,hawkers
54971,honester
54972,incapables
54973,incertain
54974,interne
54975,joua
54976,medesimo
54977,mitunter
54978,multi
54979,niais
54980,pannut
54981,piliers
54982,pistons
54983,pitiably
54984,remparts
54985,schlich
54986,shamefacedly
54987,thirsts
54988,throaty
54989,tympanum
54990,underclothes
54991,vains
54992,vernehmen
54993,cesena
54994,charleroi
54995,christoph
54996,cromarty
54997,decima
54998,derigny
54999,dodson
55000,eval
55001,eveleth
55002,fauntleroy
55003,highnesse
55004,kelsey
55005,lene
55006,leoni
55007,mormonism
55008,semele
55009,sonnenschein
55010,stancy
55011,velasco
55012,vervain
55013,villani
55014,vitelli
55015,wedderburn
55016,wildmere
55017,wiseman
55018,appropriates
55019,assemblee
55020,bumpers
55021,condicion
55022,daarentegen
55023,demonstrably
55024,depense
55025,emmener
55026,ergens
55027,essayists
55028,fluisterde
55029,foundering
55030,geriet
55031,harmonium
55032,heurter
55033,ilmi
55034,leche
55035,manorial
55036,passez
55037,phantasms
55038,populus
55039,primly
55040,remuait
55041,retreating
55042,rituals
55043,scheinbar
55044,snowballs
55045,talrijke
55046,tarvinnut
55047,toisia
55048,batchgrew
55049,beckendorff
55050,birchill
55051,camber
55052,cranford
55053,dall
55054,dounia
55055,enraged
55056,guayaquil
55057,hendryx
55058,lucrece
55059,maclure
55060,nicolette
55061,perched
55062,pfeffer
55063,raine
55064,stobell
55065,voelker
55066,zopyrus
55067,alkanut
55068,benumbing
55069,cementing
55070,clientele
55071,deceitfulness
55072,distracts
55073,entsprechend
55074,genannten
55075,housetop
55076,huomaa
55077,kirjoittaa
55078,laenge
55079,maintes
55080,mechanician
55081,naht
55082,negociations
55083,nuorukainen
55084,officiousness
55085,onderscheiden
55086,oublia
55087,plures
55088,roca
55089,seufzte
55090,shortsighted
55091,soubrette
55092,stepson
55093,strophes
55094,sugary
55095,tenantless
55096,terrour
55097,vaquero
55098,aegypten
55099,anstand
55100,ascham
55101,baalbec
55102,behn
55103,biarritz
55104,camoens
55105,essington
55106,goschen
55107,hyder
55108,kissen
55109,koreans
55110,lares
55111,maiesty
55112,maugiron
55113,morsfield
55114,mouillard
55115,parham
55116,pergamus
55117,saxo
55118,scaurus
55119,swanhild
55120,vespucci
55121,zoie
55122,begeven
55123,crinoline
55124,cuello
55125,cxiu
55126,deci
55127,delved
55128,detracted
55129,duodecimo
55130,educative
55131,entrenchment
55132,exceptionable
55133,finalement
55134,havet
55135,hyssop
55136,longitudes
55137,luultavasti
55138,marshaled
55139,minha
55140,nauraa
55141,oversea
55142,playfellows
55143,proposito
55144,puheli
55145,rivages
55146,scarab
55147,schouder
55148,sheared
55149,signori
55150,suae
55151,sunniest
55152,suppresses
55153,swab
55154,twitted
55155,voordeel
55156,welker
55157,wickets
55158,worldling
55159,abercromby
55160,batty
55161,boulanger
55162,dang
55163,dod
55164,erich
55165,glinda
55166,kugel
55167,langmaid
55168,libbie
55169,linnean
55170,merope
55171,milnes
55172,nr
55173,probus
55174,rangely
55175,rubinstein
55176,tartuffe
55177,vitruvius
55178,whitmore
55179,adders
55180,almanacs
55181,atrophied
55182,bacilli
55183,barriere
55184,bowlder
55185,brags
55186,chauffer
55187,cogs
55188,costui
55189,cribs
55190,dilates
55191,echado
55192,entraient
55193,erfordert
55194,exiger
55195,faine
55196,flopping
55197,frolicked
55198,garrulity
55199,groesser
55200,grovelled
55201,ihana
55202,inflexibly
55203,insulte
55204,kahta
55205,kilogrammes
55206,kuva
55207,llenos
55208,mountaines
55209,mutuellement
55210,paikka
55211,pianto
55212,propounding
55213,rejuvenated
55214,saatu
55215,sapins
55216,sayle
55217,seins
55218,serments
55219,silenzio
55220,slaty
55221,squib
55222,toiles
55223,transubstantiation
55224,unseasonably
55225,vaccinated
55226,vaivaa
55227,valo
55228,vittles
55229,vizir
55230,vrucht
55231,yelps
55232,altona
55233,chippering
55234,embassador
55235,enden
55236,hallin
55237,hinde
55238,kenesaw
55239,milledgeville
55240,minorca
55241,polytechnic
55242,rivington
55243,swabia
55244,willett
55245,adorait
55246,behalfe
55247,chanta
55248,clot
55249,corta
55250,crick
55251,decking
55252,despondently
55253,ehrlichen
55254,finnas
55255,flera
55256,fondit
55257,geschieden
55258,geyser
55259,gezondheid
55260,glosses
55261,gritos
55262,gronder
55263,hems
55264,imperiled
55265,langzamerhand
55266,layd
55267,outflow
55268,pickings
55269,pitchforks
55270,pleinement
55271,prouvait
55272,prouvent
55273,recommander
55274,relatif
55275,sapeva
55276,scavengers
55277,secondarily
55278,senkin
55279,serieuse
55280,spinners
55281,subheadings
55282,svara
55283,trellised
55284,usurps
55285,vivons
55286,vreeselijk
55287,bemelmans
55288,benfield
55289,brabazon
55290,brownsville
55291,clarges
55292,gourlay
55293,hippo
55294,melton
55295,milligan
55296,olympe
55297,paolucci
55298,picart
55299,pierpont
55300,pimpernel
55301,sapt
55302,simcoe
55303,spicca
55304,tina
55305,ursuline
55306,abutting
55307,arbitrate
55308,aucunement
55309,bombarding
55310,bragte
55311,conduces
55312,drong
55313,encreased
55314,entlassen
55315,exprimait
55316,feted
55317,justesse
55318,lehrt
55319,lounges
55320,omringd
55321,overdoing
55322,plaies
55323,presbyters
55324,provincialism
55325,rapprochant
55326,sourds
55327,spaniels
55328,spraying
55329,sucede
55330,thegither
55331,tulit
55332,tuttavia
55333,unionism
55334,vesting
55335,weibliche
55336,adern
55337,bocchus
55338,cunard
55339,didon
55340,documentos
55341,fawkes
55342,galena
55343,gohier
55344,hackett
55345,julianus
55346,missisippi
55347,quilp
55348,tabaret
55349,treas
55350,vaud
55351,abgesehen
55352,adversely
55353,arbors
55354,carre
55355,chastiser
55356,childer
55357,cockle
55358,conservatories
55359,decidement
55360,declarer
55361,deliuer
55362,diligencia
55363,forebore
55364,gewachsen
55365,gewoehnlichen
55366,harrying
55367,heldere
55368,hoofde
55369,hyphen
55370,igualmente
55371,infamies
55372,jugera
55373,kantoi
55374,malum
55375,merges
55376,originators
55377,packte
55378,parens
55379,placenta
55380,ramenait
55381,reigneth
55382,sauraient
55383,shanks
55384,sicles
55385,slandering
55386,sulks
55387,vermeil
55388,vith
55389,waarover
55390,allegheny
55391,ballade
55392,bharatas
55393,bologne
55394,brentano
55395,corticelli
55396,frg
55397,glanvill
55398,hesperus
55399,katterle
55400,leary
55401,lyddy
55402,lysimachus
55403,mariamne
55404,marysville
55405,mcmahon
55406,nachahmung
55407,petya
55408,plumet
55409,ragnar
55410,salim
55411,samnite
55412,sherbrooke
55413,spinrobin
55414,thorbiorn
55415,topsy
55416,wenham
55417,wyck
55418,zobeide
55419,aforementioned
55420,allume
55421,arbours
55422,bowel
55423,carting
55424,categorically
55425,churls
55426,clucked
55427,commercialism
55428,cosily
55429,courtoisie
55430,cress
55431,cuisinier
55432,deste
55433,dishonestly
55434,dispraise
55435,disque
55436,enrol
55437,exercice
55438,facilite
55439,feiner
55440,flaky
55441,huvudet
55442,inconsistent
55443,indtil
55444,leaveth
55445,lotteries
55446,noemde
55447,quedado
55448,riquezas
55449,savors
55450,slanderers
55451,submissiveness
55452,terriblement
55453,torche
55454,trempe
55455,tudo
55456,barby
55457,beers
55458,bodley
55459,bounderby
55460,colombian
55461,downes
55462,einleitung
55463,gehirn
55464,gelehrten
55465,haddington
55466,kilcullen
55467,kupfer
55468,maroons
55469,minucius
55470,nessus
55471,oakwood
55472,ossory
55473,philos
55474,schnabel
55475,somal
55476,summerson
55477,tetlow
55478,timmy
55479,yegor
55480,aristocrates
55481,bacillus
55482,beschouwen
55483,blotch
55484,cherie
55485,eightpence
55486,essentiel
55487,evitar
55488,expeditionary
55489,fanatisme
55490,fatt
55491,flippantly
55492,hairbreadth
55493,immoveable
55494,inboorlingen
55495,intermeddling
55496,jonne
55497,lapels
55498,lic
55499,marvelous
55500,mementos
55501,nary
55502,offereth
55503,outstretched
55504,poils
55505,posada
55506,possedait
55507,proprietress
55508,raillerie
55509,salida
55510,soldi
55511,somnambulist
55512,straightforwardness
55513,tristeza
55514,unthankful
55515,uproariously
55516,vaikkei
55517,viro
55518,voerde
55519,zarte
55520,bela
55521,bertalda
55522,besuche
55523,brinnaria
55524,cardan
55525,daedalus
55526,dawtie
55527,epiphany
55528,eustache
55529,ferrari
55530,gretel
55531,heliodora
55532,krool
55533,ligurian
55534,martinus
55535,metaphysik
55536,nodier
55537,portlaw
55538,saguenay
55539,simson
55540,angetroffen
55541,banister
55542,bawd
55543,baza
55544,bodied
55545,browsed
55546,cartilaginous
55547,curieuses
55548,dawdled
55549,derer
55550,deriding
55551,egoist
55552,emissions
55553,ernannt
55554,erzogen
55555,flange
55556,fluidity
55557,humanizing
55558,implant
55559,injections
55560,intensifying
55561,joukon
55562,kirjeen
55563,marigolds
55564,mastication
55565,mox
55566,narcotics
55567,olekaan
55568,ornements
55569,palladium
55570,polnischen
55571,recoit
55572,rejoignit
55573,scorne
55574,seditions
55575,signifieth
55576,sponging
55577,sprawl
55578,tieto
55579,totals
55580,velo
55581,vertrokken
55582,vossa
55583,wichtigsten
55584,abiathar
55585,buehne
55586,bulow
55587,denning
55588,emperador
55589,genuss
55590,kiev
55591,mcdougall
55592,mihalovna
55593,patsey
55594,sanctus
55595,tahitians
55596,turl
55597,vierter
55598,volterra
55599,agitait
55600,albuminous
55601,alene
55602,appresso
55603,arcana
55604,aufrichtig
55605,blad
55606,buckling
55607,chicane
55608,chopper
55609,coverlets
55610,cutlet
55611,dimes
55612,diocesan
55613,doive
55614,davoir
55615,enshrouded
55616,espying
55617,frigidity
55618,gelding
55619,glorifies
55620,grecque
55621,halber
55622,hopen
55623,kuluessa
55624,messmate
55625,mindes
55626,moldy
55627,narines
55628,nauseated
55629,parecen
55630,pasando
55631,plaisante
55632,realists
55633,regles
55634,saamme
55635,sendte
55636,sizable
55637,soldati
55638,sophism
55639,sorpresa
55640,stapte
55641,susceptible
55642,toivo
55643,veritables
55644,wanden
55645,woodcuts
55646,acct
55647,avice
55648,bostonians
55649,demdike
55650,dolokhov
55651,feinden
55652,hermy
55653,loiseau
55654,miki
55655,roederer
55656,stalky
55657,stepney
55658,tillemont
55659,treherne
55660,ukridge
55661,bains
55662,besets
55663,brae
55664,bumpkin
55665,condolences
55666,corbeille
55667,cormorants
55668,cus
55669,dague
55670,dessiner
55671,dreadfull
55672,eclats
55673,eenvoudige
55674,embosomed
55675,emulating
55676,entrees
55677,excerpts
55678,flink
55679,frase
55680,ganado
55681,hallan
55682,hangt
55683,harina
55684,hexameters
55685,humo
55686,immortalised
55687,kata
55688,legua
55689,mariee
55690,overestimated
55691,piccolo
55692,pouviez
55693,preparedness
55694,risa
55695,snarls
55696,spliced
55697,tempi
55698,vaiti
55699,zijnde
55700,aegina
55701,alquist
55702,apollinaris
55703,campbells
55704,coun
55705,cutts
55706,eldorado
55707,ghislaine
55708,jost
55709,miamis
55710,pul
55711,shandon
55712,spurlock
55713,thom
55714,vanel
55715,zaragoza
55716,agonie
55717,altho
55718,artlessly
55719,attractively
55720,backwoodsman
55721,beschouwd
55722,breakage
55723,cogitation
55724,connexion
55725,crystallize
55726,daie
55727,delighteth
55728,deteriorating
55729,doutez
55730,einig
55731,eprouvait
55732,fiord
55733,fixedness
55734,gunnery
55735,harme
55736,hoje
55737,hypocrisies
55738,imellem
55739,inwardness
55740,justifie
55741,krijgt
55742,manifester
55743,miscalculated
55744,misdoubt
55745,mower
55746,mutinies
55747,negotiable
55748,noussut
55749,pannikin
55750,provoque
55751,remitting
55752,reponds
55753,roept
55754,ru
55755,schafft
55756,sicknesses
55757,significa
55758,solacing
55759,splutter
55760,stellten
55761,symphonic
55762,tourment
55763,trahissait
55764,verandering
55765,waarmee
55766,wijzen
55767,benedictus
55768,blueskin
55769,chipmunk
55770,colvin
55771,comendador
55772,dankbarkeit
55773,duma
55774,eleusinian
55775,estevan
55776,freudenberg
55777,fulda
55778,lisieux
55779,macquart
55780,mosul
55781,pax
55782,rimmon
55783,virgo
55784,whitley
55785,wortes
55786,arca
55787,chretien
55788,dinar
55789,divise
55790,downstream
55791,elaborating
55792,empowering
55793,erwacht
55794,expansions
55795,flickers
55796,foro
55797,gesamte
55798,haltingly
55799,indeede
55800,jej
55801,katse
55802,kurja
55803,lenguas
55804,linea
55805,lubricants
55806,mendacity
55807,neare
55808,nullus
55809,palpitated
55810,passeport
55811,pecheur
55812,permettez
55813,ploughmen
55814,potters
55815,privity
55816,reusachtige
55817,ruina
55818,sanaakaan
55819,scalpel
55820,sinnliche
55821,tuvan
55822,valises
55823,veu
55824,vorausgesetzt
55825,willig
55826,assur
55827,baucis
55828,bickley
55829,bogota
55830,cranch
55831,curran
55832,dessau
55833,dhu
55834,gatewood
55835,gino
55836,gramont
55837,hawaii
55838,hokkaido
55839,jahrhunderte
55840,kantian
55841,landa
55842,pakenham
55843,portugais
55844,racksole
55845,scharen
55846,streich
55847,tajikistan
55848,trowbridge
55849,aangezicht
55850,aliter
55851,biceps
55852,boomerang
55853,cartilages
55854,duivel
55855,evere
55856,experiencia
55857,feierlich
55858,fingen
55859,fint
55860,gedood
55861,gegenseitig
55862,geistlichen
55863,grot
55864,handbag
55865,heerlijke
55866,ingrat
55867,katsoen
55868,kohosi
55869,laechelte
55870,layout
55871,livra
55872,magnolias
55873,mews
55874,pantomimic
55875,parabola
55876,penso
55877,piecing
55878,pigmies
55879,provisioning
55880,rendition
55881,royaute
55882,scutcheon
55883,shorts
55884,slenderly
55885,sweaty
55886,taemae
55887,tilts
55888,tricolour
55889,unwomanly
55890,vernichtet
55891,vsque
55892,writhes
55893,bloundel
55894,brocken
55895,calliope
55896,canaanite
55897,canova
55898,comenius
55899,cuthrell
55900,dnieper
55901,feltram
55902,lesley
55903,miler
55904,moreno
55905,nerva
55906,newberry
55907,nik
55908,roussel
55909,shint
55910,stich
55911,wanklin
55912,waverton
55913,whitefoot
55914,abstracting
55915,ambushes
55916,armourer
55917,bedst
55918,berichtet
55919,bestuur
55920,blauw
55921,carpeting
55922,catcher
55923,chignon
55924,colde
55925,conquete
55926,counthry
55927,diente
55928,doffing
55929,donnai
55930,dulden
55931,echten
55932,ess
55933,fatalistic
55934,firste
55935,gelben
55936,glaub
55937,gradient
55938,humanism
55939,icicle
55940,inhibited
55941,italienischen
55942,joignit
55943,kapteenin
55944,lassies
55945,microscopes
55946,moats
55947,nocturnes
55948,placable
55949,prisa
55950,prophetically
55951,recapitulated
55952,repaire
55953,riktigt
55954,satirically
55955,sigma
55956,streamer
55957,suborned
55958,tippet
55959,turquoises
55960,unie
55961,verschwinden
55962,vijftig
55963,vindictively
55964,weft
55965,werpen
55966,whinnied
55967,asbury
55968,battersea
55969,falaise
55970,falsterhof
55971,fuesse
55972,geschaefte
55973,illyricum
55974,isocrates
55975,jehoiada
55976,jenner
55977,larned
55978,liddell
55979,luiz
55980,maheu
55981,perugino
55982,sissie
55983,terrenate
55984,tilney
55985,agoing
55986,andare
55987,buvant
55988,cahiers
55989,centripetal
55990,chene
55991,compresses
55992,eingenommen
55993,eram
55994,eternelle
55995,feroce
55996,gaudily
55997,graunt
55998,groats
55999,inferiour
56000,kost
56001,muito
56002,naesten
56003,oligarchical
56004,omin
56005,parleying
56006,poeme
56007,pudgy
56008,punten
56009,reconcilable
56010,resteth
56011,riled
56012,seguridad
56013,sills
56014,slet
56015,speciall
56016,toca
56017,transom
56018,vaincue
56019,verta
56020,vilket
56021,voedsel
56022,waiving
56023,zitterte
56024,amram
56025,bonar
56026,cradock
56027,dragoch
56028,eber
56029,faderen
56030,gotz
56031,isps
56032,onondagas
56033,schulz
56034,sherwin
56035,soveraign
56036,svava
56037,tiffles
56038,tuppence
56039,tuyn
56040,weyler
56041,wipe
56042,adrenal
56043,caterer
56044,chalices
56045,coinciding
56046,concomitants
56047,curso
56048,decreeing
56049,dicken
56050,dromedaries
56051,etablir
56052,executrix
56053,fasces
56054,fidem
56055,hallaron
56056,hutten
56057,inexpressive
56058,jobbing
56059,kampong
56060,miasma
56061,mischances
56062,plethoric
56063,registre
56064,sharpens
56065,sightly
56066,sols
56067,soweth
56068,temporizing
56069,trebly
56070,ungemein
56071,unwind
56072,ventana
56073,ansbach
56074,capel
56075,conq
56076,hepzibah
56077,howards
56078,jains
56079,kamrasi
56080,leni
56081,louisburg
56082,moldavia
56083,moores
56084,praed
56085,providers
56086,serrano
56087,sophronia
56088,valais
56089,verlag
56090,zurita
56091,articulations
56092,bereiten
56093,bergers
56094,biassed
56095,bodiless
56096,boesen
56097,bondsmen
56098,brayed
56099,careth
56100,ciertamente
56101,concitoyens
56102,coquet
56103,dientes
56104,epaisse
56105,furieusement
56106,gavel
56107,gerucht
56108,halberd
56109,hoofdstad
56110,immerse
56111,innovators
56112,insolvency
56113,kiven
56114,landless
56115,legers
56116,montagnards
56117,mourrai
56118,obscura
56119,pedis
56120,perforation
56121,quales
56122,quedaron
56123,reconquer
56124,relativity
56125,sanctioning
56126,shellfish
56127,sillon
56128,sittest
56129,sketchy
56130,socius
56131,steile
56132,stringency
56133,surplices
56134,tarder
56135,unterbrochen
56136,verstaan
56137,visiteurs
56138,vitreous
56139,waard
56140,wuenschen
56141,abul
56142,blaisdell
56143,debray
56144,dez
56145,dudleigh
56146,esmondet
56147,fiume
56148,fraisier
56149,gaeste
56150,glynn
56151,hintergrunde
56152,longwood
56153,lurida
56154,molyneux
56155,pigot
56156,starbuck
56157,storia
56158,talmudic
56159,thorolf
56160,valkyrie
56161,wichita
56162,wirtin
56163,aankomst
56164,armlets
56165,aveugles
56166,begraven
56167,biche
56168,bruyante
56169,concavity
56170,constrains
56171,continuel
56172,contortion
56173,deezer
56174,dooty
56175,eloigne
56176,emprise
56177,extinguishes
56178,foco
56179,fortsatte
56180,gruenen
56181,hedd
56182,heem
56183,hetwelk
56184,inmensa
56185,intermarry
56186,kink
56187,ladye
56188,marksmanship
56189,marooned
56190,militate
56191,nuclei
56192,obersten
56193,oppe
56194,overladen
56195,permeates
56196,primitif
56197,prospers
56198,ranchers
56199,reveil
56200,revenez
56201,rigmarole
56202,rinnalla
56203,sede
56204,sepals
56205,snobbishness
56206,statim
56207,underlined
56208,unlearn
56209,venge
56210,aldershot
56211,apollos
56212,ariberti
56213,britisher
56214,duveyrier
56215,empfang
56216,fontanges
56217,fourcy
56218,jens
56219,jukes
56220,liosha
56221,mhg
56222,mithras
56223,oppenheim
56224,peoria
56225,petro
56226,picotee
56227,vorteile
56228,wurmser
56229,allmaehlich
56230,apocalyptic
56231,bewusst
56232,bonie
56233,contentait
56234,coquilles
56235,crudities
56236,deducible
56237,domestick
56238,entinen
56239,evaporates
56240,expressiveness
56241,fowle
56242,glimmerings
56243,hostesses
56244,humanist
56245,indice
56246,ingloriously
56247,injudiciously
56248,inure
56249,jemanden
56250,konde
56251,latina
56252,magenta
56253,neurasthenia
56254,pokes
56255,quisiera
56256,redressing
56257,requisitioned
56258,restoratives
56259,rusting
56260,seconder
56261,temoignage
56262,tidying
56263,tournaient
56264,tuoi
56265,wale
56266,woebegone
56267,aeolian
56268,alexandrina
56269,ashford
56270,aur
56271,bayley
56272,choulette
56273,ctesiphon
56274,drs
56275,edelmann
56276,februar
56277,fourier
56278,gershom
56279,growler
56280,hammam
56281,hurtado
56282,imperialist
56283,koenigsberg
56284,mardonius
56285,mercutio
56286,minn
56287,moulins
56288,ransome
56289,selicour
56290,simba
56291,swabian
56292,tempenny
56293,tavish
56294,trotty
56295,vorzug
56296,zerubbabel
56297,antaux
56298,beheading
56299,braunen
56300,civilisations
56301,collegues
56302,confederacies
56303,consorting
56304,depredation
56305,dautres
56306,ele
56307,electrically
56308,evacuating
56309,gaen
56310,hinderance
56311,inquiets
56312,litre
56313,margravine
56314,mullioned
56315,mystique
56316,nullah
56317,overshoes
56318,overtuiging
56319,palo
56320,parea
56321,postquam
56322,racontant
56323,receptivity
56324,rivale
56325,sequitur
56326,solitaires
56327,tapahtuu
56328,tecken
56329,unei
56330,unostentatiously
56331,unshed
56332,unsteadiness
56333,wagered
56334,wittingly
56335,alb
56336,baer
56337,baeume
56338,brod
56339,dickey
56340,hanska
56341,hephzy
56342,horeb
56343,jeroen
56344,nemu
56345,queensberry
56346,rossignol
56347,timur
56348,wilkeson
56349,zeichnungen
56350,andererseits
56351,animos
56352,assessor
56353,capillaries
56354,daigne
56355,deviendrait
56356,diatribe
56357,extrinsic
56358,flickan
56359,fraicheur
56360,gesessen
56361,hacian
56362,heate
56363,honeysuckles
56364,ilon
56365,lebten
56366,lumineuse
56367,luulin
56368,meri
56369,misnomer
56370,misread
56371,nagra
56372,noyse
56373,octopus
56374,paura
56375,peece
56376,perjure
56377,poncho
56378,poorters
56379,priggish
56380,resistances
56381,ressentiment
56382,reveling
56383,secousses
56384,siinae
56385,tirades
56386,tourmenter
56387,verandahs
56388,witnesse
56389,agnus
56390,almeria
56391,ascalon
56392,baletti
56393,bernaldez
56394,bickerstaff
56395,colburn
56396,conyngham
56397,corcoran
56398,cotswold
56399,culkin
56400,deerham
56401,eduardo
56402,harson
56403,hod
56404,hynds
56405,josepha
56406,krankheiten
56407,martinsburg
56408,mohr
56409,moser
56410,niafer
56411,nicolai
56412,orloff
56413,ruecksicht
56414,sax
56415,thessalonians
56416,tiernan
56417,utes
56418,amalgam
56419,calicoes
56420,cleans
56421,comites
56422,companionway
56423,composaient
56424,considerer
56425,danses
56426,darfst
56427,ehemaligen
56428,erfuellt
56429,fod
56430,gawky
56431,gemein
56432,geniessen
56433,gouverne
56434,humouring
56435,hydro
56436,insigne
56437,istua
56438,jacht
56439,lue
56440,mementoes
56441,mowers
56442,muuttui
56443,naif
56444,nugatory
56445,oarsman
56446,oikeus
56447,parallax
56448,proscenium
56449,quaintest
56450,rauhaa
56451,repositories
56452,residual
56453,rusten
56454,scudo
56455,sidder
56456,uber
56457,unbind
56458,uuren
56459,vagary
56460,woodpeckers
56461,basques
56462,birkin
56463,britishers
56464,clichy
56465,escobar
56466,halicarnassus
56467,hurley
56468,lehmann
56469,loos
56470,montauban
56471,mosco
56472,osbourne
56473,platero
56474,queenie
56475,stowey
56476,weymar
56477,begreiflich
56478,blaue
56479,blijkt
56480,chapelain
56481,condiment
56482,contentement
56483,couteaux
56484,cuadro
56485,diddle
56486,disagreeing
56487,droegen
56488,eavesdropper
56489,expliquait
56490,fila
56491,halibut
56492,harmonizes
56493,housewifely
56494,iederen
56495,inconsequence
56496,inertness
56497,inflate
56498,jilt
56499,livet
56500,marchent
56501,moderator
56502,pouncing
56503,prolonge
56504,quotient
56505,seche
56506,significations
56507,soupcons
56508,spaciousness
56509,spectroscope
56510,sweetbreads
56511,tented
56512,termagant
56513,trapdoor
56514,understandingly
56515,adirondack
56516,brighteyes
56517,carker
56518,comines
56519,fullaway
56520,guerin
56521,mallock
56522,moerder
56523,muskwa
56524,muza
56525,perigord
56526,presley
56527,stukely
56528,sybilla
56529,volsung
56530,walcheren
56531,zdenko
56532,applicability
56533,archetype
56534,bast
56535,behoeft
56536,boates
56537,buttonholes
56538,chanoinesse
56539,conies
56540,crediting
56541,cubierta
56542,denkst
56543,ecliptic
56544,eingeschlossen
56545,entrepris
56546,erasure
56547,gearbeitet
56548,geenen
56549,handmaidens
56550,hereinbefore
56551,inculcates
56552,kuunteli
56553,latchkey
56554,lof
56555,logische
56556,maksaa
56557,mandibles
56558,mayde
56559,mouvoir
56560,naturam
56561,participates
56562,piede
56563,pooten
56564,rallies
56565,retirant
56566,ruffs
56567,seltsame
56568,senare
56569,shearers
56570,simulating
56571,thriftless
56572,toisiaan
56573,tyrannized
56574,ulla
56575,underside
56576,verdeeld
56577,vociferating
56578,westlichen
56579,amalie
56580,areopagus
56581,auteuil
56582,bakewell
56583,benoni
56584,brenta
56585,cagliostro
56586,cebu
56587,christoval
56588,frenchy
56589,hellingman
56590,ione
56591,kapor
56592,kaspar
56593,marte
56594,nausicaa
56595,perikles
56596,pixley
56597,quade
56598,raffaelle
56599,scotus
56600,speisen
56601,tuan
56602,tullus
56603,appartenir
56604,approchant
56605,az
56606,bib
56607,contumacy
56608,depletion
56609,disoblige
56610,dreamlike
56611,duckling
56612,einsamen
56613,embarrasse
56614,gelangte
56615,glatt
56616,graines
56617,grilles
56618,indio
56619,irre
56620,mieleni
56621,millionth
56622,nimmermehr
56623,objektiven
56624,omnem
56625,photographie
56626,piscina
56627,providences
56628,rovasti
56629,salio
56630,schrijver
56631,scrawny
56632,seruant
56633,singularities
56634,slechte
56635,stappen
56636,stirbt
56637,strengths
56638,taisait
56639,thay
56640,treasurers
56641,uyt
56642,vigoureuse
56643,vivified
56644,vollem
56645,workbook
56646,bartolomeo
56647,biographie
56648,blaetter
56649,bolshevism
56650,cromwellian
56651,cultur
56652,ericsson
56653,godleigh
56654,gathol
56655,kasyapa
56656,khyber
56657,kuno
56658,larkins
56659,messias
56660,mutimer
56661,opt
56662,oyl
56663,parsees
56664,psamtik
56665,pucelle
56666,studdenham
56667,sadoc
56668,shoshones
56669,siculus
56670,soolsby
56671,spitzen
56672,streete
56673,trygaeus
56674,vaknin
56675,voban
56676,worsley
56677,zicci
56678,auroit
56679,awarding
56680,baguette
56681,braes
56682,bungler
56683,clarinet
56684,cluttered
56685,coelo
56686,consisteth
56687,cont
56688,contemptuous
56689,corto
56690,coupon
56691,cramping
56692,demonios
56693,despiseth
56694,drivel
56695,eingetreten
56696,insultingly
56697,irked
56698,itseni
56699,katholischen
56700,lazuli
56701,lector
56702,lucubrations
56703,mewn
56704,monotheistic
56705,natuerlichen
56706,paciencia
56707,patently
56708,pleasingly
56709,prenons
56710,procurement
56711,reproduire
56712,ruthlessness
56713,saben
56714,schalt
56715,shriller
56716,slotte
56717,straddled
56718,tactile
56719,unguessed
56720,vollends
56721,aino
56722,alameda
56723,bellona
56724,bonapartist
56725,campanian
56726,casper
56727,denonville
56728,dwyer
56729,einstein
56730,engelschen
56731,fauville
56732,haeuser
56733,ides
56734,jellyby
56735,khalifa
56736,nighthawk
56737,peshawur
56738,snepvangers
56739,stephano
56740,alcuna
56741,anchorites
56742,angenehme
56743,annihilates
56744,arriverait
56745,aufgeben
56746,bombing
56747,buttercup
56748,cabellos
56749,deducing
56750,dirhams
56751,disbelieving
56752,discompose
56753,entlang
56754,entrado
56755,etroit
56756,farrier
56757,funnit
56758,godfathers
56759,hieman
56760,hoeheren
56761,homogeneity
56762,humanized
56763,hydrocarbons
56764,infiltration
56765,jouit
56766,jut
56767,mindesten
56768,modernity
56769,negocios
56770,octogenarian
56771,offra
56772,paralyzes
56773,rassembler
56774,retenant
56775,saps
56776,scire
56777,sphinxes
56778,stigmatize
56779,taverne
56780,tester
56781,ticketed
56782,tourments
56783,tulet
56784,uncomprehending
56785,uppe
56786,verdaderamente
56787,volo
56788,wyse
56789,atwell
56790,ault
56791,avaunt
56792,clelia
56793,dionysia
56794,flagg
56795,flodden
56796,hippodrome
56797,ignazia
56798,keilhau
56799,koupriane
56800,nazi
56801,niel
56802,nokomis
56803,paulinus
56804,pulteney
56805,shimei
56806,sichem
56807,sienna
56808,totalitaet
56809,veii
56810,blab
56811,blanketed
56812,checkmate
56813,conduction
56814,consecrates
56815,corazones
56816,etude
56817,executer
56818,flatboat
56819,flavouring
56820,gastronomic
56821,gebeurde
56822,gestorven
56823,gouge
56824,hujus
56825,insectes
56826,mammalian
56827,memorie
56828,minutos
56829,morbid
56830,nici
56831,olhos
56832,pak
56833,persiflage
56834,presumptions
56835,rationalist
56836,ringen
56837,schist
56838,situ
56839,soldado
56840,suuressa
56841,tufa
56842,versified
56843,wetenschap
56844,asoka
56845,azarias
56846,brunner
56847,chiang
56848,cottard
56849,croydon
56850,dutocq
56851,englands
56852,faustine
56853,fortunatus
56854,hurra
56855,karthago
56856,kevin
56857,lucienne
56858,moreland
56859,nello
56860,oakhurst
56861,patmos
56862,peshitta
56863,poughkeepsie
56864,reineke
56865,rosalinde
56866,runeberg
56867,tommies
56868,vendale
56869,addiction
56870,alertly
56871,ater
56872,auricular
56873,blameworthy
56874,blandt
56875,convicting
56876,couvercle
56877,damaligen
56878,darkey
56879,dethronement
56880,einiges
56881,fiche
56882,gemaess
56883,jetai
56884,lecho
56885,liene
56886,lubberly
56887,mandado
56888,misapplication
56889,mumps
56890,orice
56891,outros
56892,rapiers
56893,respectueuse
56894,servira
56895,sottises
56896,soused
56897,tother
56898,trouvee
56899,tumour
56900,vertreten
56901,vizor
56902,cypriot
56903,dibdin
56904,emilius
56905,epimetheus
56906,feverel
56907,giustiniani
56908,gruende
56909,keister
56910,kish
56911,lanstron
56912,lucre
56913,magen
56914,marsan
56915,mckaye
56916,morden
56917,omai
56918,perenna
56919,quetzalcoatl
56920,salter
56921,salvat
56922,smither
56923,stacey
56924,terentius
56925,turchi
56926,wenzel
56927,battus
56928,comptais
56929,deform
56930,dissiper
56931,domina
56932,flye
56933,forgeron
56934,gintleman
56935,hardily
56936,idioma
56937,inexprimable
56938,jouent
56939,llevado
56940,lugn
56941,mendacious
56942,mitred
56943,moord
56944,moot
56945,mosquitos
56946,nostalgia
56947,oubliez
56948,patriote
56949,primaeval
56950,rougissant
56951,roulaient
56952,shoreless
56953,smut
56954,sophisms
56955,straightest
56956,sues
56957,tian
56958,toddled
56959,turmeric
56960,unbuckled
56961,unguents
56962,unshorn
56963,untravelled
56964,venders
56965,verschil
56966,voorstellen
56967,vorgenommen
56968,weeke
56969,willeth
56970,erastus
56971,goree
56972,institut
56973,javert
56974,kenner
56975,kimon
56976,kleidern
56977,landschaften
56978,laxley
56979,pontchartrain
56980,recamier
56981,robina
56982,sicinius
56983,thecla
56984,zuflucht
56985,agnosticism
56986,avasi
56987,bagging
56988,bereid
56989,castanets
56990,cind
56991,conjunctive
56992,consacre
56993,devenant
56994,discontentedly
56995,distributive
56996,efficace
56997,errour
56998,evolves
56999,fearest
57000,finny
57001,fuegte
57002,gegeneinander
57003,gleanings
57004,grapnel
57005,hra
57006,intellectuality
57007,laulun
57008,merrymaking
57009,milestones
57010,paraschites
57011,peripheral
57012,posta
57013,pourroit
57014,promenaded
57015,prudemment
57016,quen
57017,regte
57018,remet
57019,remplies
57020,richtte
57021,saye
57022,silex
57023,spirally
57024,sprayed
57025,tamarisk
57026,telco
57027,terve
57028,tohtori
57029,treurig
57030,twopenny
57031,typhoon
57032,unorthodox
57033,unsettling
57034,unwisdom
57035,verleden
57036,vorkommen
57037,zand
57038,zweifeln
57039,almamen
57040,baliol
57041,chesney
57042,clymer
57043,conrade
57044,dokumente
57045,drewyer
57046,hrothgar
57047,hutchings
57048,impelled
57049,iskander
57050,mahars
57051,millar
57052,montevideo
57053,oper
57054,patissot
57055,remsen
57056,roustan
57057,sohne
57058,sutras
57059,tobin
57060,venables
57061,virgen
57062,alio
57063,avaler
57064,bandaging
57065,bluebells
57066,construing
57067,cues
57068,deflect
57069,distinctes
57070,durven
57071,duteous
57072,erschrak
57073,esfuerzo
57074,exil
57075,extase
57076,fourreau
57077,fraaie
57078,fria
57079,gestattet
57080,gewaltigen
57081,gezet
57082,glasse
57083,gloomed
57084,grido
57085,grumbles
57086,hereto
57087,hetkeksi
57088,hymyillen
57089,ivied
57090,jaaren
57091,libitum
57092,loosens
57093,lux
57094,manschappen
57095,nis
57096,noiden
57097,odder
57098,omstreeks
57099,peninsulas
57100,perpetrating
57101,pourras
57102,reiten
57103,reveiller
57104,riposta
57105,spalle
57106,successives
57107,totale
57108,vana
57109,vandalism
57110,vuj
57111,bamberg
57112,broadhurst
57113,bru
57114,capitolo
57115,ecoutez
57116,flack
57117,freeport
57118,gesetzes
57119,inglaterra
57120,jessy
57121,maccabees
57122,mathilda
57123,mctavish
57124,symposium
57125,taetigkeit
57126,thugut
57127,upanishad
57128,verbindungen
57129,airman
57130,bayous
57131,benefaction
57132,brazenly
57133,cabildo
57134,chretiens
57135,comprender
57136,cupped
57137,dessinait
57138,dieci
57139,doubter
57140,epais
57141,ersteren
57142,homemade
57143,indefinite
57144,jabbed
57145,kulunut
57146,levendig
57147,liquidate
57148,misspent
57149,overbalanced
57150,overthrows
57151,pillion
57152,placee
57153,positivement
57154,reimbursement
57155,rivalship
57156,royals
57157,seethe
57158,sinistra
57159,snowfall
57160,sophistication
57161,speediest
57162,stoically
57163,sublimation
57164,thrue
57165,trae
57166,trompes
57167,unwinking
57168,upstarts
57169,vastoin
57170,voto
57171,wagonette
57172,waie
57173,wanter
57174,chinatown
57175,dantzic
57176,dinadan
57177,doodle
57178,eldrick
57179,fairport
57180,galveston
57181,geschlechts
57182,harriot
57183,istoria
57184,kirsten
57185,kesava
57186,laertius
57187,masaniello
57188,oxon
57189,shoshone
57190,silverton
57191,soudanese
57192,tarbell
57193,tempelherr
57194,thai
57195,valette
57196,vorsatz
57197,wahnsinn
57198,welshmen
57199,wiggin
57200,yedo
57201,bangles
57202,battement
57203,bonnement
57204,bottomed
57205,bourreaux
57206,cena
57207,cleare
57208,courageuse
57209,crayfish
57210,dices
57211,expatriation
57212,forefather
57213,forepaws
57214,frottant
57215,fureurs
57216,gana
57217,gesamten
57218,gorging
57219,greys
57220,guardar
57221,hassen
57222,heftiger
57223,inverts
57224,iustice
57225,jotting
57226,juridical
57227,kauniin
57228,manifesta
57229,mastiffs
57230,mighte
57231,morti
57232,murmurer
57233,nousta
57234,orillas
57235,perce
57236,poetique
57237,preparatifs
57238,priesters
57239,sardine
57240,searing
57241,seemest
57242,server
57243,shorely
57244,sifflet
57245,soufflant
57246,tuulen
57247,verbis
57248,whirred
57249,zichtbaar
57250,ahenobarbus
57251,amtmann
57252,bassa
57253,didymus
57254,duchesne
57255,edomites
57256,fasti
57257,florry
57258,fluegel
57259,franco
57260,isthmian
57261,kaiserin
57262,maffei
57263,mctee
57264,savinien
57265,scully
57266,solmes
57267,sousa
57268,taillefer
57269,theodorus
57270,truedale
57271,vigny
57272,virata
57273,wemmick
57274,whewell
57275,wolke
57276,zeugnis
57277,achete
57278,ademas
57279,austerely
57280,bestellt
57281,binden
57282,chorister
57283,debutante
57284,deuren
57285,dricka
57286,duros
57287,empiricism
57288,entrando
57289,essais
57290,feutre
57291,floweth
57292,foundries
57293,gravi
57294,hawked
57295,imputes
57296,inattendu
57297,libras
57298,linings
57299,obtruding
57300,particularize
57301,prescient
57302,prova
57303,resulte
57304,rivaled
57305,roosters
57306,situee
57307,stinks
57308,stivers
57309,swill
57310,unbearably
57311,unwearying
57312,veele
57313,veuillez
57314,voineet
57315,wanes
57316,weaning
57317,whorls
57318,workaday
57319,amesbury
57320,basan
57321,baskelett
57322,bishopsgate
57323,bosheit
57324,byen
57325,colchis
57326,corbario
57327,craigie
57328,cromer
57329,cuffy
57330,cumana
57331,dezember
57332,frankland
57333,fyodorovna
57334,helvetius
57335,libyans
57336,maimonides
57337,maysie
57338,mencius
57339,pariser
57340,perrichon
57341,pickens
57342,ptolemais
57343,pygmies
57344,rusk
57345,storch
57346,tanganyika
57347,thesiger
57348,ticino
57349,tzigana
57350,waterbury
57351,xviie
57352,assayed
57353,attira
57354,boeren
57355,buttes
57356,custards
57357,deviendra
57358,endows
57359,footpaths
57360,forcee
57361,huzza
57362,interchangeable
57363,kleeding
57364,laisserai
57365,lustige
57366,melius
57367,mic
57368,necessairement
57369,nominees
57370,orderliness
57371,organizers
57372,passager
57373,permeating
57374,perspired
57375,persuasiveness
57376,postea
57377,redskin
57378,repartir
57379,rus
57380,sanglier
57381,semmoisia
57382,shamming
57383,solennellement
57384,specifies
57385,stereotype
57386,tubing
57387,unrefined
57388,venous
57389,vidas
57390,allis
57391,anthrax
57392,belloni
57393,beresina
57394,beust
57395,blenkiron
57396,bresl
57397,charolais
57398,dorsey
57399,exempel
57400,jackie
57401,janille
57402,kampfe
57403,norbury
57404,phokion
57405,pygmalion
57406,rovere
57407,swash
57408,teheran
57409,thorgils
57410,archiepiscopal
57411,barnen
57412,borrowers
57413,cabarets
57414,chargeait
57415,comity
57416,disobliging
57417,dissonance
57418,distortions
57419,dits
57420,doot
57421,duizenden
57422,eft
57423,fledged
57424,foules
57425,frontiersman
57426,frueheren
57427,gewusst
57428,haengt
57429,humbugs
57430,ingang
57431,intercessions
57432,jab
57433,kuiskasi
57434,lestement
57435,liturgical
57436,lukkede
57437,necesse
57438,oldish
57439,opposers
57440,orchestras
57441,peple
57442,perennially
57443,permanente
57444,portioned
57445,reflechir
57446,shipmaster
57447,shortens
57448,truckle
57449,tte
57450,unserviceable
57451,vouchsafing
57452,wach
57453,wadding
57454,weathering
57455,whited
57456,anstalt
57457,atchison
57458,belgic
57459,bertuccio
57460,bonapartes
57461,bozzle
57462,chremylus
57463,chavigny
57464,claudieuse
57465,dieb
57466,erkenntnisse
57467,gowdy
57468,hadji
57469,hanssen
57470,hauser
57471,kenntnisse
57472,lel
57473,lxvi
57474,nahum
57475,parijs
57476,pearse
57477,perkin
57478,plausaby
57479,querini
57480,rubempre
57481,sankey
57482,schimmel
57483,storrs
57484,tatian
57485,thess
57486,timmins
57487,tiresias
57488,virgilio
57489,wimpole
57490,anal
57491,anarchical
57492,bellezza
57493,bismuth
57494,castrated
57495,effluence
57496,ehemals
57497,elfish
57498,fantaisies
57499,fewe
57500,foregathered
57501,formar
57502,frond
57503,haint
57504,hechas
57505,hypnotised
57506,ideo
57507,jurant
57508,loci
57509,minsten
57510,miro
57511,neef
57512,nestles
57513,packers
57514,pincushion
57515,puhe
57516,regrettait
57517,rejeta
57518,reprehension
57519,repudiates
57520,somnolence
57521,spurting
57522,therof
57523,tois
57524,vaisselle
57525,verzocht
57526,woodpile
57527,aegisthus
57528,aguirre
57529,amoor
57530,bateman
57531,chersonese
57532,cheviot
57533,chut
57534,crauford
57535,currie
57536,einfachheit
57537,fersen
57538,geruch
57539,hsiang
57540,larne
57541,mcgraw
57542,mul
57543,nadab
57544,nastasia
57545,neill
57546,peredur
57547,rea
57548,saget
57549,substanzen
57550,turanian
57551,vanessa
57552,weddell
57553,allezeit
57554,argumentum
57555,ausmacht
57556,begirt
57557,buoyantly
57558,congratulates
57559,crede
57560,dampen
57561,depopulation
57562,domaines
57563,drowse
57564,engl
57565,erworben
57566,escribas
57567,formando
57568,frisked
57569,fugitifs
57570,fumait
57571,geleitet
57572,humps
57573,hypochondriac
57574,immoralities
57575,interchanging
57576,justifiably
57577,lant
57578,lanternes
57579,llamas
57580,madrigal
57581,marbled
57582,miscalculation
57583,misterio
57584,mondaine
57585,mosse
57586,muted
57587,ollen
57588,pede
57589,praeterea
57590,primaries
57591,recessed
57592,remount
57593,riet
57594,roadways
57595,rondes
57596,scudded
57597,seuerall
57598,societes
57599,songeais
57600,suurella
57601,teak
57602,tyke
57603,vaipui
57604,verbe
57605,whores
57606,alvin
57607,brasil
57608,buckstone
57609,bude
57610,catalanes
57611,clery
57612,consulting
57613,eda
57614,genossen
57615,guelph
57616,handwerk
57617,hola
57618,jovis
57619,kahalaomapuana
57620,klosterheim
57621,lafcadio
57622,lona
57623,lugano
57624,mennesker
57625,minnehaha
57626,noot
57627,normand
57628,ottokar
57629,pharaon
57630,ptolemaic
57631,qm
57632,raskolnikoff
57633,seyns
57634,soney
57635,stoffe
57636,swiveller
57637,sylph
57638,vassili
57639,vitry
57640,warbeck
57641,wigan
57642,bidders
57643,compartiment
57644,coururent
57645,custodians
57646,desiderio
57647,dismember
57648,doctrinaire
57649,dreaminess
57650,duur
57651,eglise
57652,erregen
57653,genteelly
57654,hasarda
57655,hees
57656,hilts
57657,hopp
57658,infrastructure
57659,instigate
57660,intrudes
57661,ironclads
57662,knap
57663,lach
57664,lintu
57665,majordomo
57666,mandatory
57667,orateurs
57668,overslept
57669,povo
57670,quedaba
57671,rannte
57672,readie
57673,refection
57674,renderings
57675,rubric
57676,saliendo
57677,sinds
57678,tonics
57679,trended
57680,tupaan
57681,umbra
57682,utom
57683,verkligen
57684,viser
57685,visibles
57686,vy
57687,widder
57688,aratus
57689,belleisle
57690,briefen
57691,casca
57692,costanza
57693,garnache
57694,geneve
57695,meran
57696,monna
57697,ortheris
57698,piney
57699,rylton
57700,schenk
57701,sedecias
57702,silchester
57703,silvester
57704,ungeheuer
57705,ziemens
57706,angelangt
57707,animadversions
57708,bailing
57709,braue
57710,bushman
57711,calendars
57712,cancelling
57713,catapult
57714,consistory
57715,despoiling
57716,dims
57717,dong
57718,dailleurs
57719,entendus
57720,ergreifen
57721,faucet
57722,forebode
57723,gathereth
57724,gebeurd
57725,generaal
57726,grupos
57727,hectares
57728,jurait
57729,kahvia
57730,klooster
57731,lapin
57732,materialize
57733,meestal
57734,molesting
57735,muede
57736,onderwerp
57737,onderzoek
57738,ontstaan
57739,orientation
57740,powre
57741,radiates
57742,retournai
57743,saisin
57744,sartain
57745,sepulcro
57746,shovelled
57747,slinging
57748,staar
57749,starrte
57750,surprizing
57751,tadpole
57752,tehneet
57753,uncurtained
57754,wussten
57755,adriana
57756,aristippus
57757,barbaren
57758,bedienten
57759,benedetti
57760,bewusstseins
57761,boney
57762,britomart
57763,cahors
57764,carpathians
57765,cherbury
57766,corwin
57767,epistemon
57768,festung
57769,guiscard
57770,guzerat
57771,hollingford
57772,klopstock
57773,lavalette
57774,logotheti
57775,magua
57776,maule
57777,mycenaean
57778,northmour
57779,phalaris
57780,pinkney
57781,agitant
57782,albums
57783,andirons
57784,atrociously
57785,battell
57786,benignantly
57787,bonded
57788,butlers
57789,caressant
57790,centrally
57791,constriction
57792,coyly
57793,digress
57794,erections
57795,ernste
57796,experimenters
57797,fossero
57798,gevangenis
57799,guardsman
57800,gummy
57801,gumption
57802,hasards
57803,hauls
57804,historischen
57805,joihin
57806,lucidly
57807,negociation
57808,pomatum
57809,prognostications
57810,prosody
57811,proteger
57812,protester
57813,reimbursed
57814,retrospection
57815,rodents
57816,ruego
57817,schnellen
57818,seigneurie
57819,shales
57820,spak
57821,spinet
57822,unruhig
57823,vastaa
57824,voorraad
57825,wheezed
57826,yl
57827,archy
57828,baume
57829,bevan
57830,castanier
57831,corunna
57832,degas
57833,elmwood
57834,grisell
57835,kaisa
57836,kaskaskia
57837,kavanagh
57838,laconia
57839,larkspur
57840,pepysian
57841,rollen
57842,romanorum
57843,samian
57844,veslovsky
57845,westerner
57846,yank
57847,zubereitung
57848,acrobat
57849,artesian
57850,aviary
57851,bagpipe
57852,bruler
57853,circumvented
57854,coco
57855,dented
57856,despotisms
57857,douloureusement
57858,ethnology
57859,fretta
57860,giggles
57861,ilmestyi
57862,kaldte
57863,katosi
57864,leste
57865,moule
57866,nursemaid
57867,petrels
57868,pleurisy
57869,polluting
57870,prognostics
57871,prythee
57872,redly
57873,remuda
57874,schijn
57875,singling
57876,singulierement
57877,slaughters
57878,soucieux
57879,terrestres
57880,veramente
57881,verschwindet
57882,vertebra
57883,verwirrt
57884,vetus
57885,vignette
57886,yanked
57887,afric
57888,alessandria
57889,bingo
57890,buda
57891,disdir
57892,enobarbus
57893,gallien
57894,kester
57895,lxvii
57896,lilienthal
57897,lottchen
57898,mynors
57899,mexique
57900,modder
57901,ollie
57902,pacifico
57903,tressen
57904,umbrian
57905,welland
57906,whitsunday
57907,abrir
57908,aweary
57909,cauchemar
57910,circumnavigation
57911,compilations
57912,cuit
57913,debauches
57914,dedos
57915,degout
57916,dejaba
57917,dictature
57918,discus
57919,ero
57920,exces
57921,geestelijke
57922,gemeen
57923,gladdening
57924,gristle
57925,grumpy
57926,italienne
57927,iyo
57928,kle
57929,kokoon
57930,lacquey
57931,laita
57932,marmite
57933,mints
57934,noho
57935,partaient
57936,poter
57937,principled
57938,sentez
57939,seuraavana
57940,sickles
57941,sojourns
57942,sweeper
57943,tooneel
57944,troublait
57945,tuve
57946,uncompromisingly
57947,varda
57948,vermicelli
57949,zitternd
57950,bache
57951,editha
57952,engels
57953,frisbie
57954,heikin
57955,hercule
57956,herefordshire
57957,hoosier
57958,jaggers
57959,mamsie
57960,mariuccia
57961,nikias
57962,oudh
57963,persis
57964,pownal
57965,radford
57966,salic
57967,sequoia
57968,stilicho
57969,tarquinius
57970,thomasson
57971,verehrung
57972,wyandots
57973,aanstonds
57974,amenait
57975,anklets
57976,consiglio
57977,coot
57978,dictations
57979,downed
57980,duce
57981,eneuch
57982,fencer
57983,gentles
57984,gleichem
57985,gratuities
57986,greenhorn
57987,hurla
57988,mewed
57989,necke
57990,neito
57991,obverse
57992,parka
57993,precariously
57994,preceptors
57995,recibe
57996,reducible
57997,reloading
57998,republication
57999,seemes
58000,skaters
58001,snorts
58002,sonderbare
58003,spitted
58004,tendresses
58005,theocratic
58006,unfriended
58007,vapaa
58008,videlicet
58009,wapen
58010,weightiest
58011,whirligig
58012,abteilung
58013,bedfordshire
58014,bijah
58015,bobs
58016,brentford
58017,caswell
58018,dorking
58019,guete
58020,intusschen
58021,oc
58022,plumstead
58023,poyntz
58024,rabbinical
58025,rexford
58026,ruh
58027,saml
58028,schulen
58029,thalia
58030,ulrica
58031,zante
58032,aanleiding
58033,bestride
58034,catafalque
58035,cavalryman
58036,cerulean
58037,combattants
58038,commencaient
58039,compasse
58040,comprehensively
58041,concernant
58042,cordons
58043,flipped
58044,fortis
58045,gardent
58046,gazers
58047,gebroken
58048,graveled
58049,hallar
58050,humourous
58051,impolicy
58052,incendie
58053,incontinence
58054,incumbrances
58055,intelligents
58056,interdependence
58057,kunstenaar
58058,nothwendig
58059,oleanders
58060,outo
58061,protections
58062,provenant
58063,puente
58064,ratios
58065,relishes
58066,sanften
58067,scoundrelly
58068,scudi
58069,shippers
58070,simiente
58071,solicitously
58072,synd
58073,throttling
58074,uncarpeted
58075,vogels
58076,vraisemblable
58077,whetting
58078,archivo
58079,barrant
58080,bertran
58081,bertrande
58082,carlsruhe
58083,eliseus
58084,enghien
58085,eustis
58086,fauvel
58087,godalming
58088,iduna
58089,jakobs
58090,konto
58091,luxor
58092,mehrheit
58093,merari
58094,merodach
58095,miao
58096,mittelalter
58097,orontes
58098,perouse
58099,shaddai
58100,simoun
58101,stralsund
58102,thorndike
58103,wrandall
58104,brindled
58105,casuist
58106,caya
58107,chauffeurs
58108,colliery
58109,compunctions
58110,conservait
58111,contributory
58112,cordiale
58113,diest
58114,drohte
58115,effortless
58116,eigi
58117,fetich
58118,frum
58119,fuerchte
58120,hairpins
58121,heralding
58122,incisors
58123,interned
58124,intrusions
58125,lettuces
58126,logischen
58127,mediating
58128,mought
58129,noodles
58130,nostrums
58131,obesity
58132,onct
58133,postcard
58134,preciousness
58135,proclivity
58136,rediscovered
58137,regem
58138,regt
58139,remarques
58140,retarder
58141,retombait
58142,signboard
58143,soltanto
58144,soupirant
58145,spank
58146,spokesmen
58147,straddling
58148,supo
58149,suurempi
58150,teething
58151,tiede
58152,toivoa
58153,unfathomed
58154,versierd
58155,viandes
58156,woraus
58157,writeth
58158,alcazar
58159,bysshe
58160,carbajal
58161,chamonix
58162,cooley
58163,corbin
58164,donatus
58165,eier
58166,erpingham
58167,erzherzog
58168,heemskerk
58169,hintergrund
58170,kami
58171,lunnon
58172,malvolio
58173,mcgill
58174,nikolaus
58175,polynesians
58176,potosi
58177,roundhead
58178,schreibtisch
58179,stilton
58180,townley
58181,ursel
58182,vandenesse
58183,aggravates
58184,amistad
58185,appreciatively
58186,bacchanalian
58187,bestehenden
58188,blz
58189,bougeait
58190,cajolery
58191,conventicle
58192,curdling
58193,explores
58194,faiblesses
58195,frid
58196,gemmed
58197,genti
58198,guffaw
58199,helpmeet
58200,inconveniencies
58201,indentures
58202,inebriated
58203,lascia
58204,luisterde
58205,lai
58206,mangent
58207,meo
58208,monopolizing
58209,mucilage
58210,naves
58211,ondas
58212,oxidizing
58213,przed
58214,recuperate
58215,refines
58216,reviendrait
58217,shrewder
58218,somatic
58219,squashes
58220,suon
58221,syntynyt
58222,territorio
58223,theodolite
58224,thrillingly
58225,tourbillons
58226,twanged
58227,unphilosophical
58228,unpolluted
58229,birrell
58230,bursch
58231,cambridgeshire
58232,chettle
58233,croatian
58234,dewitt
58235,erse
58236,esterhazy
58237,folco
58238,funktionen
58239,granby
58240,mylord
58241,nabal
58242,nosey
58243,pauli
58244,petrel
58245,pietari
58246,schluessel
58247,semple
58248,sternen
58249,syrien
58250,telfer
58251,thessalians
58252,tokio
58253,truckee
58254,tyrannen
58255,adjudge
58256,ating
58257,ciascun
58258,claridad
58259,cleane
58260,cogency
58261,commandeered
58262,committeth
58263,considera
58264,coronal
58265,defaulter
58266,dicte
58267,dirtier
58268,draping
58269,duplex
58270,felicidad
58271,finner
58272,gelungen
58273,generalizing
58274,gudar
58275,intercessor
58276,latere
58277,lauten
58278,leverage
58279,liefern
58280,litigious
58281,niyang
58282,nui
58283,olisit
58284,paraphrases
58285,phenomene
58286,piracies
58287,portends
58288,pouvoit
58289,quadroon
58290,raisonner
58291,rakkautta
58292,reconnoiter
58293,rheum
58294,russischen
58295,seisoivat
58296,tallys
58297,tiam
58298,transcontinental
58299,trashy
58300,ungeachtet
58301,verwendet
58302,wyn
58303,agis
58304,beatty
58305,beroviero
58306,cimourdain
58307,cristobal
58308,cutty
58309,desroches
58310,gemuet
58311,gruber
58312,guersaint
58313,hodenosaunee
58314,jerusalems
58315,leonilda
58316,lowestoft
58317,macarthur
58318,oleron
58319,osmia
58320,rumford
58321,seminoles
58322,thuringia
58323,tugela
58324,adulterate
58325,architrave
58326,benachbarten
58327,beschreven
58328,bevelen
58329,blinder
58330,castigation
58331,chaperone
58332,choisie
58333,chio
58334,concealments
58335,correspondant
58336,devastate
58337,devienne
58338,driehoek
58339,durement
58340,entbehren
58341,eruptive
58342,fabricate
58343,heartening
58344,heh
58345,heid
58346,hinueber
58347,hoorden
58348,huzzas
58349,legibly
58350,lupasi
58351,maaske
58352,mager
58353,menschelijk
58354,methyl
58355,meticulous
58356,mooning
58357,parodied
58358,prehensile
58359,puhumaan
58360,purgation
58361,raccoon
58362,renvoya
58363,ruiner
58364,sanot
58365,souffla
58366,staved
58367,suspendre
58368,tamarind
58369,terris
58370,tibia
58371,traer
58372,tricking
58373,unavailable
58374,vampires
58375,vesicle
58376,vlug
58377,windowless
58378,babs
58379,babylone
58380,childers
58381,drogheda
58382,eratosthenes
58383,fische
58384,fothergill
58385,frankfurter
58386,hallward
58387,huelfe
58388,kasten
58389,liane
58390,matho
58391,mundy
58392,neoptolemus
58393,pannonia
58394,patti
58395,penthesilea
58396,pilato
58397,reese
58398,scotsmen
58399,seely
58400,simplon
58401,babyish
58402,brannte
58403,browbeat
58404,butternut
58405,closett
58406,coniferous
58407,conserving
58408,coutumes
58409,develope
58410,doan
58411,easternmost
58412,enkindled
58413,espera
58414,esperaba
58415,flexor
58416,gauging
58417,harpy
58418,hergestellt
58419,horsed
58420,hutte
58421,interestingly
58422,leges
58423,lieto
58424,loben
58425,monture
58426,moroseness
58427,movers
58428,notabilities
58429,paikkaan
58430,passons
58431,porche
58432,propagandist
58433,ravie
58434,repartees
58435,sconce
58436,soapy
58437,soufflet
58438,sough
58439,souleve
58440,stehende
58441,strangulation
58442,traduced
58443,twines
58444,typhoons
58445,ungenial
58446,untrimmed
58447,unwarlike
58448,vitalized
58449,vivendi
58450,vuole
58451,wartet
58452,weds
58453,winnowed
58454,ansell
58455,arrian
58456,atwater
58457,balboa
58458,boges
58459,elysee
58460,enright
58461,evringham
58462,federated
58463,gobseck
58464,goncourt
58465,hernandez
58466,inglethorp
58467,kammerdiener
58468,khasia
58469,latona
58470,lutha
58471,mappo
58472,marner
58473,nachfrage
58474,nicephorus
58475,niemen
58476,verpflichtung
58477,adequacy
58478,boned
58479,burgomasters
58480,combinaison
58481,concretion
58482,daaraan
58483,deniers
58484,disparaged
58485,empreinte
58486,estudio
58487,flyer
58488,fusible
58489,hasting
58490,ibis
58491,infamously
58492,innkeepers
58493,interieure
58494,leisured
58495,lijn
58496,minussa
58497,nourrit
58498,parenthetically
58499,prefet
58500,pugilistic
58501,rationale
58502,redeemable
58503,restfulness
58504,retrouvant
58505,schismatic
58506,sleighing
58507,supperless
58508,tahtoisin
58509,tomfoolery
58510,unsung
58511,vergangen
58512,viste
58513,whoreson
58514,araucanians
58515,endor
58516,eugenius
58517,fayal
58518,gesichte
58519,gespenst
58520,halse
58521,isab
58522,ithuel
58523,jonesville
58524,juanna
58525,keane
58526,kuhn
58527,laub
58528,lushington
58529,meeres
58530,morpheus
58531,perlen
58532,salonika
58533,sihon
58534,sizilien
58535,sviazhsky
58536,zanoni
58537,absenting
58538,ancho
58539,andante
58540,apprenait
58541,attar
58542,aussen
58543,avete
58544,banishes
58545,begannen
58546,cahier
58547,dau
58548,diagnostic
58549,edelleen
58550,eeuwig
58551,effraye
58552,enrolment
58553,erasures
58554,escena
58555,eta
58556,freeborn
58557,gekocht
58558,gekregen
58559,geraakt
58560,incitements
58561,intermeddle
58562,kaikessa
58563,kansaa
58564,knappt
58565,kropp
58566,kuolla
58567,lavishness
58568,medulla
58569,mimes
58570,mismanaged
58571,mostra
58572,naisten
58573,opals
58574,perceiue
58575,pluma
58576,porcelaine
58577,pretentions
58578,pullet
58579,sirven
58580,stoning
58581,superposed
58582,sweepings
58583,terrorized
58584,tolerates
58585,troncs
58586,undoubting
58587,unlit
58588,vampyre
58589,vbi
58590,verboten
58591,waitresses
58592,woodland
58593,aeolus
58594,aklis
58595,anvers
58596,brainerd
58597,broome
58598,cady
58599,clio
58600,elsli
58601,goldoni
58602,gregson
58603,guadaloupe
58604,hassenreuter
58605,herde
58606,hsueeh
58607,johanneksen
58608,kantos
58609,kategorie
58610,lamberg
58611,masefield
58612,mesopotamian
58613,pfaeffling
58614,priapus
58615,skale
58616,thorkel
58617,topham
58618,twaddles
58619,ying
58620,andan
58621,cribbage
58622,entschuldigen
58623,evokes
58624,explodes
58625,fulgte
58626,gigs
58627,glints
58628,grossiers
58629,hauska
58630,historien
58631,jeans
58632,melancolie
58633,multiplier
58634,oid
58635,oilskin
58636,otters
58637,personifications
58638,portages
58639,prevu
58640,quibbling
58641,rapprochait
58642,scabbards
58643,schisms
58644,schwachen
58645,squeals
58646,theirselves
58647,thicke
58648,thunderstorms
58649,tiro
58650,unfitting
58651,unobjectionable
58652,voittaa
58653,whetstone
58654,whittle
58655,windes
58656,wissenschaftliche
58657,ainslie
58658,algerine
58659,baiae
58660,ballou
58661,cn
58662,concho
58663,dumoulin
58664,eger
58665,fidelis
58666,fortschritt
58667,gehorsam
58668,goetz
58669,gorgio
58670,hoofdstuk
58671,hamblin
58672,heideck
58673,hylas
58674,janin
58675,knochen
58676,maennern
58677,merwyn
58678,mesurier
58679,rokoff
58680,sylvain
58681,valetta
58682,alphabets
58683,assassinating
58684,bathos
58685,batsman
58686,beautie
58687,besorgen
58688,bewondering
58689,chyle
58690,coelum
58691,completa
58692,comprenais
58693,councilors
58694,daubs
58695,departement
58696,dialectics
58697,doggie
58698,excrements
58699,expresion
58700,famiglia
58701,fassent
58702,foreshortened
58703,gasholder
58704,gedwongen
58705,harbingers
58706,heisse
58707,hierbei
58708,imprime
58709,ketchup
58710,knaap
58711,lebhafter
58712,lemmen
58713,lynched
58714,mouldered
58715,mulled
58716,natus
58717,negligee
58718,nin
58719,paletot
58720,parlous
58721,pickling
58722,preludes
58723,quegli
58724,republicains
58725,respira
58726,scavenger
58727,siue
58728,superciliousness
58729,totuuden
58730,transpiring
58731,unbosom
58732,verk
58733,verliezen
58734,verwonderd
58735,zonen
58736,banion
58737,decalogue
58738,dredlinton
58739,einbildung
58740,flecken
58741,getreide
58742,hibiscus
58743,idomeneus
58744,lavater
58745,leyburn
58746,maidstone
58747,monti
58748,neradol
58749,olympius
58750,paralipomenon
58751,pelion
58752,poiret
58753,quennebert
58754,schoenbrunn
58755,solway
58756,sudra
58757,tolbooth
58758,trevert
58759,acceptably
58760,anvils
58761,cathode
58762,catlike
58763,cheroot
58764,contriver
58765,countrified
58766,depeche
58767,dialectique
58768,envoyes
58769,eradication
58770,exegesis
58771,gasolene
58772,haying
58773,hydroxide
58774,immolate
58775,liker
58776,lluvia
58777,lycka
58778,magistrature
58779,manlike
58780,passar
58781,polemics
58782,rankle
58783,ruokaa
58784,sentire
58785,signalize
58786,sirocco
58787,sjaelv
58788,spawning
58789,supporte
58790,trumped
58791,ukase
58792,ungern
58793,unguided
58794,vilaine
58795,vimos
58796,vivisection
58797,voraciously
58798,voyce
58799,walkers
58800,wheelwright
58801,whinny
58802,adda
58803,amiel
58804,brindley
58805,jewkes
58806,pango
58807,polder
58808,propertius
58809,rande
58810,sego
58811,spion
58812,suende
58813,tabary
58814,tieck
58815,wrangel
58816,accountants
58817,acquise
58818,alteza
58819,appartenaient
58820,appunto
58821,arco
58822,armpit
58823,bezocht
58824,castigo
58825,commencements
58826,communis
58827,dabbed
58828,decem
58829,embonpoint
58830,epi
58831,finissent
58832,fluesterte
58833,foreshadow
58834,freshets
58835,gekauft
58836,gopher
58837,greenhouses
58838,hakemaan
58839,impregnation
58840,libellous
58841,molar
58842,niceness
58843,notebooks
58844,ontving
58845,periodicity
58846,periscope
58847,plethora
58848,pliancy
58849,poumons
58850,protocols
58851,reconcilement
58852,relighted
58853,rifling
58854,rumblings
58855,sacree
58856,siente
58857,soulager
58858,styling
58859,tragischen
58860,ui
58861,unclaimed
58862,unterrichtet
58863,unthought
58864,vintner
58865,weinend
58866,wente
58867,abstraktion
58868,almanack
58869,beauseant
58870,campanella
58871,coquelin
58872,ebba
58873,gaydon
58874,herries
58875,imlac
58876,mahabharata
58877,mentone
58878,micronesia
58879,montesinos
58880,nope
58881,ponto
58882,sali
58883,starbrow
58884,tucson
58885,verbrecher
58886,wastl
58887,abierto
58888,arboreal
58889,bailed
58890,bombshell
58891,bondad
58892,borta
58893,circum
58894,conspirateurs
58895,couvrant
58896,crotchet
58897,disavowal
58898,disfranchisement
58899,eche
58900,ecrivains
58901,enhver
58902,fandt
58903,ferveur
58904,fet
58905,geliefde
58906,groanings
58907,integument
58908,invita
58909,jokin
58910,laboratoire
58911,lyfte
58912,mucilaginous
58913,multiples
58914,paneled
58915,parang
58916,participial
58917,perfectness
58918,perspire
58919,photographing
58920,povera
58921,prorogued
58922,rayther
58923,rebellious
58924,reset
58925,richement
58926,riens
58927,ruumis
58928,sandbags
58929,schoonste
58930,semel
58931,separateness
58932,snappish
58933,souffrante
58934,squashed
58935,stipends
58936,turnover
58937,twixt
58938,vervolgde
58939,vierzig
58940,wartime
58941,wisst
58942,zart
58943,affonso
58944,alaire
58945,arbaces
58946,befreiung
58947,benita
58948,beorn
58949,blentz
58950,ceuta
58951,dumbarton
58952,entstehung
58953,haanden
58954,kaethe
58955,liancourt
58956,mivers
58957,nabab
58958,pelops
58959,senhor
58960,squinty
58961,stolpe
58962,tieren
58963,ulstermen
58964,unendlichkeit
58965,vasishtha
58966,volney
58967,yegorushka
58968,adverbial
58969,allgemeiner
58970,alternativement
58971,amalgamate
58972,angenehmen
58973,assiettes
58974,ausmachen
58975,battaile
58976,beliebt
58977,colorful
58978,comptez
58979,dandified
58980,debaucheries
58981,denier
58982,desolations
58983,embarcation
58984,errante
58985,evigt
58986,excavate
58987,geopend
58988,groined
58989,impotently
58990,infinita
58991,legno
58992,lernt
58993,lilas
58994,lineament
58995,llamada
58996,maalle
58997,malheureuses
58998,maltreat
58999,milkmaid
59000,misdemeanour
59001,musters
59002,muutoin
59003,mylen
59004,nergens
59005,occupational
59006,opiates
59007,paisibles
59008,pappa
59009,pensiveness
59010,permettaient
59011,precio
59012,pressaient
59013,presumptuously
59014,preux
59015,proa
59016,schmerzlich
59017,shrewish
59018,slated
59019,spook
59020,steamy
59021,sterker
59022,suelen
59023,tendus
59024,trespassers
59025,trovato
59026,victualled
59027,wenschte
59028,anim
59029,betracht
59030,catilina
59031,finsbury
59032,foger
59033,jumalaa
59034,kinraid
59035,levantine
59036,melvil
59037,pha
59038,pasquier
59039,pratinas
59040,redgauntlet
59041,tilda
59042,unlust
59043,vercingetorix
59044,viertelstunde
59045,wurzeln
59046,anneaux
59047,archaeologists
59048,carbuncles
59049,cashiered
59050,civet
59051,coached
59052,compagnes
59053,crucibles
59054,cuj
59055,dagnyj
59056,denjenigen
59057,detracts
59058,equilateral
59059,errer
59060,fakirs
59061,felonious
59062,gears
59063,geduurende
59064,giantess
59065,hyperbolical
59066,impitoyable
59067,jugez
59068,kyng
59069,litmus
59070,llanura
59071,magni
59072,memorize
59073,outraging
59074,paleur
59075,pantomimes
59076,persecutes
59077,precedente
59078,rectification
59079,regicides
59080,saaledes
59081,senility
59082,sezee
59083,solitariness
59084,souplesse
59085,spise
59086,spoilers
59087,tahtoisi
59088,testicles
59089,westernmost
59090,ayear
59091,anerkennung
59092,byear
59093,bullen
59094,catlin
59095,dunne
59096,ellenborough
59097,glaubens
59098,grassins
59099,hilyard
59100,hounslow
59101,huerta
59102,jezus
59103,lucio
59104,matey
59105,overtop
59106,pendragon
59107,philosoph
59108,pim
59109,rumanians
59110,sauveur
59111,scilly
59112,sievers
59113,skala
59114,stoddart
59115,surinam
59116,thorir
59117,tibur
59118,tiverton
59119,traill
59120,voe
59121,watterson
59122,artilleryman
59123,baade
59124,bastinado
59125,bestes
59126,bienes
59127,changeth
59128,coaling
59129,deficits
59130,definable
59131,disjoined
59132,elegantes
59133,fortaleza
59134,goldne
59135,hoots
59136,loons
59137,luokse
59138,mietti
59139,palmed
59140,patronne
59141,peppery
59142,planing
59143,ramasse
59144,redcoats
59145,robustes
59146,rompit
59147,saddens
59148,savantes
59149,schreit
59150,slutligen
59151,smears
59152,stadium
59153,taakse
59154,tremulous
59155,trenching
59156,treuer
59157,tunga
59158,unappeasable
59159,unreadable
59160,unsurveyed
59161,unterm
59162,variables
59163,vereinigen
59164,allonby
59165,beauvoir
59166,biglow
59167,bildad
59168,biorn
59169,bretton
59170,briest
59171,choo
59172,cophagus
59173,ergebnis
59174,genevese
59175,goodwood
59176,irgens
59177,katelijne
59178,knightsbridge
59179,lanciotto
59180,marsch
59181,masterton
59182,mohicans
59183,omsk
59184,panine
59185,spanier
59186,vej
59187,verwendung
59188,wuthering
59189,accompagnait
59190,accomplie
59191,allees
59192,angebracht
59193,ausserhalb
59194,barroom
59195,bouclier
59196,breads
59197,censurable
59198,condemnatory
59199,construi
59200,contrarier
59201,convening
59202,coussins
59203,dagli
59204,delicat
59205,dogcart
59206,durait
59207,elongation
59208,expertness
59209,fule
59210,haversacks
59211,himmlischen
59212,hypocritically
59213,insistance
59214,interlocked
59215,kans
59216,lags
59217,letzter
59218,mastodon
59219,muttering
59220,muuttaa
59221,naow
59222,noodle
59223,outro
59224,poyson
59225,prussic
59226,punches
59227,puolestaan
59228,rantaan
59229,resterent
59230,simmered
59231,suasion
59232,superiour
59233,sworne
59234,tans
59235,telephonic
59236,wehe
59237,wunderlich
59238,bereich
59239,brinton
59240,eberhard
59241,egeria
59242,euphrosyne
59243,feversham
59244,gaeta
59245,hillsboro
59246,janey
59247,kartoffeln
59248,lyster
59249,menin
59250,patagonian
59251,platonism
59252,sceaux
59253,siemens
59254,sitka
59255,skallagrim
59256,tatsache
59257,tintern
59258,tracht
59259,zeichnung
59260,accustoming
59261,aisance
59262,ajatukset
59263,almshouses
59264,asiento
59265,ballets
59266,beleeve
59267,boisson
59268,calculator
59269,cankered
59270,caveau
59271,compagnia
59272,cristiano
59273,deploying
59274,deposing
59275,douche
59276,fliegen
59277,foist
59278,gisteren
59279,heater
59280,honnetes
59281,ilustre
59282,infidelities
59283,inquam
59284,interrompue
59285,jamb
59286,jeher
59287,landschap
59288,laved
59289,oberen
59290,onslaughts
59291,pasting
59292,philosophischen
59293,pistils
59294,pra
59295,remunerated
59296,reparer
59297,roem
59298,sagement
59299,senates
59300,singles
59301,skaffa
59302,soutenaient
59303,stenographers
59304,stolze
59305,transparently
59306,trireme
59307,trompette
59308,undervaluing
59309,valedictory
59310,worlde
59311,abrahams
59312,barkley
59313,braithwaite
59314,flopper
59315,garstin
59316,liebig
59317,linus
59318,lir
59319,mariano
59320,mitchy
59321,pappenheim
59322,pawle
59323,servadac
59324,tennant
59325,upsala
59326,verbreitung
59327,welbeck
59328,wissens
59329,baling
59330,bewegingen
59331,chaste
59332,cheapened
59333,cleaved
59334,cloison
59335,darstellen
59336,demeaned
59337,descanted
59338,disparurent
59339,drawne
59340,dugouts
59341,erlangen
59342,eulogized
59343,eveneens
59344,eventuality
59345,examinant
59346,expiatory
59347,exporter
59348,fixant
59349,frustrating
59350,harrows
59351,implementation
59352,imprimer
59353,joviality
59354,klok
59355,korkea
59356,kreivi
59357,legislated
59358,marauder
59359,modeling
59360,mourra
59361,naturaliste
59362,obsidian
59363,oikean
59364,ordeals
59365,penitently
59366,portmanteaus
59367,probationary
59368,rebounding
59369,refutes
59370,rides
59371,ringsum
59372,slovenliness
59373,traurige
59374,treed
59375,trouwen
59376,versait
59377,abc
59378,arist
59379,asie
59380,aweel
59381,bodine
59382,celie
59383,corrie
59384,geschwister
59385,macartney
59386,mandans
59387,mems
59388,montholon
59389,rudd
59390,sevenoaks
59391,tarshish
59392,tomaso
59393,tuesdays
59394,tyr
59395,weit
59396,willibald
59397,woburn
59398,atunci
59399,bewijs
59400,blague
59401,blyven
59402,brotherhoods
59403,brusques
59404,burrs
59405,clips
59406,confest
59407,defensa
59408,devilishly
59409,dicea
59410,dors
59411,equites
59412,erregte
59413,forewarn
59414,frankest
59415,ique
59416,ilmoitti
59417,inviter
59418,jams
59419,jesters
59420,kasvaa
59421,kunnon
59422,liefert
59423,meannesses
59424,molta
59425,navvy
59426,noodzakelijk
59427,olika
59428,peek
59429,plaids
59430,prenais
59431,puolelta
59432,rayos
59433,reclame
59434,rehabilitate
59435,reizend
59436,resiste
59437,saddler
59438,satirized
59439,savageness
59440,seyde
59441,soporific
59442,subjugating
59443,talosta
59444,tern
59445,tumors
59446,tycktes
59447,uncompleted
59448,uprisings
59449,vanes
59450,vetturino
59451,vicino
59452,allyn
59453,aly
59454,avicenna
59455,bc
59456,badlam
59457,balmoral
59458,chambrais
59459,desnoyers
59460,erwartungen
59461,gebot
59462,grose
59463,havannah
59464,hemans
59465,kintail
59466,martins
59467,mataafa
59468,monongahela
59469,rhodian
59470,sherburne
59471,siebenburg
59472,signory
59473,silo
59474,spitzbergen
59475,struve
59476,wilhelmine
59477,woolsey
59478,zufriedenheit
59479,ajattelin
59480,alignment
59481,bahay
59482,bestemd
59483,blancas
59484,dedicates
59485,duree
59486,enfermo
59487,enthielt
59488,espaces
59489,eussions
59490,examinait
59491,expounder
59492,fazer
59493,gemeinsamen
59494,geweten
59495,goads
59496,gravite
59497,gulph
59498,haver
59499,illumining
59500,imaginaire
59501,imposant
59502,intermitted
59503,irrecoverable
59504,jine
59505,laideur
59506,mitres
59507,nigra
59508,nocte
59509,paprika
59510,parcourut
59511,parum
59512,prunelles
59513,retentir
59514,romancers
59515,saata
59516,skims
59517,sota
59518,souvint
59519,starter
59520,suchlike
59521,textual
59522,varmint
59523,veia
59524,vena
59525,waart
59526,whelmed
59527,wraak
59528,acta
59529,anth
59530,bawn
59531,bilton
59532,conall
59533,condor
59534,dru
59535,eletto
59536,finlay
59537,goneril
59538,hatchie
59539,holyoke
59540,ladislaw
59541,lana
59542,mago
59543,mchenry
59544,mellefont
59545,metcalfe
59546,millay
59547,muzio
59548,nationen
59549,nibelungenlied
59550,olson
59551,ormazd
59552,orrery
59553,panchalas
59554,poniatowski
59555,rabat
59556,regin
59557,runic
59558,suabia
59559,warlock
59560,arretes
59561,bittere
59562,blizzards
59563,caliphs
59564,cockroaches
59565,commendatory
59566,confutation
59567,continuall
59568,coquille
59569,cranial
59570,daarover
59571,dae
59572,discounts
59573,ducs
59574,dynamos
59575,fanciulla
59576,funebre
59577,hartshorn
59578,ikkunasta
59579,insgelijks
59580,kirjan
59581,lebhafte
59582,mande
59583,melancolique
59584,millimetres
59585,poikaa
59586,precedency
59587,pretention
59588,qualunque
59589,rauha
59590,richtigen
59591,roadster
59592,safari
59593,skogen
59594,spanische
59595,sune
59596,tope
59597,unscrewed
59598,walang
59599,withouten
59600,akim
59601,anatolia
59602,armande
59603,asenath
59604,aymer
59605,bannerworth
59606,croisset
59607,crookes
59608,duclos
59609,ericson
59610,fels
59611,gottingen
59612,hohn
59613,klassen
59614,kohl
59615,matlock
59616,maui
59617,maurepas
59618,medway
59619,middlemount
59620,nauru
59621,peebles
59622,pepeeta
59623,philippians
59624,ronquillo
59625,themistokles
59626,tyrconnel
59627,woodhull
59628,aristocratique
59629,beatified
59630,bivouacs
59631,bookshop
59632,caliente
59633,canted
59634,chastely
59635,chirrup
59636,cosmical
59637,dabs
59638,dreef
59639,droefheid
59640,dubbio
59641,dulces
59642,dunces
59643,entretiens
59644,excessivement
59645,fuehle
59646,gaaet
59647,gauges
59648,hangeth
59649,irren
59650,kehren
59651,leski
59652,mahout
59653,mecum
59654,metallurgy
59655,millones
59656,mortellement
59657,polarization
59658,principalmente
59659,sandte
59660,savon
59661,scathe
59662,slumped
59663,sweetens
59664,tuolta
59665,verged
59666,zong
59667,anselmus
59668,arias
59669,asinius
59670,baronen
59671,belden
59672,bjaaland
59673,fresno
59674,hanks
59675,horapollo
59676,huldbrand
59677,juv
59678,ladrones
59679,marini
59680,mascarin
59681,michaelis
59682,radowitz
59683,religio
59684,rozel
59685,schimmer
59686,thenardier
59687,theodose
59688,tientsin
59689,tremayne
59690,zeuge
59691,basted
59692,bestanden
59693,cancellation
59694,centering
59695,coronary
59696,deugd
59697,dockyards
59698,durfde
59699,ethic
59700,fauves
59701,fortifies
59702,fowling
59703,goode
59704,guttering
59705,ichs
59706,immutability
59707,impedes
59708,kaukaa
59709,libera
59710,mariages
59711,norm
59712,pensieri
59713,personify
59714,precisamente
59715,puissiez
59716,rodent
59717,saapui
59718,schoenste
59719,sika
59720,sprichst
59721,symbolizing
59722,tapfer
59723,terrapin
59724,thermal
59725,thesame
59726,touchent
59727,trova
59728,upholders
59729,verhouding
59730,zurecht
59731,nda
59732,aetna
59733,andorra
59734,baconian
59735,bavo
59736,benjy
59737,charaktere
59738,chaulieu
59739,corvisart
59740,cray
59741,fabien
59742,farrow
59743,finsternis
59744,fransch
59745,geschenke
59746,maufrigneuse
59747,milnwood
59748,moze
59749,nesbit
59750,ormes
59751,preuss
59752,saduko
59753,sallenauve
59754,savine
59755,separatists
59756,skookum
59757,terrence
59758,tubal
59759,tuscans
59760,vanderbank
59761,ventadour
59762,viterbo
59763,willson
59764,aabnede
59765,animadversion
59766,appuyer
59767,ardentes
59768,barres
59769,bittet
59770,bod
59771,brims
59772,bulks
59773,carats
59774,carefull
59775,carryall
59776,chasses
59777,cheapening
59778,criminelle
59779,dwindles
59780,faehrt
59781,filch
59782,giro
59783,guesswork
59784,guichet
59785,helpeth
59786,homens
59787,hungrier
59788,ignobly
59789,impassively
59790,katsellen
59791,legten
59792,llegando
59793,loggerheads
59794,loppuun
59795,monad
59796,oozes
59797,oyeron
59798,podria
59799,proclamer
59800,professeurs
59801,protuberances
59802,puedes
59803,queerer
59804,reciter
59805,regia
59806,rustique
59807,sabios
59808,sarve
59809,scarves
59810,schemers
59811,scorner
59812,slavishly
59813,tabu
59814,tenures
59815,tobacconist
59816,tronco
59817,ultramarine
59818,undiluted
59819,usurious
59820,venti
59821,vergleichen
59822,voert
59823,arion
59824,athenaeus
59825,bastin
59826,beltham
59827,brainard
59828,chartist
59829,coote
59830,elfy
59831,frenchwomen
59832,issoudun
59833,legislatif
59834,lilliput
59835,longford
59836,malebranche
59837,nehljudofin
59838,pernambuco
59839,reshid
59840,sandusky
59841,shackford
59842,silvestre
59843,sneck
59844,tessa
59845,verteidigung
59846,yvette
59847,abridging
59848,abstractly
59849,acerbity
59850,acrobatic
59851,aediles
59852,alleyway
59853,bason
59854,beater
59855,belittled
59856,beruhigen
59857,buscando
59858,caravanserai
59859,cubierto
59860,disqualify
59861,essuya
59862,eternities
59863,etrangere
59864,exempting
59865,expletive
59866,fatalement
59867,gebrauchen
59868,generosite
59869,gestured
59870,gieng
59871,greifen
59872,grosseur
59873,intil
59874,lettera
59875,lugs
59876,leau
59877,massifs
59878,mian
59879,nabij
59880,onneton
59881,paddlers
59882,przez
59883,ramas
59884,refusant
59885,religionists
59886,reprieved
59887,ressentait
59888,ringer
59889,sanatorium
59890,seurata
59891,situe
59892,suhteen
59893,tiedon
59894,transparente
59895,turbine
59896,unsatisfying
59897,vinous
59898,vividly
59899,wrth
59900,agag
59901,agne
59902,almanzor
59903,amberson
59904,begriffes
59905,bellasses
59906,bowring
59907,brenner
59908,buddir
59909,corlaix
59910,castries
59911,cathy
59912,crum
59913,gondokoro
59914,greer
59915,guil
59916,helwyse
59917,hirten
59918,jephthah
59919,joiada
59920,linux
59921,marseillais
59922,mogador
59923,negoro
59924,newtown
59925,phaedo
59926,randol
59927,rancocus
59928,redner
59929,schelm
59930,schwager
59931,springer
59932,spurius
59933,tatius
59934,tobit
59935,verhaeltnissen
59936,wonota
59937,assents
59938,beroemde
59939,brasier
59940,caisson
59941,cartouches
59942,didnt
59943,drogo
59944,eclair
59945,emphasising
59946,engravers
59947,ergreift
59948,escuela
59949,esperait
59950,eternel
59951,feindlichen
59952,gangways
59953,grandit
59954,harpoons
59955,hieratic
59956,imperiousness
59957,ingens
59958,inventiveness
59959,magnitudes
59960,mediators
59961,meesters
59962,memorized
59963,mostrar
59964,mnga
59965,nehmt
59966,noix
59967,nomina
59968,oppinut
59969,pioneering
59970,propre
59971,reculant
59972,remodelling
59973,salaam
59974,simplicities
59975,situacion
59976,tiges
59977,uncommunicative
59978,undermines
59979,unwinding
59980,vaders
59981,valeurs
59982,visiters
59983,wolltest
59984,wuk
59985,zoover
59986,amasia
59987,antipholis
59988,artevelde
59989,baldassare
59990,corcyra
59991,diod
59992,edric
59993,eltham
59994,erbe
59995,fairburn
59996,falten
59997,glidden
59998,helmholtz
59999,magloire
60000,perp
60001,salmasius
60002,troup
60003,wisting
60004,angegeben
60005,aujourdhui
60006,ayuda
60007,balusters
60008,belangstelling
60009,besseren
60010,bevat
60011,cantata
60012,caviare
60013,certeza
60014,chalets
60015,chwili
60016,consens
60017,dapat
60018,davanti
60019,edificios
60020,emplissait
60021,enkelt
60022,erwiesen
60023,esperando
60024,eyelash
60025,farrago
60026,fortan
60027,harvesters
60028,hearte
60029,heftige
60030,hitherward
60031,interweaving
60032,meldete
60033,mutilations
60034,oilskins
60035,ovate
60036,partialities
60037,plovers
60038,roguishly
60039,seasickness
60040,snapper
60041,suessen
60042,trafen
60043,typifies
60044,unremembered
60045,zent
60046,zwarten
60047,alceste
60048,balch
60049,barbro
60050,bramante
60051,calway
60052,cattaro
60053,chaldaean
60054,charenton
60055,cholmondeley
60056,cogan
60057,crampton
60058,deberle
60059,fani
60060,florenz
60061,gebieter
60062,gradgrind
60063,iphigenie
60064,langlade
60065,legard
60066,lissac
60067,lowington
60068,macian
60069,munroe
60070,muscat
60071,needham
60072,nielsen
60073,radley
60074,rueckkehr
60075,theile
60076,thyone
60077,vincenzo
60078,airth
60079,antwoorden
60080,atheistical
60081,autorites
60082,beleidigt
60083,capite
60084,cessions
60085,contemporaneously
60086,dergestalt
60087,descendue
60088,eas
60089,enfermedad
60090,exemplaire
60091,eyeless
60092,foragers
60093,fritter
60094,gisait
60095,gowne
60096,hirsute
60097,hobgoblins
60098,hucksters
60099,influencia
60100,inventer
60101,invierno
60102,jailed
60103,juego
60104,jugeant
60105,kahi
60106,kosken
60107,laisses
60108,llevan
60109,manteaux
60110,otan
60111,popinjay
60112,prefigured
60113,preponderant
60114,promenaient
60115,rebut
60116,refl
60117,salaamed
60118,salsa
60119,scowls
60120,secretaryship
60121,sidereal
60122,signalised
60123,symbolised
60124,syv
60125,trustfully
60126,uncontaminated
60127,unsheltered
60128,verwondering
60129,vindicates
60130,wahrer
60131,warmte
60132,wavers
60133,wijd
60134,wijde
60135,wrangler
60136,amme
60137,apollonia
60138,barberini
60139,benehmen
60140,brantome
60141,chanlouineau
60142,dicaeopolis
60143,daru
60144,derville
60145,easterns
60146,eritrea
60147,fillgrave
60148,gladstonian
60149,gunning
60150,hotham
60151,jenkinson
60152,jubel
60153,kosovo
60154,leu
60155,missolonghi
60156,neddy
60157,patterne
60158,rastadt
60159,rhadamanthus
60160,ronny
60161,rosenthal
60162,schlesinger
60163,sicilia
60164,soulanges
60165,vorfall
60166,zinsen
60167,absurdum
60168,accueillit
60169,anfing
60170,begierig
60171,bewegten
60172,blubbered
60173,brokerage
60174,coalesced
60175,dioses
60176,disallowed
60177,disburse
60178,flair
60179,fortfor
60180,haletant
60181,harped
60182,haughtiest
60183,hest
60184,hevonen
60185,hinterland
60186,inveighing
60187,kulkea
60188,lato
60189,lopping
60190,luokseen
60191,medecins
60192,menschlicher
60193,ocks
60194,opzicht
60195,papyri
60196,paseo
60197,primitives
60198,provisoire
60199,quantunque
60200,querida
60201,reiste
60202,riveting
60203,rua
60204,starveling
60205,stovepipe
60206,taints
60207,tulemaan
60208,unbekannten
60209,unrevealed
60210,visionaries
60211,abbaye
60212,blashammer
60213,bacchic
60214,bronx
60215,canticles
60216,caylus
60217,ewald
60218,gauley
60219,genesee
60220,kuan
60221,laielohelohe
60222,legendre
60223,loeb
60224,maas
60225,mercurius
60226,nepean
60227,oceanus
60228,ortega
60229,pestalozzi
60230,rustan
60231,santander
60232,sinope
60233,spagna
60234,sturz
60235,stuttg
60236,vallejo
60237,woden
60238,yorick
60239,aengstlich
60240,aforesayd
60241,apprehend
60242,bianco
60243,bookbinder
60244,cavalierly
60245,conundrums
60246,coureurs
60247,debo
60248,desuetude
60249,detresse
60250,facilmente
60251,follement
60252,gelegd
60253,gewendet
60254,goatee
60255,haeufig
60256,kumma
60257,laager
60258,lette
60259,liniment
60260,officielle
60261,penultimate
60262,ponerse
60263,priver
60264,railleries
60265,regnant
60266,remplissaient
60267,scarcer
60268,schwache
60269,stal
60270,subjektive
60271,tabouret
60272,timeless
60273,toboggan
60274,tranche
60275,uncomplainingly
60276,undeservedly
60277,unfledged
60278,universals
60279,vante
60280,veranderd
60281,vivantes
60282,vociferations
60283,wattled
60284,alberti
60285,alpheus
60286,caere
60287,davitt
60288,duluth
60289,einladung
60290,entrez
60291,feeb
60292,herstellung
60293,hohenzollerns
60294,kohn
60295,leamington
60296,limehouse
60297,majorca
60298,meisters
60299,minden
60300,misha
60301,montferrat
60302,montpelier
60303,mozley
60304,nais
60305,papillon
60306,rondel
60307,ramsden
60308,scipios
60309,shoreham
60310,torheit
60311,virginius
60312,volumnia
60313,warkworth
60314,allocation
60315,ambas
60316,bookstall
60317,brutalized
60318,captifs
60319,cerebrum
60320,coffle
60321,countesses
60322,declining
60323,deseos
60324,disembarking
60325,disorganised
60326,faaet
60327,fliehen
60328,fluctuated
60329,geduldig
60330,grijze
60331,hautaine
60332,humanists
60333,immortelle
60334,inflictions
60335,inquietudes
60336,juosta
60337,katsella
60338,kender
60339,magneto
60340,manere
60341,mentem
60342,merkitsee
60343,midges
60344,nakedly
60345,oclock
60346,offshoots
60347,ontdekt
60348,piquante
60349,rijden
60350,runde
60351,saturate
60352,seikka
60353,sorcier
60354,sorr
60355,splice
60356,svar
60357,therapeutic
60358,tots
60359,trimly
60360,unconditioned
60361,venida
60362,verwijderd
60363,vno
60364,antonelli
60365,aristeides
60366,arnauld
60367,costard
60368,cardew
60369,charpillon
60370,cheops
60371,chuzzlewit
60372,cintre
60373,dallam
60374,eylau
60375,frabelle
60376,gemaelde
60377,huxter
60378,maimie
60379,manasse
60380,mengs
60381,ministerium
60382,nona
60383,rarahu
60384,sorell
60385,syr
60386,zol
60387,zoulmekan
60388,admirait
60389,appareils
60390,bery
60391,clamorously
60392,clogging
60393,conceptual
60394,confreres
60395,delicatesse
60396,diminue
60397,disentangling
60398,disparate
60399,dominant
60400,erfunden
60401,extenso
60402,feest
60403,funnier
60404,gaolers
60405,gewagt
60406,grandement
60407,impugned
60408,lapins
60409,lowed
60410,mapping
60411,meanders
60412,messen
60413,mindless
60414,originale
60415,oxidized
60416,pegging
60417,pendula
60418,pensier
60419,personating
60420,phiz
60421,pude
60422,spermaceti
60423,spiritualistic
60424,stockholder
60425,swathe
60426,torrential
60427,transfusion
60428,vegetal
60429,vende
60430,verbazing
60431,verheven
60432,voltage
60433,wheeze
60434,amoy
60435,appleby
60436,artabanus
60437,canfield
60438,colwood
60439,crevecoeur
60440,cumae
60441,delphin
60442,fenians
60443,frisians
60444,gasse
60445,hannover
60446,hilma
60447,indica
60448,izumo
60449,mayberry
60450,merovingian
60451,monipodio
60452,norseman
60453,ostrogoths
60454,oxenstiern
60455,pettifer
60456,pisan
60457,queequeg
60458,ramirez
60459,remi
60460,roehampton
60461,scheveningen
60462,sofie
60463,trafford
60464,vauquer
60465,abided
60466,alloys
60467,allying
60468,anaesthetic
60469,atto
60470,avocats
60471,bandying
60472,bildeten
60473,bricklayers
60474,capsize
60475,carafe
60476,carro
60477,commissionaire
60478,communicable
60479,concilier
60480,confortable
60481,conic
60482,conveniente
60483,copulation
60484,crimp
60485,crustaceans
60486,cxe
60487,debarrasser
60488,dedain
60489,deemest
60490,demoralize
60491,diffusive
60492,discurso
60493,doat
60494,duellist
60495,dumpling
60496,ebensowohl
60497,epicures
60498,etranges
60499,exotics
60500,faveurs
60501,flaying
60502,gefaellt
60503,grados
60504,hashish
60505,hent
60506,huoneessa
60507,idealization
60508,inning
60509,irr
60510,jaillit
60511,jossakin
60512,juts
60513,maechtig
60514,mettrai
60515,minnow
60516,mummers
60517,musky
60518,obduracy
60519,pencher
60520,pirated
60521,plongea
60522,proteges
60523,salvar
60524,sayth
60525,stank
60526,syster
60527,travaillent
60528,veniva
60529,waggoner
60530,weeklies
60531,wights
60532,withoute
60533,alda
60534,athanasian
60535,bangkok
60536,bowes
60537,elbridge
60538,fahne
60539,geer
60540,gefuehle
60541,gigi
60542,greyson
60543,harran
60544,hedrick
60545,hickson
60546,innsbruck
60547,kerensky
60548,kybird
60549,lxviii
60550,larrey
60551,leadenhall
60552,makely
60553,matanzas
60554,ouvrard
60555,paimpol
60556,prettyman
60557,proudhon
60558,resartus
60559,rhodolph
60560,roundjacket
60561,spikeman
60562,thome
60563,toddie
60564,vassilissa
60565,vermittlung
60566,viion
60567,aeltesten
60568,amazes
60569,astuu
60570,beys
60571,biologist
60572,bood
60573,braiding
60574,bromine
60575,cantar
60576,comprennent
60577,dentists
60578,dicke
60579,dificultad
60580,effacer
60581,enlargements
60582,entrench
60583,entziehen
60584,enviado
60585,erfolgt
60586,euphemism
60587,fasst
60588,feedeth
60589,geleerd
60590,gowd
60591,hetkisen
60592,hieroglyphs
60593,idlest
60594,issuance
60595,kindnesse
60596,largesses
60597,logo
60598,nationally
60599,officinalis
60600,oorsprong
60601,overlord
60602,ovesta
60603,paroi
60604,pasaron
60605,perpetuates
60606,rassure
60607,resulta
60608,servis
60609,simbolic
60610,stes
60611,tankards
60612,thrumming
60613,unsentimental
60614,varmasti
60615,verhalen
60616,verlies
60617,villanies
60618,wreaking
60619,aten
60620,bampton
60621,bouvet
60622,cervera
60623,chauvenet
60624,damocles
60625,demorest
60626,ebbo
60627,glamorgan
60628,lawry
60629,malatesta
60630,menneske
60631,naturen
60632,nola
60633,normande
60634,pellucidar
60635,philoctetes
60636,prato
60637,quasimodo
60638,roumann
60639,solyman
60640,staerke
60641,tench
60642,tadoussac
60643,thomasin
60644,vossius
60645,avendo
60646,beteekent
60647,bisogna
60648,carding
60649,careened
60650,centipede
60651,certi
60652,cherish
60653,comprendra
60654,constituer
60655,coussin
60656,detesting
60657,devolving
60658,dissuading
60659,dogmatically
60660,donnons
60661,droomen
60662,embezzled
60663,enchants
60664,executives
60665,filait
60666,gelegenen
60667,geltend
60668,heartier
60669,instinctivement
60670,intellectuel
60671,intrenching
60672,intrusting
60673,ischt
60674,jongeling
60675,joye
60676,jugglery
60677,lub
60678,maille
60679,misanthropic
60680,mongrels
60681,musica
60682,noone
60683,nostaa
60684,paistoi
60685,partizan
60686,poursuivant
60687,premiss
60688,quip
60689,reelection
60690,reproves
60691,reussit
60692,russische
60693,scherp
60694,sento
60695,shellac
60696,snuffbox
60697,soldering
60698,speciale
60699,staaende
60700,staerker
60701,surgir
60702,tambem
60703,tauld
60704,toonde
60705,trickster
60706,unfeignedly
60707,vene
60708,viejos
60709,vloot
60710,voire
60711,volts
60712,watermelons
60713,workes
60714,wunderbare
60715,arapahoes
60716,armine
60717,ascyltos
60718,auxerre
60719,belus
60720,blithers
60721,borroughcliffe
60722,catheron
60723,cavor
60724,chelford
60725,chiloe
60726,drumtochty
60727,ecbatana
60728,fujinami
60729,halbinsel
60730,hoogstraaten
60731,joris
60732,lxix
60733,loignac
60734,marlanx
60735,martti
60736,mussulmaun
60737,overyssel
60738,pelias
60739,pennell
60740,quinet
60741,redvers
60742,roon
60743,rutton
60744,seppi
60745,swansea
60746,tonson
60747,tripeaud
60748,watertown
60749,wolfert
60750,almeno
60751,armfuls
60752,bjudit
60753,calabashes
60754,carrieth
60755,chronologically
60756,cockswain
60757,cruciform
60758,crurent
60759,crypts
60760,curable
60761,cursorily
60762,dandled
60763,delire
60764,dishearten
60765,dispiriting
60766,ergab
60767,etymologies
60768,fossiliferous
60769,gemeinsam
60770,germinated
60771,hallowing
60772,haveing
60773,idealizing
60774,klopfte
60775,malachite
60776,noeuds
60777,pecheurs
60778,pedals
60779,poniendo
60780,prognostic
60781,puhu
60782,pupa
60783,quaffing
60784,ravisher
60785,rescinded
60786,retient
60787,secondhand
60788,tenuity
60789,tiffin
60790,upbuilding
60791,amroth
60792,astyages
60793,babie
60794,cantor
60795,caton
60796,daw
60797,druidical
60798,faellen
60799,hartman
60800,hussein
60801,kat
60802,lacroix
60803,mahaffy
60804,marliani
60805,meares
60806,neffen
60807,orientalist
60808,parkhurst
60809,passau
60810,paynim
60811,pimlico
60812,pomponia
60813,raff
60814,roxanne
60815,shorthouse
60816,tesman
60817,thanet
60818,wohlan
60819,abaht
60820,afternoone
60821,aiguille
60822,angewiesen
60823,aversions
60824,bedre
60825,bewaard
60826,careening
60827,celluloid
60828,chantent
60829,coulaient
60830,delineating
60831,dunkler
60832,durcheinander
60833,electromotive
60834,engang
60835,excretion
60836,farouches
60837,forrard
60838,indentured
60839,japanned
60840,journaliste
60841,kaupunkiin
60842,kenned
60843,lignite
60844,maskers
60845,merito
60846,meseems
60847,middleman
60848,mompelde
60849,oppia
60850,organe
60851,paiement
60852,pandanus
60853,permets
60854,plebiscite
60855,plunger
60856,poetas
60857,ponders
60858,pouco
60859,pullets
60860,recueillis
60861,regardeth
60862,rudiment
60863,scheu
60864,seale
60865,seisomaan
60866,shamelessness
60867,sufrir
60868,sumus
60869,superstitiously
60870,tarpeeksi
60871,terwyl
60872,undesired
60873,unmentionable
60874,vaimonsa
60875,vasty
60876,voer
60877,wattles
60878,weasels
60879,woodmen
60880,alexanders
60881,anc
60882,aser
60883,ashantee
60884,bactria
60885,bahr
60886,barmecide
60887,berenguer
60888,blackett
60889,cadogan
60890,camperdown
60891,ehrgeiz
60892,emo
60893,frida
60894,friedens
60895,fulk
60896,haggerty
60897,harleian
60898,individuen
60899,judean
60900,lebeau
60901,leontine
60902,lippi
60903,louve
60904,macintosh
60905,munday
60906,narses
60907,nevitt
60908,sarudine
60909,tapferkeit
60910,trelyon
60911,wenlock
60912,abondante
60913,accusait
60914,approcha
60915,ardours
60916,arrowes
60917,bals
60918,banco
60919,boezem
60920,buono
60921,clacking
60922,classing
60923,clomb
60924,confrere
60925,considerables
60926,countersigned
60927,dramatiques
60928,edeln
60929,embodiments
60930,emellan
60931,entraron
60932,equerries
60933,gestand
60934,gyrations
60935,haenelle
60936,horrifying
60937,hould
60938,huevos
60939,impressionist
60940,inducted
60941,intervalle
60942,inviolably
60943,manikin
60944,observait
60945,pag
60946,pelas
60947,personable
60948,procul
60949,quartos
60950,renewable
60951,revolutionnaires
60952,rifleman
60953,rips
60954,rouleau
60955,sapless
60956,seconda
60957,sereine
60958,smearing
60959,sozialen
60960,tekisi
60961,trilogy
60962,ungallant
60963,unofficially
60964,ashbourne
60965,australasian
60966,balearic
60967,barral
60968,beamte
60969,bodin
60970,cointet
60971,colossians
60972,eens
60973,faugh
60974,heaton
60975,helots
60976,honfleur
60977,iberians
60978,iune
60979,judar
60980,kamchatka
60981,koffer
60982,kuchen
60983,matthieu
60984,merkmale
60985,navajos
60986,orazio
60987,regnault
60988,rhodians
60989,rollins
60990,seitz
60991,selbstbewusstsein
60992,totty
60993,werte
60994,woodcourt
60995,aggregates
60996,alcaldes
60997,aliquando
60998,anachronisms
60999,andando
61000,appliquer
61001,aufeinander
61002,bandeau
61003,bezitten
61004,chantry
61005,cookie
61006,coordination
61007,curieusement
61008,demoralising
61009,destinees
61010,devoue
61011,dislodging
61012,disported
61013,donnerez
61014,dressy
61015,einzelner
61016,empirisch
61017,erforderlich
61018,erleben
61019,evaluation
61020,exuded
61021,freundlicher
61022,frutos
61023,gesunden
61024,habitent
61025,imperturbability
61026,indecently
61027,introduire
61028,iterum
61029,lorries
61030,manquerait
61031,monogamy
61032,potestad
61033,provincie
61034,quadrupled
61035,reanimate
61036,regnait
61037,revenons
61038,rodillas
61039,sacrificio
61040,simplifying
61041,skam
61042,sloughs
61043,stane
61044,steadiest
61045,stok
61046,tarkasti
61047,thumbed
61048,thynge
61049,triplets
61050,valles
61051,winne
61052,anscombe
61053,aufgaben
61054,bali
61055,barbaro
61056,boulton
61057,brower
61058,cocos
61059,gandiva
61060,gesandten
61061,hollandsche
61062,kueste
61063,malherbe
61064,morbihan
61065,neforis
61066,nyassa
61067,offa
61068,ohnmacht
61069,riatt
61070,rizzio
61071,secunda
61072,semites
61073,suidas
61074,teilung
61075,thurnall
61076,vermandois
61077,werff
61078,alumni
61079,apparaissaient
61080,aridity
61081,avengers
61082,befriedigt
61083,beschaving
61084,brassy
61085,coffret
61086,coverage
61087,crimped
61088,crudeness
61089,distrusts
61090,drueben
61091,fiera
61092,fliegt
61093,gehoerte
61094,gelezen
61095,gevoelens
61096,gobbling
61097,hinan
61098,hom
61099,immerhin
61100,impiously
61101,imposante
61102,kaupungissa
61103,leaguer
61104,matka
61105,memorizing
61106,moechten
61107,muriatic
61108,neve
61109,nobilis
61110,oaten
61111,occupier
61112,pastorate
61113,philologists
61114,placa
61115,porringer
61116,praten
61117,processed
61118,quedar
61119,rideth
61120,ruhiger
61121,sequin
61122,sheepskins
61123,soldaat
61124,spinner
61125,suffira
61126,tipo
61127,toiselta
61128,viisas
61129,wahi
61130,wheatmeal
61131,amaziah
61132,bristow
61133,brunton
61134,carrol
61135,chalcis
61136,chemie
61137,conor
61138,cyc
61139,cyclopean
61140,darry
61141,dinges
61142,gisors
61143,hertz
61144,icarus
61145,inshallah
61146,istria
61147,jacquemin
61148,kranke
61149,lamon
61150,lashmar
61151,lau
61152,liberian
61153,melmottes
61154,mortsauf
61155,ormskirk
61156,osages
61157,speedwell
61158,theydon
61159,weatherbee
61160,wohnungen
61161,abstains
61162,apologue
61163,ayes
61164,beyng
61165,brained
61166,chapelet
61167,comitia
61168,commodiously
61169,confiscating
61170,contr
61171,cuncta
61172,curtseying
61173,deserveth
61174,disjunction
61175,dissociation
61176,dogmatical
61177,drager
61178,dredged
61179,fijn
61180,frosting
61181,glucose
61182,haps
61183,hideuse
61184,inept
61185,instilling
61186,kiun
61187,legations
61188,lukewarmness
61189,middlemen
61190,moonrise
61191,nukkui
61192,overcometh
61193,painaa
61194,pardessus
61195,persiste
61196,popularized
61197,primavera
61198,proofe
61199,respuesta
61200,restricts
61201,saken
61202,sanitarium
61203,schreckliche
61204,sentia
61205,siamo
61206,siguiendo
61207,stede
61208,testes
61209,timides
61210,toisesta
61211,unscrupulously
61212,vaeret
61213,voided
61214,wallets
61215,wyll
61216,zwoelf
61217,akenside
61218,alcides
61219,bagration
61220,bulger
61221,caelius
61222,choisy
61223,ernanton
61224,fairlie
61225,gandharva
61226,guarini
61227,krafft
61228,marshalsea
61229,mathurin
61230,mauprat
61231,morna
61232,petrea
61233,produkt
61234,schuhe
61235,shasta
61236,shuttleworth
61237,stanshy
61238,tranmore
61239,vantine
61240,advertises
61241,agere
61242,appellant
61243,arquebuse
61244,ascription
61245,begrijpt
61246,beholdeth
61247,benzene
61248,boxwood
61249,caraway
61250,caresser
61251,chilliness
61252,compositors
61253,concepto
61254,cowman
61255,cuddle
61256,doubtingly
61257,ehrlicher
61258,emploie
61259,excellents
61260,fart
61261,fatuus
61262,frontiere
61263,gebeuren
61264,gedenken
61265,gespannt
61266,gled
61267,harems
61268,hideth
61269,impasse
61270,kregen
61271,kunhan
61272,lanca
61273,luminosity
61274,mandamiento
61275,manlier
61276,moisson
61277,mythologies
61278,occupee
61279,omgeving
61280,osasi
61281,parvenue
61282,patiemment
61283,rowdies
61284,sadan
61285,sads
61286,sereno
61287,shovelling
61288,simony
61289,stilling
61290,syllogisms
61291,tantrums
61292,ul
61293,villein
61294,watchwords
61295,woont
61296,altenberg
61297,altertum
61298,appalachian
61299,baireuth
61300,beekman
61301,bibulus
61302,catolicos
61303,cavanagh
61304,czechoslovakia
61305,dago
61306,dutzend
61307,evers
61308,fairweather
61309,gehalt
61310,infantes
61311,ironsides
61312,jawohl
61313,lacedemonians
61314,lanark
61315,luojan
61316,mohican
61317,oise
61318,ossa
61319,rensselaer
61320,semmes
61321,temperatur
61322,thring
61323,trove
61324,verkauf
61325,xvie
61326,accretion
61327,appall
61328,barrens
61329,begreift
61330,behoorde
61331,beklagen
61332,brumes
61333,complexes
61334,drivelling
61335,eend
61336,enmeshed
61337,enquiringly
61338,facil
61339,gentium
61340,gevormd
61341,grene
61342,harnesses
61343,imprisonments
61344,inculcation
61345,jalo
61346,jugular
61347,juzgar
61348,kilo
61349,kuusi
61350,lampoons
61351,likelier
61352,manibus
61353,navicular
61354,noblement
61355,obleeged
61356,panneaux
61357,papas
61358,quarterings
61359,realitatii
61360,recluses
61361,recus
61362,reponses
61363,seaworthy
61364,seruants
61365,simpered
61366,spills
61367,spiritualist
61368,straightly
61369,substantives
61370,tadpoles
61371,tiefem
61372,tremblaient
61373,unclose
61374,unlaced
61375,uudet
61376,venta
61377,zweitens
61378,alois
61379,begebenheiten
61380,brauch
61381,brazils
61382,chaussee
61383,coonrod
61384,criscoed
61385,donohue
61386,daburon
61387,duessa
61388,dunkelheit
61389,estados
61390,eugenio
61391,folliard
61392,gilly
61393,gondy
61394,hauskuld
61395,hindman
61396,janissaries
61397,marmet
61398,montfaucon
61399,nairn
61400,poyser
61401,radisson
61402,rigaud
61403,sarpent
61404,sulu
61405,thunderer
61406,trappist
61407,trix
61408,vaunoy
61409,waldorf
61410,zimmers
61411,answereth
61412,apprising
61413,baile
61414,behandeln
61415,belittling
61416,blighter
61417,buckshot
61418,chessboard
61419,clapt
61420,cluck
61421,convaincue
61422,culto
61423,eeten
61424,fibs
61425,fiender
61426,fraile
61427,frenzies
61428,gapes
61429,globule
61430,hanches
61431,hankered
61432,hiemit
61433,komisch
61434,leis
61435,loseth
61436,maravedis
61437,masculinity
61438,maternelle
61439,misadventures
61440,muskrat
61441,nivel
61442,oikeassa
61443,physiognomist
61444,plaintiffs
61445,potable
61446,relativ
61447,scarecrows
61448,schismatics
61449,slyness
61450,tendent
61451,trekt
61452,undher
61453,untilled
61454,untruths
61455,warld
61456,abba
61457,abies
61458,barrymore
61459,boylan
61460,callimachus
61461,centaurs
61462,evreux
61463,grethel
61464,kemper
61465,leipziger
61466,murano
61467,organum
61468,orosius
61469,pattison
61470,solignac
61471,syphax
61472,tophet
61473,unterscheidung
61474,vorgang
61475,werkzeug
61476,wichtigkeit
61477,aufgegeben
61478,autos
61479,ayah
61480,barke
61481,baronets
61482,beastes
61483,bek
61484,beschaffen
61485,breken
61486,brder
61487,carapace
61488,classicism
61489,copa
61490,couvrent
61491,dormit
61492,eases
61493,esposo
61494,falsification
61495,fentes
61496,fiew
61497,finirait
61498,forgers
61499,foulard
61500,gehoben
61501,girds
61502,grimaced
61503,haill
61504,hijas
61505,inventories
61506,iski
61507,massiveness
61508,molles
61509,oisi
61510,overbalance
61511,puissions
61512,rascher
61513,reproduit
61514,retro
61515,shipowner
61516,somma
61517,sponged
61518,stationer
61519,steeg
61520,theretofore
61521,treatments
61522,uiterste
61523,uncourteous
61524,venian
61525,voimme
61526,wether
61527,witted
61528,zwak
61529,athelstan
61530,barkeley
61531,bayer
61532,byronic
61533,camus
61534,chilean
61535,dasmarinas
61536,devin
61537,gaboon
61538,gallagher
61539,garston
61540,hamid
61541,hoxton
61542,huang
61543,hui
61544,imola
61545,kattowitz
61546,montenegrin
61547,niederlage
61548,ordener
61549,ravanel
61550,siddle
61551,turcos
61552,tynn
61553,vasselot
61554,vermond
61555,wix
61556,zeelanders
61557,agglomeration
61558,allerent
61559,annonca
61560,attacha
61561,battened
61562,blackamoor
61563,bogged
61564,browner
61565,chronique
61566,cobblers
61567,construite
61568,dansait
61569,diced
61570,dimanches
61571,dinned
61572,diplomate
61573,ejaculating
61574,estomac
61575,fermiers
61576,ferrets
61577,fluting
61578,foyers
61579,geleistet
61580,gewordenen
61581,grouch
61582,hocha
61583,hoogst
61584,intrenchment
61585,jument
61586,kasta
61587,maidenhead
61588,mesi
61589,metros
61590,mulga
61591,mynde
61592,oxalic
61593,pieno
61594,praefect
61595,profaneness
61596,puhetta
61597,purpling
61598,representer
61599,resa
61600,resultado
61601,scherpe
61602,shortages
61603,sieves
61604,sonderbaren
61605,talven
61606,travaillaient
61607,verwundet
61608,worldlings
61609,yaong
61610,adamson
61611,cardonnet
61612,crispus
61613,dahomey
61614,evangelista
61615,furst
61616,gatte
61617,grisons
61618,gui
61619,hauptsache
61620,heligoland
61621,hrut
61622,komoedie
61623,luellin
61624,malcom
61625,marinelli
61626,marr
61627,mountclere
61628,ouse
61629,priscus
61630,psal
61631,reisenden
61632,senlis
61633,silanus
61634,southdown
61635,spass
61636,svein
61637,thema
61638,vortigern
61639,zuyder
61640,ablative
61641,accurst
61642,adaptive
61643,adopte
61644,affectant
61645,amuser
61646,anneau
61647,anonyme
61648,ansah
61649,chaux
61650,disseminating
61651,ech
61652,economizing
61653,etoile
61654,feuillets
61655,grenade
61656,guardhouse
61657,hef
61658,hevig
61659,infests
61660,inspections
61661,jaillir
61662,kou
61663,lorded
61664,mostro
61665,naechste
61666,neulich
61667,neurosis
61668,paikassa
61669,pinnaces
61670,pourvoir
61671,preferential
61672,pries
61673,protagonist
61674,recueillement
61675,ressortir
61676,reverberate
61677,rima
61678,spreek
61679,suffusion
61680,swoops
61681,transpose
61682,tumuli
61683,untidiness
61684,waffles
61685,wichtiger
61686,zomer
61687,amboyna
61688,astracan
61689,baggs
61690,blandish
61691,brazilians
61692,briquet
61693,cly
61694,chaplin
61695,coello
61696,darnay
61697,doby
61698,douro
61699,eliphaz
61700,fabrik
61701,federn
61702,haldin
61703,hanbridge
61704,hippy
61705,holroyd
61706,holzen
61707,honeyman
61708,jeffersonian
61709,kekalukaluokewa
61710,luneville
61711,maccabee
61712,monson
61713,perdita
61714,philammon
61715,raub
61716,regierungsbezirk
61717,roguin
61718,sahibs
61719,saone
61720,slovak
61721,steuer
61722,telamon
61723,tremouille
61724,valere
61725,vavel
61726,wette
61727,whitbread
61728,zayn
61729,zibeline
61730,alnar
61731,altercations
61732,anatomists
61733,asperities
61734,aventura
61735,avowals
61736,bada
61737,boni
61738,coexist
61739,collapses
61740,corroborates
61741,coupant
61742,datgene
61743,deserte
61744,embellishing
61745,euill
61746,extranjero
61747,halu
61748,hippopotami
61749,invente
61750,labeur
61751,machtig
61752,necesaria
61753,nineties
61754,officiel
61755,overigens
61756,peaty
61757,pregunto
61758,profesor
61759,proscriptions
61760,rectifying
61761,salaire
61762,scallops
61763,sententia
61764,sergents
61765,sheepfold
61766,shipyards
61767,shying
61768,slurred
61769,sorg
61770,soudainement
61771,stierf
61772,taenkte
61773,trouverais
61774,unbeweglich
61775,unhewn
61776,venis
61777,vilified
61778,beinen
61779,clarenden
61780,crito
61781,eglantine
61782,halcombe
61783,hillyer
61784,jungfrauen
61785,killarney
61786,kiowas
61787,lygian
61788,lynda
61789,marshpee
61790,maynooth
61791,modred
61792,necropolis
61793,ogram
61794,pentland
61795,pflanze
61796,samarcand
61797,spooner
61798,tamburlaine
61799,tempe
61800,vaucluse
61801,vortrag
61802,zm
61803,aboon
61804,achting
61805,aliqua
61806,arretee
61807,asociate
61808,bouwen
61809,cils
61810,cinquieme
61811,collocation
61812,complots
61813,curricle
61814,destines
61815,detracting
61816,digests
61817,domiciliary
61818,doughnut
61819,einerlei
61820,enthousiaste
61821,expressman
61822,extirpating
61823,fabriquer
61824,facea
61825,fastidiously
61826,finem
61827,finical
61828,froehlich
61829,geboten
61830,gestraft
61831,haters
61832,hymeneal
61833,irritative
61834,katseensa
61835,knout
61836,limelight
61837,llamados
61838,llamo
61839,loamy
61840,maternel
61841,meander
61842,medullary
61843,menar
61844,meseemeth
61845,miseres
61846,moquait
61847,nominis
61848,orgullo
61849,potuit
61850,psalmody
61851,reigne
61852,sailes
61853,slashes
61854,sluiten
61855,sombrely
61856,sunned
61857,supernumeraries
61858,supposait
61859,surement
61860,taaskin
61861,tactician
61862,tech
61863,tentacle
61864,tissu
61865,tiuj
61866,tormented
61867,transfused
61868,uebrige
61869,veras
61870,vires
61871,vocabularies
61872,wiederholen
61873,ashland
61874,buttler
61875,callonby
61876,catrina
61877,colby
61878,cruchot
61879,ctesias
61880,delille
61881,epiphanes
61882,eustacia
61883,fanshaw
61884,fordyce
61885,gewerbe
61886,giacinto
61887,hauksbee
61888,herbart
61889,jaina
61890,lorette
61891,mcnaughtan
61892,melanesian
61893,mulbridge
61894,pamunkey
61895,teuse
61896,tynan
61897,umm
61898,yanks
61899,aeussere
61900,agenda
61901,aggrandize
61902,artistry
61903,bezat
61904,bienfait
61905,brennt
61906,carves
61907,chaunt
61908,cola
61909,curtailing
61910,daye
61911,deviates
61912,dooryard
61913,entreatingly
61914,flattait
61915,fuddled
61916,goer
61917,graved
61918,grooming
61919,hooped
61920,hubieran
61921,ilmassa
61922,kion
61923,kloof
61924,levensmiddelen
61925,mellowness
61926,muestra
61927,mulets
61928,naimisiin
61929,nationalen
61930,paya
61931,pinnate
61932,plaguing
61933,poultices
61934,rahoja
61935,regagna
61936,renfort
61937,roes
61938,samlede
61939,seamy
61940,sidde
61941,staunchest
61942,steil
61943,stumping
61944,supposant
61945,tyyni
61946,unbeknown
61947,unpoetical
61948,vendait
61949,verdediging
61950,verschenen
61951,waarvoor
61952,wineglass
61953,yron
61954,athenais
61955,bolognese
61956,caria
61957,clarinda
61958,cliges
61959,danforth
61960,findon
61961,gehenna
61962,greely
61963,hamath
61964,hawkesworth
61965,henty
61966,hinkel
61967,holyhead
61968,johnnies
61969,lowry
61970,malerei
61971,mannigfaltigen
61972,mantes
61973,quintin
61974,sherborne
61975,souza
61976,ushant
61977,winnebagos
61978,ageing
61979,alius
61980,appuye
61981,bareback
61982,beehives
61983,bespake
61984,blanchisseuse
61985,brennen
61986,brigalow
61987,casuists
61988,causam
61989,chessmen
61990,cierges
61991,clashes
61992,coadjuteur
61993,cosmetic
61994,cre
61995,delicieux
61996,devore
61997,dicunt
61998,dortigen
61999,duress
62000,fabulously
62001,familiers
62002,feathering
62003,feete
62004,fourneau
62005,frugally
62006,gewapend
62007,grano
62008,halki
62009,improbabilities
62010,kelpo
62011,lazo
62012,legless
62013,managerial
62014,mettlesome
62015,odieuse
62016,overshadows
62017,packer
62018,pertness
62019,pesky
62020,plebs
62021,povis
62022,pregunta
62023,recuperation
62024,regardful
62025,schreeuwde
62026,sensus
62027,spight
62028,tacher
62029,thre
62030,toper
62031,uskonut
62032,victorieux
62033,vloer
62034,vould
62035,waxeth
62036,whines
62037,achates
62038,altruria
62039,aylwin
62040,blumenthal
62041,boxall
62042,burgsdorf
62043,chardin
62044,edmee
62045,fullarton
62046,graviter
62047,gazen
62048,geta
62049,giton
62050,halfdan
62051,hollo
62052,juteinin
62053,karol
62054,larpent
62055,malloring
62056,measuring
62057,miltonic
62058,nepaul
62059,ormiston
62060,presson
62061,rappelkopf
62062,reize
62063,roach
62064,rogron
62065,rommany
62066,sebastiano
62067,tranto
62068,trixton
62069,tuomas
62070,ulloa
62071,verby
62072,vignon
62073,asseveration
62074,autrichienne
62075,begrip
62076,beugte
62077,boyishness
62078,clews
62079,clou
62080,copier
62081,desirer
62082,eigendom
62083,endeavours
62084,equalizing
62085,evang
62086,feral
62087,foreordained
62088,geraden
62089,glich
62090,graphite
62091,humpbacked
62092,inconsistently
62093,koningin
62094,kroner
62095,llevando
62096,maladresse
62097,melancholia
62098,microphone
62099,nominatives
62100,ontmoeten
62101,reawakened
62102,retook
62103,savannahs
62104,secresy
62105,sermone
62106,shuttles
62107,sifflement
62108,solltest
62109,spekulativen
62110,superciliously
62111,taitaa
62112,talento
62113,tein
62114,throe
62115,tratar
62116,trespasser
62117,trouwe
62118,untranslatable
62119,wellicht
62120,wholes
62121,zijns
62122,andaman
62123,balzajette
62124,belagerung
62125,elohim
62126,eurie
62127,feria
62128,freundlichkeit
62129,frieder
62130,gatling
62131,giaour
62132,gordons
62133,jeems
62134,junipero
62135,leichhardt
62136,luciano
62137,midlands
62138,paavo
62139,phocion
62140,pleyel
62141,programm
62142,pythagoreans
62143,sangreal
62144,sauti
62145,schroeder
62146,strecke
62147,vernet
62148,abaout
62149,acrobats
62150,aiguilles
62151,ameliorating
62152,asseverations
62153,attendrissement
62154,befooled
62155,blickten
62156,carriole
62157,contrees
62158,deevil
62159,demeuraient
62160,distribuer
62161,dominos
62162,doode
62163,exempts
62164,fellowmen
62165,fratricide
62166,freethinker
62167,genders
62168,guerillas
62169,harvoin
62170,hies
62171,lebendigen
62172,lesions
62173,lijken
62174,loa
62175,loaden
62176,meekest
62177,ns
62178,oacute
62179,options
62180,paladins
62181,patriotically
62182,pequeno
62183,piena
62184,plurals
62185,politica
62186,possessory
62187,radii
62188,reconduire
62189,sabers
62190,sexless
62191,spatter
62192,subjectively
62193,svo
62194,tapasi
62195,unfastening
62196,unica
62197,vastannut
62198,vinger
62199,avdotya
62200,biscayan
62201,buchez
62202,callandar
62203,cirencester
62204,croly
62205,hadad
62206,ilands
62207,keyes
62208,langhetti
62209,martinmas
62210,miot
62211,munchausen
62212,nikky
62213,paolina
62214,pyrenean
62215,samoans
62216,sande
62217,segel
62218,sidmouth
62219,sleeman
62220,sneloghe
62221,sofya
62222,summen
62223,tetzel
62224,texar
62225,theophan
62226,zebulun
62227,abates
62228,aether
62229,alsbald
62230,alterum
62231,bespeaking
62232,boning
62233,bottines
62234,capping
62235,couered
62236,deviens
62237,enlightens
62238,entusiasmo
62239,flounders
62240,gazer
62241,gevestigd
62242,girder
62243,harmonics
62244,healthily
62245,hoarseness
62246,hornpipe
62247,idealised
62248,impersonated
62249,infects
62250,irreparably
62251,justest
62252,ledig
62253,merrie
62254,minuter
62255,naderen
62256,notar
62257,obeir
62258,partij
62259,pendaient
62260,pensaient
62261,personnels
62262,posturing
62263,proscrits
62264,puesta
62265,ressentir
62266,retaliatory
62267,saie
62268,sandbanks
62269,shingled
62270,superintends
62271,synthetischen
62272,tantalising
62273,tornadoes
62274,verklaarde
62275,vesicles
62276,vimes
62277,wunderliche
62278,zonderlinge
62279,attilio
62280,aufheben
62281,canongate
62282,carrasco
62283,chihuahua
62284,culling
62285,dromore
62286,firando
62287,genua
62288,giraldus
62289,goldwin
62290,ingrid
62291,kanal
62292,lapp
62293,limon
62294,livermore
62295,luscinda
62296,marchdale
62297,mythologie
62298,omnipage
62299,prozess
62300,rahab
62301,suomi
62302,talfourd
62303,trebizond
62304,vandet
62305,vejen
62306,viktor
62307,vogotzine
62308,westwood
62309,aine
62310,animistic
62311,auctions
62312,ausgeschlossen
62313,baten
62314,carefree
62315,cavils
62316,conseillers
62317,dedicatory
62318,ducklings
62319,embryology
62320,fjord
62321,grewsome
62322,huckster
62323,leiser
62324,leves
62325,limpio
62326,manioc
62327,mournfulness
62328,muuttunut
62329,operandi
62330,phare
62331,plumbers
62332,prodige
62333,quinto
62334,quittance
62335,raisonne
62336,rappel
62337,ratiocination
62338,receipted
62339,recto
62340,saillie
62341,scripta
62342,sinulta
62343,soledad
62344,stonily
62345,tutelar
62346,valiente
62347,verdween
62348,womenfolk
62349,workmanlike
62350,apemantus
62351,aagot
62352,anmerkung
62353,babbalanja
62354,beaujeu
62355,bediente
62356,boncassen
62357,borgias
62358,brundusium
62359,chelmsford
62360,comm
62361,dimsdale
62362,embracing
62363,erhebung
62364,forney
62365,framheim
62366,ginn
62367,gizur
62368,godefroy
62369,goldberger
62370,groschen
62371,guesclin
62372,ivanoff
62373,jansenists
62374,kalb
62375,kempis
62376,landseer
62377,leofric
62378,longdon
62379,marrineal
62380,nadja
62381,outram
62382,pelz
62383,polonaise
62384,rochefoucault
62385,rowsley
62386,rugge
62387,semyon
62388,sneyd
62389,thacher
62390,vidame
62391,acquitting
62392,almsgiving
62393,ankara
62394,asteroid
62395,bankrupts
62396,blinden
62397,brusqueness
62398,cornea
62399,culvert
62400,decemvirs
62401,deckt
62402,dicker
62403,disintegrate
62404,diversos
62405,electrolytic
62406,faile
62407,gaols
62408,grossem
62409,gunwales
62410,kolmas
62411,lehrte
62412,leuchtete
62413,llegamos
62414,mauvais
62415,meler
62416,millionnaire
62417,observatories
62418,offraient
62419,pacto
62420,pahan
62421,parsed
62422,parvient
62423,pensionary
62424,precipite
62425,preemption
62426,rayless
62427,roundish
62428,sanctities
62429,sautait
62430,sensiblement
62431,separatist
62432,shoeless
62433,stuerzte
62434,symptomatic
62435,unregulated
62436,vakuutti
62437,wobbly
62438,wonach
62439,zeichnen
62440,zierlich
62441,babilonia
62442,bascombe
62443,boum
62444,calif
62445,captaines
62446,cimabue
62447,flavian
62448,gliedern
62449,goll
62450,grundsaetze
62451,langmore
62452,liebchen
62453,mantoue
62454,marianna
62455,menon
62456,merrimack
62457,montalembert
62458,oneidas
62459,oriente
62460,pharamond
62461,sarmiento
62462,schale
62463,sepoy
62464,streifen
62465,tavannes
62466,tobe
62467,waddy
62468,westlake
62469,zelle
62470,abbiamo
62471,adze
62472,aenda
62473,assurement
62474,astua
62475,batiments
62476,begrudged
62477,biologists
62478,bludgeons
62479,careered
62480,carousal
62481,circumspectly
62482,compania
62483,congeniality
62484,continuelles
62485,crawfish
62486,deid
62487,detruit
62488,diligences
62489,ellende
62490,enseignement
62491,entspringt
62492,estrellas
62493,exigence
62494,ferrous
62495,florets
62496,fulminate
62497,gewaltsam
62498,griffins
62499,herinnerde
62500,infatigable
62501,italicized
62502,jovially
62503,kiddies
62504,kroon
62505,leidet
62506,letra
62507,lumpish
62508,martyrdoms
62509,minit
62510,mouiller
62511,pinafores
62512,poulets
62513,prawns
62514,quibusdam
62515,ragamuffins
62516,rallier
62517,relevancy
62518,sellaisia
62519,shrive
62520,silkworms
62521,soughing
62522,splint
62523,strollers
62524,supplia
62525,tweeden
62526,unpitying
62527,vornehme
62528,wandeling
62529,woeste
62530,yond
62531,zufaellig
62532,astolphe
62533,autolycus
62534,antwerpen
62535,applehead
62536,bluntschli
62537,brixton
62538,chardon
62539,charterhouse
62540,chrystie
62541,daganoweda
62542,doreen
62543,dousterswivel
62544,essper
62545,faenza
62546,gilfoyle
62547,goodfellow
62548,gordonsville
62549,griegos
62550,itaque
62551,landshut
62552,maupertuis
62553,neewa
62554,netherlander
62555,patna
62556,popham
62557,soehne
62558,strephon
62559,tralee
62560,uriel
62561,westangle
62562,admonishes
62563,aesthetically
62564,alls
62565,ameliorated
62566,andava
62567,anymore
62568,awn
62569,busybody
62570,causeways
62571,centralisation
62572,costumed
62573,craftsmanship
62574,dementia
62575,essaying
62576,ferreting
62577,forearms
62578,genereuse
62579,grommela
62580,haberdasher
62581,heartstrings
62582,hitte
62583,homoj
62584,inanition
62585,instill
62586,irgendeinem
62587,ith
62588,jouet
62589,koski
62590,landslide
62591,lyste
62592,majestueuse
62593,minas
62594,nachdenklich
62595,outflanked
62596,perdaient
62597,pesetas
62598,pirogue
62599,punctures
62600,ruhte
62601,setze
62602,shoveled
62603,siellae
62604,sortira
62605,teintes
62606,tir
62607,trottoirs
62608,unshod
62609,versichern
62610,vraisemblance
62611,wateren
62612,withes
62613,ack
62614,apennine
